id,Gender,Customer Type,Age,Type of Travel,Class,Flight Distance,Inflight wifi service,Departure/Arrival time convenient,Ease of Online booking,Gate location,Food and drink,Online boarding,Seat comfort,Inflight entertainment,On-board service,Leg room service,Baggage handling,Checkin service,Inflight service,Cleanliness,Departure Delay in Minutes,Arrival Delay in Minutes,satisfaction
1,Male,disloyal Customer,46,Business travel,Eco,3506,3,5,3,5,3,4,3,5,5,3,0,3,3,5,44,64.0,neutral or dissatisfied
2,Female,Loyal Customer,42,Personal Travel,Business,3320,2,2,2,2,3,3,2,3,2,4,4,3,4,3,10,15.0,neutral or dissatisfied
3,Female,disloyal Customer,12,Business travel,Business,4573,5,2,3,2,3,3,4,3,1,2,4,3,4,5,15,2.0,neutral or dissatisfied
4,Male,Loyal Customer,16,Business travel,Eco Plus,1860,5,2,3,3,0,2,2,3,3,3,3,3,5,3,3,5.0,satisfied
5,Male,Loyal Customer,53,Personal Travel,Business,3782,1,4,4,2,4,2,5,3,3,3,4,3,3,2,11,13.0,satisfied
6,Female,disloyal Customer,51,Personal Travel,Business,1174,3,2,2,3,4,3,3,4,4,4,4,2,4,2,48,76.0,neutral or dissatisfied
7,Male,Loyal Customer,50,Business travel,Business,4688,4,2,3,2,5,3,4,5,2,3,2,5,4,2,6,8.0,satisfied
8,Female,Loyal Customer,19,Personal Travel,Eco,463,3,2,5,4,3,3,3,0,4,0,2,2,5,4,0,16.0,neutral or dissatisfied
9,Male,Loyal Customer,46,Personal Travel,Eco,3763,5,5,5,3,2,4,5,3,4,2,4,5,4,2,9,6.0,neutral or dissatisfied
10,Male,Loyal Customer,11,Business travel,Business,553,4,3,2,4,4,5,5,5,4,1,4,2,3,2,5,0.0,satisfied
11,Female,Loyal Customer,18,Personal Travel,Eco Plus,4406,3,4,5,0,4,3,3,4,4,5,3,3,3,4,3,0.0,satisfied
12,Female,Loyal Customer,45,Personal Travel,Business,4799,5,2,2,1,4,5,4,4,3,5,1,3,4,1,17,24.0,neutral or dissatisfied
13,Female,Loyal Customer,55,Business travel,Eco,4098,4,4,3,4,2,4,5,1,3,1,4,2,5,2,7,0.0,neutral or dissatisfied
14,Female,Loyal Customer,58,Business travel,Business,3952,3,1,3,2,3,4,4,4,4,2,3,2,3,3,0,0.0,neutral or dissatisfied
15,Female,Loyal Customer,83,Business travel,Business,2416,2,2,3,1,2,4,2,4,3,1,3,3,2,4,2,6.0,neutral or dissatisfied
16,Female,Loyal Customer,73,Business travel,Business,1262,4,2,4,3,3,4,3,3,2,3,0,4,5,3,1,0.0,neutral or dissatisfied
17,Female,Loyal Customer,36,Personal Travel,Eco Plus,4929,2,3,3,3,3,2,2,2,3,2,4,3,2,4,10,11.0,neutral or dissatisfied
18,Male,Loyal Customer,68,Personal Travel,Eco,2669,3,2,4,3,5,4,3,4,3,3,3,5,4,2,4,0.0,satisfied
19,Female,Loyal Customer,14,Business travel,Eco,4091,3,5,3,4,4,3,2,2,3,1,3,4,4,5,1,0.0,neutral or dissatisfied
20,Male,Loyal Customer,73,Business travel,Business,3585,3,4,3,3,1,4,4,2,3,3,2,2,4,4,1,11.0,satisfied
21,Female,Loyal Customer,37,Business travel,Business,3520,3,2,3,3,3,3,1,4,3,1,3,0,2,2,22,31.0,satisfied
22,Male,Loyal Customer,66,Business travel,Business,1795,2,4,1,4,3,4,2,4,3,5,4,1,5,3,9,8.0,neutral or dissatisfied
23,Male,Loyal Customer,82,Personal Travel,Business,2162,4,3,4,3,2,4,2,2,4,5,3,3,3,1,17,17.0,neutral or dissatisfied
24,Female,Loyal Customer,61,Business travel,Business,2227,3,2,3,3,2,2,3,2,4,5,4,1,3,4,7,0.0,neutral or dissatisfied
25,Female,Loyal Customer,78,Business travel,Eco,3032,5,4,2,4,4,5,2,2,1,4,2,3,2,2,15,13.0,neutral or dissatisfied
26,Female,Loyal Customer,7,Business travel,Eco,3605,3,0,3,4,2,4,2,3,2,5,2,3,1,3,15,34.0,neutral or dissatisfied
27,Male,Loyal Customer,20,Business travel,Eco,1034,4,4,3,2,4,3,4,2,1,4,4,3,4,3,24,38.0,neutral or dissatisfied
28,Female,Loyal Customer,55,Personal Travel,Business,1175,4,2,3,3,2,2,4,5,3,2,3,3,2,2,15,17.0,satisfied
29,Female,Loyal Customer,49,Personal Travel,Business,289,4,2,5,3,2,4,0,3,3,3,5,5,3,2,2,0.0,neutral or dissatisfied
30,Male,Loyal Customer,16,Business travel,Eco,2655,4,5,5,2,4,2,3,4,3,3,4,3,3,4,10,,satisfied
31,Male,Loyal Customer,63,Business travel,Business,3360,3,2,0,2,4,4,5,2,4,4,2,3,4,3,18,16.0,neutral or dissatisfied
32,Male,Loyal Customer,11,Business travel,Eco,1089,4,4,4,1,3,4,4,4,3,3,1,2,4,4,19,16.0,neutral or dissatisfied
33,Male,Loyal Customer,84,Business travel,Eco,3573,5,3,4,0,3,2,4,4,3,4,4,3,4,4,0,0.0,neutral or dissatisfied
34,Female,Loyal Customer,19,Business travel,Business,65,3,3,3,3,3,2,4,1,3,3,3,2,4,2,20,35.0,neutral or dissatisfied
35,Female,Loyal Customer,41,Business travel,Business,4339,4,3,4,3,2,3,2,2,3,3,4,5,2,3,6,7.0,neutral or dissatisfied
36,Male,Loyal Customer,71,Personal Travel,Eco,3466,3,3,5,2,1,2,3,3,2,1,3,4,2,3,18,25.0,satisfied
37,Female,disloyal Customer,47,Business travel,Eco,3432,4,5,1,5,4,3,4,3,4,3,3,5,3,3,34,37.0,neutral or dissatisfied
38,Female,Loyal Customer,65,Business travel,Eco,3550,3,4,3,2,5,4,3,4,4,2,3,3,4,5,22,25.0,neutral or dissatisfied
39,Male,Loyal Customer,61,Business travel,Eco,1825,1,2,5,4,4,4,3,3,5,2,3,4,3,3,17,22.0,satisfied
40,Female,Loyal Customer,81,Personal Travel,Eco,4978,3,2,2,3,3,2,3,4,2,2,4,2,1,1,34,31.0,neutral or dissatisfied
41,Male,Loyal Customer,43,Business travel,Business,3745,4,2,3,5,2,4,2,4,1,3,3,3,3,2,10,0.0,satisfied
42,Female,Loyal Customer,83,Business travel,Eco,946,2,4,3,4,4,2,4,3,2,4,4,2,2,3,7,19.0,satisfied
43,Female,Loyal Customer,47,Personal Travel,Eco,4615,4,4,4,1,4,4,2,4,4,3,1,3,3,4,2,0.0,satisfied
44,Male,disloyal Customer,76,Business travel,Business,3710,3,4,4,4,4,2,2,2,4,4,4,3,4,5,8,10.0,satisfied
45,Male,disloyal Customer,64,Personal Travel,Business,1588,3,1,3,5,4,5,4,3,4,5,3,2,0,4,1,15.0,neutral or dissatisfied
46,Female,Loyal Customer,17,Business travel,Eco,4742,4,4,3,1,5,3,4,2,3,3,3,1,5,3,4,6.0,neutral or dissatisfied
47,Male,Loyal Customer,57,Personal Travel,Eco,1279,4,4,1,4,2,4,3,3,4,4,1,4,2,2,1,5.0,neutral or dissatisfied
48,Female,Loyal Customer,75,Personal Travel,Business,3240,3,3,5,4,2,4,1,3,3,2,1,1,4,5,13,17.0,neutral or dissatisfied
49,Female,Loyal Customer,17,Business travel,Eco,3367,4,5,3,3,3,2,3,3,4,2,3,5,4,3,29,38.0,neutral or dissatisfied
50,Female,Loyal Customer,72,Personal Travel,Eco,4817,3,2,3,0,2,4,3,3,5,2,4,2,3,2,18,28.0,neutral or dissatisfied
51,Female,disloyal Customer,15,Business travel,Eco,2871,1,4,4,3,2,3,4,3,2,2,4,4,4,4,0,0.0,satisfied
52,Male,Loyal Customer,74,Personal Travel,Business,4972,3,2,3,2,4,3,3,3,3,3,3,4,2,2,22,32.0,satisfied
53,Male,Loyal Customer,68,Personal Travel,Business,1457,1,4,4,5,2,2,1,4,2,5,2,2,1,4,3,3.0,satisfied
54,Male,disloyal Customer,18,Personal Travel,Business,4018,4,4,4,3,3,5,2,2,2,2,2,4,4,3,11,5.0,satisfied
55,Male,Loyal Customer,63,Personal Travel,Eco,1264,4,5,3,3,1,2,3,4,4,3,1,3,2,3,2,0.0,neutral or dissatisfied
56,Male,Loyal Customer,16,Business travel,Eco,4996,4,4,3,2,3,4,3,2,1,3,3,4,5,0,1,3.0,neutral or dissatisfied
57,Female,disloyal Customer,51,Business travel,Business,3830,4,3,2,3,4,3,2,0,2,2,5,4,4,4,13,9.0,neutral or dissatisfied
58,Male,Loyal Customer,79,Business travel,Eco,3147,4,2,3,3,4,4,2,5,4,3,3,4,2,2,15,15.0,satisfied
59,Female,Loyal Customer,23,Personal Travel,Business,378,1,3,4,2,4,5,4,2,3,4,2,2,4,2,20,20.0,satisfied
60,Female,Loyal Customer,20,Personal Travel,Eco,2510,3,2,2,3,3,3,4,3,4,5,3,3,4,3,7,9.0,satisfied
61,Female,disloyal Customer,39,Business travel,Business,762,1,4,2,2,4,3,4,1,2,4,3,2,5,3,5,11.0,neutral or dissatisfied
62,Female,Loyal Customer,35,Business travel,Eco,4592,3,4,2,0,3,3,3,3,3,3,1,2,3,5,11,20.0,satisfied
63,Male,Loyal Customer,10,Business travel,Eco,1926,5,1,3,4,3,4,3,3,5,3,3,4,3,1,0,9.0,satisfied
64,Female,Loyal Customer,42,Personal Travel,Eco,4163,4,3,5,4,3,3,4,3,2,3,3,4,4,3,9,21.0,neutral or dissatisfied
65,Male,Loyal Customer,27,Personal Travel,Business,4535,4,3,4,3,4,4,3,2,3,3,3,4,3,4,6,4.0,satisfied
66,Male,disloyal Customer,16,Business travel,Business,595,3,2,1,3,2,3,4,3,4,3,5,3,2,3,14,9.0,satisfied
67,Female,Loyal Customer,28,Business travel,Business,3808,2,3,4,3,2,5,4,4,2,3,3,3,4,3,15,15.0,satisfied
68,Male,disloyal Customer,8,Business travel,Eco Plus,1548,3,5,3,4,3,1,4,3,4,2,5,2,5,5,11,8.0,neutral or dissatisfied
69,Male,Loyal Customer,78,Business travel,Business,588,4,4,4,2,2,4,3,3,1,4,2,4,3,3,4,0.0,satisfied
70,Male,Loyal Customer,84,Personal Travel,Eco,1340,3,4,3,4,2,3,3,4,1,3,2,4,2,5,14,12.0,satisfied
71,Female,disloyal Customer,35,Business travel,Eco,2772,1,2,2,1,3,3,1,3,4,2,2,3,3,4,28,33.0,neutral or dissatisfied
72,Male,Loyal Customer,75,Business travel,Business,4283,3,3,3,3,4,4,3,5,2,5,4,4,2,4,12,21.0,satisfied
73,Male,Loyal Customer,42,Business travel,Business,3473,1,2,3,3,4,3,3,3,3,3,2,2,3,3,10,10.0,satisfied
74,Male,disloyal Customer,78,Business travel,Business,1204,4,3,3,4,3,3,2,4,4,1,2,3,3,1,3,11.0,neutral or dissatisfied
75,Female,Loyal Customer,20,Personal Travel,Eco,1515,2,3,2,2,3,4,5,4,4,4,4,4,4,4,7,7.0,satisfied
76,Male,Loyal Customer,29,Business travel,Eco Plus,1555,2,4,2,2,5,5,4,1,2,2,3,2,5,4,2,,satisfied
77,Male,disloyal Customer,64,Business travel,Business,3693,4,4,4,1,2,0,2,4,4,3,4,5,4,4,17,7.0,neutral or dissatisfied
78,Male,Loyal Customer,24,Business travel,Eco Plus,2618,4,4,4,2,3,5,5,2,3,3,2,2,2,3,8,11.0,neutral or dissatisfied
79,Female,Loyal Customer,71,Personal Travel,Business,168,3,2,4,3,2,5,3,2,4,4,2,3,4,2,25,11.0,neutral or dissatisfied
80,Female,Loyal Customer,40,Personal Travel,Business,426,5,2,2,1,2,1,4,3,3,3,5,3,3,5,2,0.0,neutral or dissatisfied
81,Female,Loyal Customer,38,Business travel,Eco,424,4,4,2,3,4,3,3,3,2,4,2,4,3,4,8,0.0,satisfied
82,Male,Loyal Customer,42,Business travel,Eco,4808,2,5,2,4,3,5,3,1,2,1,2,4,3,1,29,28.0,neutral or dissatisfied
83,Male,Loyal Customer,69,Business travel,Business,2548,4,3,4,3,4,4,3,3,1,2,4,5,3,3,10,11.0,satisfied
84,Female,Loyal Customer,7,Business travel,Eco,2480,3,1,2,3,3,5,5,3,3,3,0,3,4,3,1,0.0,neutral or dissatisfied
85,Female,Loyal Customer,65,Business travel,Eco,3817,4,5,4,1,4,4,4,4,4,2,4,3,4,0,3,9.0,satisfied
86,Female,Loyal Customer,67,Personal Travel,Eco,992,3,4,4,3,2,1,3,3,2,3,5,1,2,2,4,4.0,neutral or dissatisfied
87,Male,Loyal Customer,71,Personal Travel,Eco,206,3,3,4,3,4,5,1,5,3,4,4,2,2,5,4,0.0,neutral or dissatisfied
88,Male,Loyal Customer,84,Business travel,Business,1390,1,2,4,3,4,4,4,4,2,2,2,3,4,1,18,18.0,neutral or dissatisfied
89,Female,Loyal Customer,68,Business travel,Business,1082,3,3,4,3,1,5,2,3,5,2,2,3,4,2,15,9.0,satisfied
90,Female,Loyal Customer,48,Business travel,Eco,4000,3,4,1,3,2,2,4,5,2,3,3,3,5,1,1,0.0,satisfied
91,Male,Loyal Customer,43,Business travel,Eco,4101,2,4,4,2,4,2,2,5,3,1,4,4,3,1,3,0.0,satisfied
92,Female,disloyal Customer,37,Business travel,Business,3188,3,2,3,2,5,3,3,3,2,4,5,3,4,1,1,1.0,satisfied
93,Female,Loyal Customer,71,Business travel,Business,4554,3,3,3,4,4,5,2,2,3,3,5,3,4,2,49,47.0,satisfied
94,Male,Loyal Customer,37,Personal Travel,Business,2349,3,2,4,2,3,5,4,4,4,3,3,5,1,5,3,1.0,satisfied
95,Female,disloyal Customer,51,Business travel,Eco,1240,1,5,3,3,2,2,1,2,1,2,3,3,1,4,7,6.0,neutral or dissatisfied
96,Male,Loyal Customer,14,Personal Travel,Business,1691,3,4,2,5,4,3,4,2,4,4,2,4,4,3,41,42.0,neutral or dissatisfied
97,Male,Loyal Customer,31,Business travel,Business,751,2,2,4,4,3,5,4,5,5,3,4,2,4,5,23,22.0,neutral or dissatisfied
98,Female,Loyal Customer,27,Business travel,Business,4508,3,2,3,4,3,3,3,4,3,4,4,3,5,3,23,8.0,satisfied
99,Female,Loyal Customer,40,Business travel,Eco,3040,3,3,2,3,3,4,3,2,2,1,3,2,5,2,16,16.0,neutral or dissatisfied
100,Male,Loyal Customer,46,Personal Travel,Eco,3874,3,2,2,3,4,3,4,5,3,3,3,5,3,3,11,4.0,neutral or dissatisfied
101,Female,Loyal Customer,62,Business travel,Business,1443,3,3,2,2,5,4,3,2,3,3,5,2,3,1,22,30.0,satisfied
102,Male,Loyal Customer,40,Business travel,Business,3604,3,2,2,3,4,2,3,4,5,3,4,3,2,1,8,11.0,satisfied
103,Female,Loyal Customer,18,Personal Travel,Business,1686,4,2,4,4,3,2,3,2,4,5,1,2,4,4,3,10.0,neutral or dissatisfied
104,Male,disloyal Customer,49,Personal Travel,Eco,2257,3,3,2,3,2,3,5,5,4,1,3,2,1,4,9,5.0,satisfied
105,Female,Loyal Customer,11,Personal Travel,Eco,3276,5,3,1,4,4,3,2,3,5,1,3,3,2,2,2,9.0,satisfied
106,Female,Loyal Customer,73,Business travel,Eco,4906,4,5,3,4,5,3,4,3,5,3,3,3,4,4,16,8.0,satisfied
107,Female,Loyal Customer,67,Business travel,Eco,2813,5,4,2,3,4,4,3,1,3,1,5,4,2,4,5,5.0,satisfied
108,Female,disloyal Customer,24,Personal Travel,Business,3564,5,2,3,3,3,5,3,5,3,5,3,2,3,3,1,0.0,neutral or dissatisfied
109,Male,Loyal Customer,27,Business travel,Business,2993,5,1,4,1,2,3,2,3,5,4,2,2,3,2,9,13.0,satisfied
110,Female,Loyal Customer,9,Business travel,Business,2146,2,3,3,5,3,2,1,4,2,4,2,4,2,4,0,,satisfied
111,Male,Loyal Customer,35,Business travel,Business,4666,4,3,5,3,4,3,4,3,3,4,4,5,1,4,27,29.0,neutral or dissatisfied
112,Female,Loyal Customer,9,Business travel,Business,4804,4,4,3,4,3,2,2,3,2,4,2,3,4,5,2,0.0,satisfied
113,Female,Loyal Customer,80,Personal Travel,Eco,1586,5,3,4,3,3,1,4,1,1,2,3,4,3,4,2,0.0,neutral or dissatisfied
114,Male,Loyal Customer,17,Personal Travel,Business,4483,2,1,2,3,2,4,2,3,2,3,4,5,4,1,1,25.0,neutral or dissatisfied
115,Female,Loyal Customer,58,Business travel,Eco,2283,4,2,3,3,5,3,4,3,2,3,2,5,3,2,14,20.0,neutral or dissatisfied
116,Female,disloyal Customer,51,Personal Travel,Business,3712,3,2,2,2,2,3,3,4,3,2,2,3,3,3,10,4.0,satisfied
117,Male,Loyal Customer,25,Business travel,Business,2609,5,3,2,0,2,1,3,5,4,2,1,4,3,4,0,7.0,neutral or dissatisfied
118,Male,Loyal Customer,70,Business travel,Eco,3846,1,2,3,4,3,3,2,4,3,2,2,3,3,4,22,22.0,satisfied
119,Male,Loyal Customer,15,Business travel,Business,4364,2,3,2,4,3,2,4,4,4,3,3,1,3,3,9,30.0,satisfied
120,Male,Loyal Customer,76,Personal Travel,Business,2146,1,2,3,2,4,3,4,3,3,4,3,3,2,1,9,9.0,satisfied
121,Male,Loyal Customer,64,Business travel,Business,3518,3,3,3,3,4,3,3,2,3,2,2,5,5,5,3,1.0,neutral or dissatisfied
122,Female,Loyal Customer,56,Business travel,Eco,2561,5,3,3,4,2,3,4,3,3,3,3,2,4,5,1,1.0,satisfied
123,Female,Loyal Customer,75,Personal Travel,Business,4005,3,5,2,2,2,2,3,2,5,3,4,1,5,2,12,9.0,satisfied
124,Male,Loyal Customer,38,Business travel,Eco Plus,998,3,3,4,3,2,2,2,3,3,1,4,4,5,4,17,12.0,neutral or dissatisfied
125,Female,Loyal Customer,28,Personal Travel,Eco Plus,3658,4,2,5,4,4,3,4,3,4,3,5,1,3,3,1,0.0,neutral or dissatisfied
126,Female,Loyal Customer,19,Business travel,Eco,2997,3,5,5,1,3,4,3,1,2,3,2,1,3,4,29,26.0,satisfied
127,Male,Loyal Customer,79,Business travel,Business,2284,3,3,5,4,3,3,0,5,3,2,3,1,3,5,2,8.0,satisfied
128,Female,Loyal Customer,38,Personal Travel,Eco,1881,3,4,3,3,3,2,3,3,5,2,3,1,3,5,27,25.0,neutral or dissatisfied
129,Female,Loyal Customer,71,Business travel,Business,3523,2,2,3,5,2,2,1,3,4,4,3,4,4,4,20,16.0,neutral or dissatisfied
130,Female,Loyal Customer,32,Business travel,Eco,1769,3,3,4,4,2,2,2,2,2,4,3,3,2,3,0,0.0,neutral or dissatisfied
131,Female,Loyal Customer,81,Business travel,Eco,212,4,2,3,3,2,3,3,3,2,3,1,5,2,3,0,,satisfied
132,Female,Loyal Customer,74,Personal Travel,Business,4743,4,3,1,3,3,2,3,2,5,5,3,4,2,3,0,12.0,satisfied
133,Male,disloyal Customer,31,Personal Travel,Business,2266,4,4,4,5,3,3,2,2,3,4,4,5,3,5,2,0.0,satisfied
134,Female,disloyal Customer,44,Personal Travel,Eco,865,3,2,3,3,2,5,4,3,3,4,5,2,3,3,65,60.0,neutral or dissatisfied
135,Female,Loyal Customer,68,Business travel,Eco,1167,3,2,1,4,3,3,3,3,2,2,5,3,3,4,0,0.0,neutral or dissatisfied
136,Male,Loyal Customer,24,Business travel,Eco,4158,4,3,2,3,4,2,3,4,3,4,3,2,3,4,3,9.0,satisfied
137,Female,Loyal Customer,8,Business travel,Eco,1691,2,2,3,4,2,1,3,3,5,2,4,3,2,2,26,34.0,neutral or dissatisfied
138,Male,Loyal Customer,29,Business travel,Eco,1443,2,1,3,4,3,5,5,3,2,4,4,5,4,4,43,44.0,satisfied
139,Male,Loyal Customer,53,Personal Travel,Eco,2462,3,3,3,3,4,4,1,3,3,0,3,3,2,2,1,0.0,satisfied
140,Male,disloyal Customer,17,Business travel,Eco,191,2,3,5,3,3,4,5,4,4,2,2,3,2,2,15,18.0,neutral or dissatisfied
141,Female,disloyal Customer,33,Business travel,Business,2823,3,3,2,3,1,4,3,2,2,1,3,3,2,4,2,3.0,neutral or dissatisfied
142,Male,Loyal Customer,78,Business travel,Eco,250,4,4,3,1,3,4,2,4,2,3,3,3,3,2,0,2.0,satisfied
143,Male,Loyal Customer,12,Business travel,Eco,4186,2,4,2,3,2,3,3,2,3,1,4,3,4,4,8,0.0,neutral or dissatisfied
144,Male,Loyal Customer,10,Business travel,Business,2174,3,3,4,3,3,2,2,3,3,3,1,4,3,4,0,0.0,satisfied
145,Female,Loyal Customer,40,Business travel,Business,1130,2,2,2,2,3,5,2,2,2,4,3,2,1,5,5,0.0,satisfied
146,Female,disloyal Customer,8,Business travel,Business,2299,2,2,3,1,5,3,4,3,4,2,5,3,4,4,29,38.0,neutral or dissatisfied
147,Male,Loyal Customer,9,Business travel,Business,919,5,4,4,3,3,3,3,4,3,3,4,3,4,2,2,,satisfied
148,Male,disloyal Customer,21,Business travel,Eco,1635,2,3,4,3,1,3,1,4,1,3,2,2,3,4,27,15.0,satisfied
149,Female,Loyal Customer,14,Personal Travel,Business,697,2,2,5,3,3,3,4,4,4,3,2,3,3,4,26,20.0,satisfied
150,Male,Loyal Customer,70,Business travel,Eco,3360,3,2,1,2,5,4,4,3,3,4,3,4,5,4,14,8.0,neutral or dissatisfied
151,Female,Loyal Customer,16,Business travel,Business,4881,3,4,4,3,3,4,2,4,4,2,4,2,2,4,15,,neutral or dissatisfied
152,Male,Loyal Customer,47,Business travel,Eco,2452,4,3,3,3,3,3,3,2,5,4,4,5,4,2,7,7.0,satisfied
153,Female,Loyal Customer,62,Business travel,Eco,538,5,4,3,4,3,3,4,3,3,3,3,5,5,4,0,12.0,neutral or dissatisfied
154,Male,Loyal Customer,55,Personal Travel,Eco,416,2,4,3,2,4,4,1,3,2,1,4,3,3,2,19,17.0,neutral or dissatisfied
155,Male,Loyal Customer,58,Business travel,Eco,4169,2,3,4,4,3,2,4,4,5,3,3,4,2,3,9,,neutral or dissatisfied
156,Female,disloyal Customer,34,Personal Travel,Business,1772,5,4,4,5,1,5,2,3,2,3,4,4,5,2,19,14.0,neutral or dissatisfied
157,Male,Loyal Customer,76,Personal Travel,Eco,1515,4,3,4,3,2,3,4,4,5,2,4,4,4,1,2,0.0,neutral or dissatisfied
158,Female,Loyal Customer,12,Business travel,Eco,554,4,3,3,3,3,5,2,3,3,5,3,3,4,3,0,8.0,neutral or dissatisfied
159,Female,Loyal Customer,15,Business travel,Business,3335,2,1,5,4,4,2,4,4,3,4,2,5,3,3,21,36.0,neutral or dissatisfied
160,Female,Loyal Customer,73,Business travel,Eco Plus,361,4,2,3,2,2,4,3,2,5,2,4,2,4,5,3,6.0,neutral or dissatisfied
161,Female,Loyal Customer,12,Business travel,Business,4525,4,2,1,2,3,2,3,3,4,4,3,3,2,5,7,2.0,satisfied
162,Female,Loyal Customer,21,Business travel,Eco,1081,3,3,3,3,3,3,2,3,5,4,1,3,4,3,10,12.0,satisfied
163,Male,Loyal Customer,20,Business travel,Business,391,2,3,3,5,2,4,4,4,3,3,5,4,3,4,25,12.0,satisfied
164,Male,Loyal Customer,9,Business travel,Eco,3517,3,3,4,2,3,3,2,2,3,2,3,5,1,3,22,21.0,neutral or dissatisfied
165,Male,disloyal Customer,16,Business travel,Business,1803,5,3,2,5,4,5,4,2,0,2,3,3,2,3,1,0.0,satisfied
166,Female,Loyal Customer,51,Business travel,Business,3495,2,2,4,3,2,4,3,1,4,4,3,4,4,3,22,25.0,satisfied
167,Male,disloyal Customer,58,Business travel,Business,246,2,4,1,3,3,2,2,4,4,4,4,3,3,3,0,0.0,satisfied
168,Male,Loyal Customer,13,Personal Travel,Eco Plus,4313,2,5,4,4,2,4,3,4,3,3,2,3,4,3,2,8.0,neutral or dissatisfied
169,Male,Loyal Customer,80,Business travel,Business,1583,3,3,3,5,2,3,3,1,4,4,3,4,3,4,11,16.0,satisfied
170,Male,Loyal Customer,14,Business travel,Eco,3794,3,2,3,3,2,4,2,3,3,5,4,3,3,2,12,8.0,neutral or dissatisfied
171,Male,Loyal Customer,60,Personal Travel,Eco,4681,4,2,5,4,5,3,3,3,2,5,4,4,4,3,5,13.0,neutral or dissatisfied
172,Male,Loyal Customer,69,Personal Travel,Eco,2700,4,3,4,2,1,4,4,5,4,5,1,3,5,4,16,7.0,satisfied
173,Female,Loyal Customer,47,Business travel,Business,1703,3,2,2,2,2,3,4,3,3,3,4,2,3,3,33,54.0,satisfied
174,Female,Loyal Customer,45,Business travel,Eco,1597,3,1,3,2,3,3,4,4,4,2,3,3,4,3,2,0.0,neutral or dissatisfied
175,Female,Loyal Customer,15,Business travel,Eco Plus,3447,4,1,5,2,4,4,5,3,3,3,2,3,4,4,19,24.0,neutral or dissatisfied
176,Male,Loyal Customer,25,Personal Travel,Business,78,1,4,5,4,5,1,3,2,3,3,1,4,3,2,9,18.0,neutral or dissatisfied
177,Female,Loyal Customer,73,Business travel,Business,777,4,4,4,3,3,3,4,4,3,2,5,5,2,4,37,38.0,satisfied
178,Male,disloyal Customer,34,Business travel,Eco,3253,2,5,1,5,4,2,3,4,2,3,3,3,5,3,29,21.0,satisfied
179,Female,Loyal Customer,9,Business travel,Business,177,3,3,4,5,3,2,5,2,3,2,3,5,3,4,12,6.0,satisfied
180,Female,disloyal Customer,63,Business travel,Business,1484,3,2,2,3,3,2,2,4,4,4,2,4,3,3,0,0.0,neutral or dissatisfied
181,Female,Loyal Customer,60,Business travel,Business,3256,3,3,4,2,3,3,5,2,2,5,2,2,2,2,40,40.0,satisfied
182,Male,disloyal Customer,12,Personal Travel,Eco,1287,4,1,2,4,1,3,5,1,2,5,4,3,3,2,9,,satisfied
183,Male,disloyal Customer,10,Business travel,Eco Plus,4657,3,1,4,4,3,4,2,3,4,3,2,4,2,5,7,10.0,neutral or dissatisfied
184,Female,Loyal Customer,16,Business travel,Eco,4875,3,3,2,3,3,4,4,4,3,3,5,4,3,3,3,3.0,satisfied
185,Male,Loyal Customer,10,Business travel,Eco,216,5,4,3,4,2,3,4,2,4,3,5,2,3,3,20,9.0,satisfied
186,Male,Loyal Customer,55,Personal Travel,Business,912,4,5,4,4,4,5,3,1,3,4,2,3,3,3,2,15.0,neutral or dissatisfied
187,Male,Loyal Customer,17,Business travel,Business,4541,3,3,2,2,1,3,3,3,3,4,3,3,4,3,0,0.0,neutral or dissatisfied
188,Male,Loyal Customer,54,Business travel,Business,210,4,2,5,2,3,1,3,3,1,3,0,3,3,3,15,12.0,neutral or dissatisfied
189,Male,Loyal Customer,20,Business travel,Business,2458,2,3,2,3,4,3,4,5,2,4,1,3,3,4,34,35.0,neutral or dissatisfied
190,Male,disloyal Customer,82,Personal Travel,Business,4749,5,3,2,3,3,3,5,3,2,3,4,5,3,3,22,9.0,neutral or dissatisfied
191,Female,Loyal Customer,63,Business travel,Eco,2963,2,2,4,3,2,0,4,4,4,2,5,3,2,3,2,2.0,satisfied
192,Female,Loyal Customer,36,Personal Travel,Business,1564,3,3,4,3,1,5,2,3,3,3,2,1,3,4,13,12.0,neutral or dissatisfied
193,Female,Loyal Customer,40,Business travel,Business,81,3,2,3,1,3,3,4,5,2,5,3,1,3,4,23,22.0,satisfied
194,Male,Loyal Customer,12,Personal Travel,Business,1997,3,3,2,1,4,2,1,2,0,4,1,4,4,5,21,30.0,neutral or dissatisfied
195,Female,Loyal Customer,11,Personal Travel,Business,2732,3,4,2,4,3,2,3,3,4,2,2,2,5,4,13,3.0,satisfied
196,Male,Loyal Customer,48,Business travel,Business,450,2,5,2,2,2,4,3,1,4,4,5,3,2,3,15,15.0,neutral or dissatisfied
197,Male,Loyal Customer,8,Business travel,Business,2664,4,3,3,3,1,4,4,4,4,4,4,2,3,3,34,30.0,satisfied
198,Male,Loyal Customer,56,Business travel,Business,2050,2,4,3,2,3,2,5,4,2,3,1,3,3,3,4,3.0,satisfied
199,Male,Loyal Customer,36,Business travel,Eco,1662,4,3,3,2,2,2,3,4,4,2,4,3,3,4,7,13.0,neutral or dissatisfied
200,Female,Loyal Customer,17,Business travel,Eco,4862,4,3,3,2,2,3,3,3,4,2,5,2,3,3,1,0.0,satisfied
201,Male,Loyal Customer,48,Business travel,Eco,4473,3,4,4,4,5,4,2,2,4,1,3,4,4,3,49,47.0,neutral or dissatisfied
202,Female,disloyal Customer,50,Personal Travel,Eco,3485,4,1,3,3,1,4,4,3,3,2,2,4,1,4,2,0.0,satisfied
203,Male,disloyal Customer,65,Business travel,Eco,2974,3,3,2,4,1,3,3,2,3,3,4,4,2,4,42,48.0,satisfied
204,Female,Loyal Customer,22,Business travel,Eco,2395,2,4,3,4,3,3,3,4,5,4,4,5,4,3,13,1.0,neutral or dissatisfied
205,Male,Loyal Customer,49,Business travel,Eco,398,2,3,3,3,3,3,4,3,5,4,4,2,4,4,13,10.0,satisfied
206,Male,Loyal Customer,72,Business travel,Eco,1571,4,3,3,4,2,4,4,3,3,3,3,3,5,3,1,0.0,satisfied
207,Female,Loyal Customer,28,Business travel,Business,101,4,3,2,3,3,5,2,5,3,1,3,3,4,3,40,22.0,neutral or dissatisfied
208,Female,Loyal Customer,72,Business travel,Business,1861,3,3,4,5,3,5,2,4,1,3,1,4,4,4,6,7.0,satisfied
209,Male,Loyal Customer,63,Business travel,Business,2394,3,4,2,4,2,5,3,4,5,1,2,2,1,4,0,0.0,satisfied
210,Female,Loyal Customer,40,Personal Travel,Business,3075,3,4,3,4,2,5,2,3,4,4,4,4,3,4,12,16.0,neutral or dissatisfied
211,Male,disloyal Customer,75,Business travel,Eco,1807,3,3,4,2,3,4,2,2,4,4,3,1,4,2,6,10.0,satisfied
212,Female,Loyal Customer,82,Personal Travel,Business,1309,1,4,2,3,3,3,2,4,3,3,3,4,3,4,1,5.0,satisfied
213,Female,disloyal Customer,25,Business travel,Eco,3564,3,3,4,1,4,5,4,5,3,4,3,4,3,3,3,7.0,neutral or dissatisfied
214,Male,Loyal Customer,83,Business travel,Eco,802,4,4,1,5,2,2,4,2,5,4,3,2,5,4,5,8.0,neutral or dissatisfied
215,Female,disloyal Customer,7,Business travel,Eco,670,3,2,1,2,3,5,5,3,4,3,3,3,5,5,0,7.0,satisfied
216,Male,Loyal Customer,17,Business travel,Business,3496,5,5,1,2,4,2,2,2,5,3,4,4,3,3,2,4.0,neutral or dissatisfied
217,Male,Loyal Customer,10,Personal Travel,Business,2950,2,3,3,1,3,4,5,4,4,2,4,5,3,3,1,2.0,neutral or dissatisfied
218,Male,disloyal Customer,35,Business travel,Business,4353,2,0,4,3,3,5,4,4,2,3,3,1,4,3,33,32.0,satisfied
219,Male,disloyal Customer,80,Business travel,Eco Plus,3707,3,5,4,3,3,4,3,3,3,2,3,3,3,3,23,25.0,satisfied
220,Female,Loyal Customer,53,Personal Travel,Eco,4512,3,3,4,5,2,1,3,3,2,2,3,4,4,2,2,6.0,satisfied
221,Male,Loyal Customer,55,Business travel,Eco,3338,1,3,4,4,2,2,3,1,4,2,2,3,3,2,22,25.0,neutral or dissatisfied
222,Male,Loyal Customer,13,Personal Travel,Eco,4215,4,2,2,2,3,4,3,2,4,1,4,5,4,1,16,15.0,neutral or dissatisfied
223,Female,Loyal Customer,47,Business travel,Eco,887,3,3,2,1,3,4,4,5,5,4,3,2,3,2,0,16.0,satisfied
224,Male,Loyal Customer,36,Personal Travel,Eco,2676,1,2,4,0,2,3,3,4,3,3,3,3,3,3,0,12.0,neutral or dissatisfied
225,Female,disloyal Customer,44,Business travel,Business,4725,3,2,5,2,3,3,4,4,4,4,3,2,4,3,1,0.0,satisfied
226,Male,Loyal Customer,27,Business travel,Business,3954,2,2,2,2,3,2,5,3,5,4,4,3,3,3,7,7.0,neutral or dissatisfied
227,Female,Loyal Customer,22,Personal Travel,Business,2045,3,3,4,3,5,5,5,3,5,4,3,3,4,4,13,25.0,satisfied
228,Female,Loyal Customer,81,Business travel,Eco,4635,2,2,1,3,4,3,2,3,2,4,3,4,2,3,41,34.0,neutral or dissatisfied
229,Female,Loyal Customer,50,Personal Travel,Eco,1596,3,4,3,3,4,4,3,4,4,3,5,3,3,4,12,3.0,satisfied
230,Male,Loyal Customer,39,Business travel,Eco,165,5,3,3,2,4,5,4,5,2,4,3,3,2,4,54,75.0,neutral or dissatisfied
231,Male,Loyal Customer,12,Business travel,Eco,3993,3,3,3,3,2,2,2,2,3,2,3,3,5,5,3,0.0,neutral or dissatisfied
232,Female,Loyal Customer,66,Business travel,Eco,2089,1,4,3,1,5,3,2,3,2,3,5,2,4,4,13,0.0,satisfied
233,Male,Loyal Customer,43,Personal Travel,Business,219,3,3,2,3,3,4,3,2,3,3,2,4,3,2,11,5.0,neutral or dissatisfied
234,Female,disloyal Customer,37,Business travel,Business,1060,3,2,3,4,3,3,3,1,2,5,5,4,3,4,5,2.0,neutral or dissatisfied
235,Male,Loyal Customer,59,Personal Travel,Eco,406,2,5,3,3,2,4,3,4,2,2,1,4,5,4,0,6.0,satisfied
236,Female,disloyal Customer,17,Business travel,Eco,4984,3,4,4,3,3,2,3,5,2,4,3,2,4,5,9,9.0,neutral or dissatisfied
237,Female,Loyal Customer,48,Personal Travel,Eco,4246,4,5,5,1,1,3,5,4,4,2,1,5,2,3,4,0.0,neutral or dissatisfied
238,Male,Loyal Customer,74,Business travel,Business,4651,2,4,3,1,3,3,3,3,3,3,2,1,4,4,31,8.0,satisfied
239,Male,Loyal Customer,43,Business travel,Eco Plus,950,1,2,2,3,2,5,4,5,1,3,4,4,3,3,28,31.0,satisfied
240,Female,Loyal Customer,7,Business travel,Eco,4020,1,0,2,4,3,2,4,4,5,2,4,3,3,3,11,11.0,satisfied
241,Male,Loyal Customer,24,Business travel,Eco,2840,2,2,5,3,1,4,1,4,3,2,3,4,1,4,14,23.0,neutral or dissatisfied
242,Female,Loyal Customer,11,Personal Travel,Business,1514,3,4,5,5,4,5,5,3,2,4,5,3,4,3,13,8.0,neutral or dissatisfied
243,Male,Loyal Customer,46,Personal Travel,Eco,3360,2,3,4,1,4,2,4,4,4,3,4,3,2,4,13,11.0,neutral or dissatisfied
244,Female,Loyal Customer,35,Business travel,Eco,4762,2,3,3,2,5,3,3,3,3,2,3,4,3,2,23,19.0,neutral or dissatisfied
245,Female,Loyal Customer,17,Personal Travel,Eco,2329,4,0,4,3,5,2,4,4,2,4,1,3,2,4,19,15.0,satisfied
246,Male,Loyal Customer,60,Business travel,Eco,194,4,3,4,4,3,1,3,2,4,3,4,3,3,2,10,13.0,neutral or dissatisfied
247,Female,Loyal Customer,20,Business travel,Eco,4220,3,2,2,2,4,2,4,4,2,3,3,3,3,4,20,17.0,neutral or dissatisfied
248,Male,Loyal Customer,33,Business travel,Eco,980,4,2,3,2,3,3,1,2,3,4,4,5,2,0,5,0.0,satisfied
249,Female,Loyal Customer,84,Business travel,Eco,953,2,4,2,4,3,3,4,4,5,5,4,1,3,1,7,17.0,neutral or dissatisfied
250,Male,Loyal Customer,12,Business travel,Business,3103,2,2,3,3,3,3,3,5,3,0,3,4,3,3,4,5.0,neutral or dissatisfied
251,Male,Loyal Customer,26,Business travel,Business,4004,2,2,5,3,4,3,3,4,4,3,5,4,5,3,7,12.0,satisfied
252,Male,Loyal Customer,31,Business travel,Business,3975,2,3,4,4,5,2,2,4,3,1,3,3,2,3,29,39.0,neutral or dissatisfied
253,Male,Loyal Customer,46,Personal Travel,Eco,4346,1,4,3,3,4,4,3,4,3,5,4,2,4,4,1,0.0,satisfied
254,Male,Loyal Customer,26,Personal Travel,Business,4423,2,3,0,3,3,5,3,1,2,3,4,4,2,4,0,0.0,neutral or dissatisfied
255,Female,disloyal Customer,82,Business travel,Business,685,4,5,2,3,4,5,2,3,2,4,4,2,3,5,15,7.0,satisfied
256,Male,Loyal Customer,7,Business travel,Eco,1537,4,2,3,2,4,3,4,4,3,2,5,5,4,3,0,6.0,satisfied
257,Female,disloyal Customer,80,Personal Travel,Eco,3614,4,1,3,2,3,4,5,1,2,3,2,2,4,4,8,0.0,satisfied
258,Male,Loyal Customer,48,Business travel,Business,1984,3,1,3,2,4,2,2,3,4,4,2,5,3,2,8,9.0,satisfied
259,Male,Loyal Customer,9,Personal Travel,Business,3594,5,1,3,3,3,3,4,3,4,4,3,2,5,3,7,11.0,satisfied
260,Female,Loyal Customer,16,Business travel,Eco,2301,2,3,2,1,2,4,3,2,1,5,5,2,3,2,0,0.0,neutral or dissatisfied
261,Female,Loyal Customer,15,Business travel,Business,2284,2,2,3,4,4,3,3,2,5,2,5,3,4,3,2,11.0,satisfied
262,Male,disloyal Customer,29,Business travel,Business,183,4,1,3,3,4,2,3,5,4,3,3,2,3,3,3,0.0,neutral or dissatisfied
263,Male,Loyal Customer,32,Personal Travel,Business,3061,3,3,2,2,3,4,3,0,4,4,3,3,2,4,5,0.0,neutral or dissatisfied
264,Female,Loyal Customer,57,Personal Travel,Business,4326,2,4,5,5,3,2,3,3,3,4,3,5,2,4,1,1.0,satisfied
265,Female,Loyal Customer,31,Business travel,Eco,4102,4,4,2,3,4,3,2,4,2,3,4,2,2,5,21,26.0,neutral or dissatisfied
266,Female,Loyal Customer,63,Personal Travel,Business,1722,3,4,1,2,3,4,4,3,2,2,4,3,4,5,1,0.0,satisfied
267,Male,Loyal Customer,29,Personal Travel,Eco,3399,2,2,5,5,3,4,3,5,5,2,4,5,5,3,1,6.0,satisfied
268,Male,Loyal Customer,27,Business travel,Business,1036,2,3,2,4,2,3,4,3,1,3,5,3,4,3,25,31.0,neutral or dissatisfied
269,Female,Loyal Customer,28,Personal Travel,Business,3186,3,4,4,2,3,2,5,2,2,1,5,4,3,2,0,0.0,neutral or dissatisfied
270,Female,disloyal Customer,32,Business travel,Business,2075,3,2,2,3,5,2,1,3,3,2,3,4,3,3,4,5.0,neutral or dissatisfied
271,Male,Loyal Customer,72,Business travel,Eco,4637,5,3,4,2,3,4,4,3,2,3,3,4,3,2,13,22.0,neutral or dissatisfied
272,Male,Loyal Customer,26,Business travel,Business,3567,3,2,3,1,3,4,3,3,4,2,3,3,2,2,25,37.0,satisfied
273,Male,Loyal Customer,28,Personal Travel,Business,412,3,2,4,3,3,3,4,3,4,3,3,4,4,3,0,0.0,neutral or dissatisfied
274,Female,disloyal Customer,81,Personal Travel,Business,4361,5,3,3,4,3,3,2,2,4,3,4,5,4,4,0,0.0,satisfied
275,Male,disloyal Customer,57,Business travel,Eco,3634,4,5,2,4,2,3,4,2,3,2,4,3,2,4,5,4.0,neutral or dissatisfied
276,Male,Loyal Customer,21,Business travel,Business,1116,3,4,3,3,3,3,2,2,4,2,5,4,5,4,10,2.0,satisfied
277,Male,Loyal Customer,74,Business travel,Eco Plus,1448,1,4,3,4,2,2,4,4,5,4,2,2,2,4,2,12.0,neutral or dissatisfied
278,Female,Loyal Customer,21,Personal Travel,Eco,904,2,3,1,2,4,3,4,2,2,3,4,4,3,3,7,10.0,neutral or dissatisfied
279,Male,disloyal Customer,19,Personal Travel,Eco,1585,2,3,2,5,3,2,3,2,4,3,2,1,4,4,9,9.0,neutral or dissatisfied
280,Male,Loyal Customer,41,Business travel,Eco,4721,3,1,5,2,3,2,2,2,4,3,4,3,4,2,14,22.0,neutral or dissatisfied
281,Male,Loyal Customer,60,Business travel,Business,4516,2,2,1,2,3,3,3,3,3,2,5,4,3,4,27,33.0,satisfied
282,Male,Loyal Customer,21,Business travel,Eco Plus,2776,5,2,3,2,3,4,4,4,3,2,3,3,3,2,13,20.0,satisfied
283,Female,Loyal Customer,65,Business travel,Eco Plus,1842,1,4,3,2,5,4,5,4,4,0,5,1,2,1,9,13.0,satisfied
284,Male,Loyal Customer,19,Business travel,Business,1860,2,4,5,3,2,2,5,3,2,2,2,2,3,4,5,16.0,neutral or dissatisfied
285,Male,Loyal Customer,67,Business travel,Eco,4786,3,4,2,3,3,1,4,4,1,2,3,2,4,3,23,13.0,satisfied
286,Female,Loyal Customer,14,Business travel,Business,1036,4,4,3,3,1,3,3,3,4,4,3,5,1,4,16,20.0,neutral or dissatisfied
287,Male,disloyal Customer,43,Business travel,Eco,3799,0,3,4,2,4,1,4,4,2,2,3,4,4,4,22,34.0,neutral or dissatisfied
288,Female,Loyal Customer,56,Personal Travel,Eco,4976,1,2,3,3,3,4,5,4,2,4,3,4,3,2,4,2.0,neutral or dissatisfied
289,Female,Loyal Customer,27,Business travel,Eco Plus,4283,3,3,2,2,1,2,4,2,3,3,4,2,3,5,6,2.0,neutral or dissatisfied
290,Male,Loyal Customer,54,Business travel,Business,3609,4,2,3,4,2,5,3,2,4,3,0,3,2,1,8,6.0,satisfied
291,Female,disloyal Customer,60,Personal Travel,Eco,4504,5,4,3,4,4,2,3,5,3,3,2,5,3,4,5,5.0,neutral or dissatisfied
292,Male,Loyal Customer,57,Personal Travel,Eco,1128,3,3,3,3,1,4,3,3,2,4,5,4,5,5,11,19.0,neutral or dissatisfied
293,Female,Loyal Customer,37,Business travel,Business,4919,3,3,4,2,3,2,4,4,4,4,2,2,3,2,8,8.0,neutral or dissatisfied
294,Male,Loyal Customer,67,Business travel,Eco,501,2,4,3,3,3,3,2,2,3,2,3,4,3,5,6,15.0,satisfied
295,Female,Loyal Customer,64,Business travel,Eco,118,4,2,4,2,3,3,3,3,2,5,4,2,2,3,4,7.0,satisfied
296,Female,Loyal Customer,32,Business travel,Eco,1036,5,4,3,3,2,4,3,2,4,2,3,2,5,4,2,9.0,satisfied
297,Female,Loyal Customer,64,Business travel,Eco Plus,3064,4,2,4,3,2,4,3,4,3,3,2,1,4,4,19,19.0,satisfied
298,Male,Loyal Customer,78,Business travel,Business,1276,3,3,4,5,2,4,4,3,3,2,4,3,3,4,22,21.0,satisfied
299,Male,Loyal Customer,70,Business travel,Business,3185,2,3,3,2,4,4,4,3,4,5,4,4,4,2,10,0.0,satisfied
300,Male,Loyal Customer,64,Business travel,Business,599,3,4,4,0,3,3,3,5,3,2,3,2,4,0,0,0.0,neutral or dissatisfied
301,Male,disloyal Customer,66,Personal Travel,Business,3500,5,1,2,2,3,4,4,4,4,4,4,3,3,2,3,0.0,satisfied
302,Female,Loyal Customer,69,Business travel,Business,1186,3,1,1,1,3,3,3,4,2,1,4,2,3,2,11,0.0,satisfied
303,Male,Loyal Customer,29,Business travel,Eco,2641,1,4,5,2,4,4,0,2,5,4,4,2,2,2,8,8.0,neutral or dissatisfied
304,Female,Loyal Customer,63,Business travel,Business,628,3,3,3,2,3,3,2,1,2,3,4,2,3,3,7,12.0,neutral or dissatisfied
305,Female,Loyal Customer,22,Personal Travel,Eco,4852,3,3,3,2,2,4,4,4,1,3,5,4,3,0,8,8.0,neutral or dissatisfied
306,Male,Loyal Customer,34,Business travel,Business,1919,1,2,2,2,2,4,2,1,2,2,3,2,4,2,0,0.0,neutral or dissatisfied
307,Male,Loyal Customer,79,Personal Travel,Business,3043,3,4,2,4,4,4,4,3,3,3,2,3,3,4,6,3.0,neutral or dissatisfied
308,Female,Loyal Customer,29,Business travel,Eco,2456,4,3,2,3,2,2,4,2,2,3,3,2,4,4,5,9.0,neutral or dissatisfied
309,Male,Loyal Customer,72,Business travel,Eco,2996,5,3,4,4,4,1,3,2,2,1,5,3,3,2,0,9.0,satisfied
310,Male,disloyal Customer,39,Personal Travel,Business,2303,2,2,2,3,3,4,3,3,4,2,2,5,2,4,47,51.0,satisfied
311,Female,disloyal Customer,23,Personal Travel,Eco,412,4,4,3,4,2,5,3,2,2,4,1,5,5,0,4,4.0,satisfied
312,Female,Loyal Customer,14,Business travel,Eco,4154,4,2,2,3,3,3,3,2,1,3,4,3,3,3,0,3.0,satisfied
313,Male,Loyal Customer,49,Business travel,Business,3230,4,2,4,5,5,4,4,3,3,2,3,4,4,5,35,49.0,satisfied
314,Male,Loyal Customer,42,Business travel,Eco,1307,2,1,4,4,4,1,1,4,5,3,5,4,2,4,0,0.0,neutral or dissatisfied
315,Male,Loyal Customer,46,Business travel,Eco,465,2,3,2,2,3,3,2,1,2,4,3,4,4,3,1,0.0,satisfied
316,Female,Loyal Customer,10,Business travel,Business,4441,3,4,4,4,5,3,2,3,2,4,5,4,1,0,2,0.0,neutral or dissatisfied
317,Female,Loyal Customer,27,Personal Travel,Eco,1696,3,3,3,3,1,1,0,4,3,3,3,4,5,5,1,0.0,satisfied
318,Female,Loyal Customer,7,Personal Travel,Eco,4545,2,3,3,3,2,2,3,4,5,4,4,4,4,5,2,0.0,satisfied
319,Female,Loyal Customer,30,Business travel,Business,3841,4,3,3,3,2,3,2,3,3,3,4,2,3,4,4,0.0,satisfied
320,Female,disloyal Customer,79,Business travel,Eco,4801,3,3,4,4,5,3,3,3,2,3,5,4,4,5,8,29.0,satisfied
321,Male,Loyal Customer,18,Business travel,Business,3316,1,3,2,1,4,3,3,4,4,4,3,3,2,3,0,0.0,satisfied
322,Male,Loyal Customer,60,Business travel,Business,945,3,3,4,3,1,3,4,4,4,2,3,3,3,4,5,1.0,satisfied
323,Female,Loyal Customer,7,Business travel,Business,225,4,2,5,4,3,2,3,1,4,3,4,2,4,4,15,37.0,neutral or dissatisfied
324,Female,Loyal Customer,50,Personal Travel,Business,1266,3,3,3,3,2,3,1,3,2,1,2,2,4,3,1,5.0,neutral or dissatisfied
325,Female,Loyal Customer,78,Personal Travel,Business,2224,3,1,3,2,3,3,4,3,3,5,2,3,3,2,17,19.0,satisfied
326,Male,disloyal Customer,33,Business travel,Business,3137,5,4,3,0,4,3,5,2,4,5,3,4,4,4,4,8.0,neutral or dissatisfied
327,Male,Loyal Customer,22,Personal Travel,Eco,4484,2,2,4,5,4,3,4,3,4,3,3,5,4,5,8,9.0,neutral or dissatisfied
328,Male,Loyal Customer,51,Business travel,Business,747,3,4,1,3,3,3,4,4,4,4,3,4,4,5,5,1.0,satisfied
329,Male,Loyal Customer,28,Personal Travel,Business,3193,5,0,5,5,3,4,3,2,3,4,2,3,1,4,5,7.0,satisfied
330,Female,Loyal Customer,76,Business travel,Eco,473,1,5,4,4,3,3,3,3,4,3,4,2,3,3,11,15.0,satisfied
331,Female,Loyal Customer,73,Business travel,Business,2433,3,1,2,2,4,1,3,2,4,4,4,4,3,4,18,5.0,neutral or dissatisfied
332,Male,Loyal Customer,57,Business travel,Eco,414,4,2,3,0,5,2,3,2,3,2,4,3,2,1,7,4.0,satisfied
333,Male,disloyal Customer,56,Business travel,Eco,1900,4,3,2,2,2,4,2,4,4,3,4,0,2,3,4,0.0,neutral or dissatisfied
334,Female,Loyal Customer,53,Business travel,Business,3050,4,4,3,3,5,2,3,4,2,1,1,4,5,3,27,20.0,neutral or dissatisfied
335,Male,Loyal Customer,64,Business travel,Business,3707,4,3,3,3,3,3,2,2,5,2,3,3,2,2,1,4.0,satisfied
336,Female,Loyal Customer,42,Business travel,Eco,4033,2,4,3,2,4,5,1,4,4,1,4,1,3,4,0,0.0,satisfied
337,Female,disloyal Customer,82,Personal Travel,Business,2646,5,2,2,3,3,4,2,3,3,1,5,4,2,4,0,0.0,satisfied
338,Male,Loyal Customer,33,Business travel,Eco,1331,2,3,2,3,5,1,5,1,3,2,3,3,4,0,15,0.0,neutral or dissatisfied
339,Male,Loyal Customer,7,Business travel,Eco,4569,2,3,4,4,3,5,3,2,3,3,5,2,4,3,1,0.0,satisfied
340,Female,Loyal Customer,61,Personal Travel,Eco,4670,3,2,2,3,2,3,0,4,3,2,4,5,5,5,13,4.0,satisfied
341,Female,Loyal Customer,58,Business travel,Business,4839,2,1,0,3,3,4,2,1,5,2,0,4,3,3,11,0.0,satisfied
342,Male,Loyal Customer,83,Business travel,Eco Plus,3970,3,3,3,3,4,4,4,3,3,2,3,3,4,2,9,10.0,neutral or dissatisfied
343,Female,Loyal Customer,37,Business travel,Business,3900,3,3,5,4,3,4,3,3,2,3,2,2,1,2,22,22.0,satisfied
344,Female,Loyal Customer,40,Business travel,Eco,433,5,4,4,2,1,3,4,4,3,2,3,3,2,3,8,14.0,neutral or dissatisfied
345,Female,Loyal Customer,50,Personal Travel,Eco,2884,3,2,2,0,3,2,3,3,4,2,4,3,5,2,25,35.0,neutral or dissatisfied
346,Male,Loyal Customer,37,Business travel,Business,2066,2,2,3,3,3,4,3,5,4,4,4,4,4,2,30,40.0,neutral or dissatisfied
347,Female,disloyal Customer,68,Business travel,Business,1331,4,4,4,3,3,2,3,2,3,2,3,3,4,5,2,4.0,satisfied
348,Female,disloyal Customer,40,Business travel,Business,386,2,3,1,2,2,5,2,3,3,2,2,3,4,3,3,4.0,neutral or dissatisfied
349,Male,Loyal Customer,68,Business travel,Eco,1105,4,4,2,1,4,3,4,4,3,4,4,3,2,3,12,14.0,satisfied
350,Male,Loyal Customer,40,Business travel,Business,4580,3,3,3,2,0,3,5,4,2,1,3,3,5,5,8,0.0,neutral or dissatisfied
351,Female,Loyal Customer,24,Personal Travel,Eco,4547,3,4,5,3,3,2,4,4,1,4,4,3,2,4,5,7.0,satisfied
352,Male,disloyal Customer,84,Personal Travel,Eco,3726,1,5,3,3,3,4,3,3,2,2,2,5,4,3,19,15.0,neutral or dissatisfied
353,Male,Loyal Customer,48,Personal Travel,Business,552,1,3,5,0,5,4,2,4,4,3,3,3,5,3,33,24.0,satisfied
354,Male,Loyal Customer,62,Business travel,Eco,3448,1,2,2,1,3,2,4,2,3,2,2,3,2,3,20,6.0,satisfied
355,Female,Loyal Customer,53,Business travel,Business,677,5,4,0,4,3,4,3,3,3,3,3,2,5,3,22,3.0,neutral or dissatisfied
356,Female,Loyal Customer,35,Personal Travel,Business,3429,2,2,4,3,3,3,4,4,4,2,5,4,4,4,0,0.0,neutral or dissatisfied
357,Male,Loyal Customer,82,Business travel,Eco Plus,216,4,3,4,3,3,3,4,4,2,2,2,1,3,5,1,0.0,neutral or dissatisfied
358,Female,Loyal Customer,35,Business travel,Business,1461,2,3,4,2,5,2,4,4,2,1,3,2,5,3,3,0.0,satisfied
359,Male,disloyal Customer,84,Personal Travel,Eco,656,3,2,4,3,2,5,4,3,4,2,2,4,2,4,13,4.0,neutral or dissatisfied
360,Female,Loyal Customer,40,Business travel,Eco Plus,4671,3,2,3,3,2,5,4,3,2,4,3,3,3,2,12,8.0,neutral or dissatisfied
361,Female,disloyal Customer,8,Business travel,Business,2865,5,4,3,2,4,4,2,4,2,4,3,4,4,4,0,0.0,neutral or dissatisfied
362,Female,Loyal Customer,9,Personal Travel,Eco,4617,4,2,3,1,3,4,2,5,5,2,5,3,3,5,0,0.0,neutral or dissatisfied
363,Male,Loyal Customer,82,Business travel,Business,150,3,4,2,2,3,4,2,4,2,2,3,2,5,3,40,45.0,neutral or dissatisfied
364,Female,disloyal Customer,48,Business travel,Eco,3710,4,2,3,5,3,3,2,4,2,3,3,3,2,3,16,13.0,satisfied
365,Male,Loyal Customer,37,Business travel,Eco Plus,2425,2,2,1,3,4,0,5,2,4,3,1,2,5,3,8,16.0,neutral or dissatisfied
366,Female,Loyal Customer,70,Personal Travel,Eco,2371,4,5,2,4,4,2,2,2,3,3,2,2,1,4,4,0.0,neutral or dissatisfied
367,Male,Loyal Customer,55,Business travel,Eco,4372,4,1,3,3,2,5,2,3,2,3,4,4,0,3,52,37.0,neutral or dissatisfied
368,Male,Loyal Customer,58,Personal Travel,Business,283,4,3,1,3,3,4,3,4,5,3,2,3,3,3,0,10.0,satisfied
369,Male,Loyal Customer,60,Business travel,Eco,4723,3,5,1,2,3,3,2,2,2,3,4,3,4,4,9,0.0,neutral or dissatisfied
370,Female,Loyal Customer,22,Business travel,Business,190,3,3,3,4,4,1,5,4,3,0,2,3,5,2,13,9.0,neutral or dissatisfied
371,Male,Loyal Customer,13,Business travel,Eco,1845,2,4,3,3,3,4,3,3,4,3,3,1,5,4,8,14.0,satisfied
372,Female,Loyal Customer,63,Business travel,Business,733,2,4,3,2,2,3,4,4,5,4,5,1,3,3,13,22.0,satisfied
373,Male,Loyal Customer,8,Business travel,Business,2639,2,3,0,3,4,4,2,3,3,5,4,3,4,4,12,11.0,satisfied
374,Male,Loyal Customer,63,Business travel,Business,2999,3,3,5,4,4,2,1,3,2,4,1,3,3,4,17,13.0,satisfied
375,Female,Loyal Customer,17,Business travel,Business,3228,3,1,1,0,5,3,2,2,4,3,5,3,5,1,20,36.0,satisfied
376,Male,Loyal Customer,27,Business travel,Business,4000,3,3,2,3,2,4,2,4,5,2,2,4,2,3,19,26.0,neutral or dissatisfied
377,Female,disloyal Customer,62,Personal Travel,Business,3767,4,3,2,4,3,5,2,3,3,2,5,2,2,2,11,19.0,neutral or dissatisfied
378,Female,Loyal Customer,55,Personal Travel,Eco,4744,2,3,4,2,3,2,1,2,3,2,3,2,4,1,19,22.0,satisfied
379,Male,Loyal Customer,67,Business travel,Eco,2275,2,5,3,3,3,2,3,3,4,1,2,3,4,3,17,21.0,satisfied
380,Male,Loyal Customer,54,Business travel,Business,918,3,3,2,4,1,4,3,5,1,2,3,3,5,4,13,15.0,satisfied
381,Male,disloyal Customer,10,Business travel,Eco,820,2,4,2,2,2,2,2,3,3,2,2,3,3,2,2,1.0,neutral or dissatisfied
382,Female,Loyal Customer,72,Business travel,Business,1413,2,4,3,4,3,2,3,5,1,1,3,2,3,3,1,0.0,satisfied
383,Female,Loyal Customer,23,Business travel,Eco,3034,5,4,2,3,2,3,4,0,3,4,3,5,4,2,5,0.0,satisfied
384,Male,Loyal Customer,17,Business travel,Business,317,1,3,3,3,2,5,5,3,3,4,4,3,2,3,16,21.0,satisfied
385,Male,Loyal Customer,75,Business travel,Eco,4776,5,3,2,3,5,2,1,4,0,3,5,4,5,5,2,11.0,satisfied
386,Male,Loyal Customer,22,Business travel,Business,4945,3,3,4,4,5,3,2,3,3,3,3,1,3,3,5,6.0,neutral or dissatisfied
387,Male,disloyal Customer,48,Personal Travel,Business,865,4,3,4,5,3,3,2,2,4,3,3,2,3,2,13,5.0,satisfied
388,Female,Loyal Customer,44,Business travel,Eco,3915,4,3,2,4,1,3,2,3,3,2,2,4,4,3,15,16.0,neutral or dissatisfied
389,Female,Loyal Customer,67,Business travel,Eco,3001,4,4,1,4,3,1,5,4,2,5,3,3,2,3,36,39.0,neutral or dissatisfied
390,Male,Loyal Customer,10,Business travel,Eco,2429,5,2,3,3,1,4,2,5,5,2,3,3,2,3,5,0.0,neutral or dissatisfied
391,Female,Loyal Customer,15,Business travel,Business,3686,2,3,1,5,2,3,3,4,5,1,2,2,4,3,25,37.0,neutral or dissatisfied
392,Male,Loyal Customer,39,Business travel,Eco,2899,3,5,3,1,3,4,2,3,4,3,5,4,2,3,0,6.0,neutral or dissatisfied
393,Male,Loyal Customer,43,Business travel,Eco,1652,2,3,3,1,1,3,5,3,3,4,3,4,3,2,27,19.0,neutral or dissatisfied
394,Female,Loyal Customer,68,Personal Travel,Business,2832,1,5,2,3,3,5,1,3,3,3,3,3,3,4,30,30.0,neutral or dissatisfied
395,Female,Loyal Customer,54,Business travel,Business,722,2,3,2,4,1,3,3,2,4,4,5,3,1,5,1,0.0,neutral or dissatisfied
396,Female,disloyal Customer,18,Business travel,Business,1309,5,3,4,0,3,2,2,3,3,3,0,3,2,3,24,34.0,satisfied
397,Male,Loyal Customer,83,Business travel,Business,4866,3,3,3,3,4,5,1,3,4,2,5,2,4,4,16,12.0,satisfied
398,Male,Loyal Customer,42,Personal Travel,Business,967,5,3,5,3,2,1,4,2,4,2,2,2,5,1,19,10.0,neutral or dissatisfied
399,Male,Loyal Customer,82,Personal Travel,Business,3011,5,1,3,4,3,3,1,4,2,3,2,4,2,3,4,4.0,neutral or dissatisfied
400,Male,Loyal Customer,84,Personal Travel,Eco,1520,5,4,3,3,2,3,3,4,2,3,3,3,2,5,9,1.0,neutral or dissatisfied
401,Female,Loyal Customer,11,Business travel,Eco,2350,5,5,3,1,2,3,3,2,3,4,4,3,4,4,43,50.0,neutral or dissatisfied
402,Female,Loyal Customer,46,Business travel,Eco,1273,5,4,3,2,2,1,2,3,4,4,5,3,4,3,33,33.0,neutral or dissatisfied
403,Male,Loyal Customer,39,Business travel,Eco,2865,3,4,4,2,4,2,1,2,1,1,5,4,4,3,46,37.0,neutral or dissatisfied
404,Female,disloyal Customer,45,Personal Travel,Business,2809,3,3,4,4,1,4,3,3,3,3,3,2,3,3,11,6.0,neutral or dissatisfied
405,Male,Loyal Customer,31,Personal Travel,Eco Plus,3107,3,4,1,3,3,5,2,4,3,2,1,5,3,4,31,28.0,neutral or dissatisfied
406,Female,Loyal Customer,50,Personal Travel,Eco,1575,3,3,4,2,3,3,4,4,3,5,3,2,4,4,4,2.0,neutral or dissatisfied
407,Male,Loyal Customer,45,Business travel,Eco,2915,3,3,4,3,4,2,4,3,5,2,2,2,3,3,19,6.0,satisfied
408,Male,Loyal Customer,21,Personal Travel,Business,3658,4,1,3,2,3,1,5,4,5,3,1,5,4,4,2,0.0,satisfied
409,Female,Loyal Customer,29,Personal Travel,Eco,3613,2,2,5,5,3,4,3,3,4,2,4,2,3,2,2,4.0,neutral or dissatisfied
410,Male,disloyal Customer,18,Business travel,Eco,2861,1,3,5,4,2,4,4,2,5,1,3,3,3,3,16,,neutral or dissatisfied
411,Male,Loyal Customer,72,Business travel,Eco,1530,3,4,4,4,4,0,3,3,4,2,4,4,4,2,32,28.0,neutral or dissatisfied
412,Male,disloyal Customer,59,Business travel,Eco,2684,2,4,2,5,2,1,5,4,3,3,4,1,1,3,0,0.0,neutral or dissatisfied
413,Male,Loyal Customer,37,Business travel,Eco,2707,2,1,2,4,2,3,3,4,3,4,4,3,5,3,18,36.0,neutral or dissatisfied
414,Male,Loyal Customer,37,Business travel,Eco Plus,4758,3,1,4,3,4,3,3,1,3,4,3,1,3,4,3,4.0,neutral or dissatisfied
415,Male,Loyal Customer,13,Business travel,Eco,1916,3,4,4,3,3,3,4,3,4,2,5,3,0,4,30,15.0,neutral or dissatisfied
416,Female,Loyal Customer,29,Personal Travel,Eco Plus,1645,4,2,1,4,3,3,2,3,3,3,3,5,3,4,2,6.0,neutral or dissatisfied
417,Female,Loyal Customer,79,Personal Travel,Eco,3761,3,4,4,3,4,3,3,1,2,4,2,0,3,5,31,32.0,neutral or dissatisfied
418,Male,Loyal Customer,9,Personal Travel,Business,3194,4,1,3,2,3,3,4,2,3,4,3,3,2,4,12,9.0,satisfied
419,Male,Loyal Customer,18,Business travel,Eco,2164,3,3,1,5,1,2,4,4,4,3,4,2,5,1,17,8.0,neutral or dissatisfied
420,Female,disloyal Customer,72,Business travel,Business,50,3,3,4,2,3,3,4,5,0,3,4,2,4,3,0,6.0,satisfied
421,Female,Loyal Customer,47,Business travel,Business,3539,3,4,4,1,3,2,3,1,5,3,3,1,3,3,8,0.0,satisfied
422,Female,Loyal Customer,9,Personal Travel,Business,3697,2,2,3,4,2,2,3,4,4,5,3,4,3,1,2,0.0,neutral or dissatisfied
423,Female,Loyal Customer,45,Business travel,Eco,4655,3,1,2,2,2,1,4,1,3,5,5,3,3,4,7,4.0,neutral or dissatisfied
424,Female,Loyal Customer,65,Personal Travel,Business,2537,4,3,5,3,3,3,2,5,4,4,2,1,1,5,23,18.0,satisfied
425,Male,disloyal Customer,33,Business travel,Business,2599,4,4,2,5,2,4,3,3,4,3,5,2,5,2,59,58.0,neutral or dissatisfied
426,Male,Loyal Customer,36,Business travel,Business,1081,2,4,4,1,3,3,0,2,3,3,3,2,3,5,11,1.0,neutral or dissatisfied
427,Female,Loyal Customer,56,Personal Travel,Eco,2325,1,3,1,3,3,3,4,4,4,3,3,1,5,4,13,,neutral or dissatisfied
428,Female,Loyal Customer,53,Business travel,Eco,57,2,4,3,5,3,5,2,2,4,3,4,3,2,4,0,23.0,neutral or dissatisfied
429,Male,Loyal Customer,77,Personal Travel,Eco Plus,2528,5,4,3,4,3,4,2,4,3,2,4,3,4,4,13,6.0,satisfied
430,Female,Loyal Customer,26,Business travel,Business,3549,3,4,4,3,4,5,3,3,2,5,2,3,2,2,23,26.0,satisfied
431,Male,disloyal Customer,28,Business travel,Business,3940,2,3,5,5,2,5,4,0,3,2,4,5,0,4,28,29.0,neutral or dissatisfied
432,Female,Loyal Customer,19,Business travel,Eco,3330,1,1,2,3,4,3,5,2,1,4,2,2,4,5,26,27.0,satisfied
433,Female,Loyal Customer,58,Personal Travel,Business,4036,2,3,4,3,3,2,1,3,4,1,3,2,3,4,11,8.0,satisfied
434,Male,Loyal Customer,48,Business travel,Eco Plus,3343,2,3,1,5,5,3,2,4,3,3,1,2,3,4,1,1.0,neutral or dissatisfied
435,Male,Loyal Customer,34,Personal Travel,Eco,3910,4,4,1,4,2,4,3,4,3,3,3,4,0,2,0,1.0,neutral or dissatisfied
436,Male,disloyal Customer,61,Personal Travel,Eco,2215,4,1,2,4,1,5,2,4,4,3,3,4,3,4,2,8.0,satisfied
437,Female,Loyal Customer,36,Business travel,Business,3030,2,3,3,2,4,2,4,2,2,3,1,2,4,3,2,7.0,satisfied
438,Female,Loyal Customer,22,Personal Travel,Business,3214,4,4,5,4,3,3,3,4,3,5,2,5,2,3,4,14.0,neutral or dissatisfied
439,Male,Loyal Customer,49,Personal Travel,Eco,2884,4,3,5,3,4,2,4,4,3,3,3,2,3,4,24,19.0,neutral or dissatisfied
440,Male,Loyal Customer,41,Business travel,Business,2878,2,3,3,2,3,3,3,1,3,2,4,4,3,3,2,3.0,satisfied
441,Female,disloyal Customer,38,Personal Travel,Eco,3920,3,5,3,3,5,3,4,4,4,2,2,4,2,2,3,2.0,satisfied
442,Male,Loyal Customer,41,Business travel,Eco,1232,3,2,4,3,3,4,2,4,5,2,3,3,3,4,63,69.0,neutral or dissatisfied
443,Male,Loyal Customer,78,Business travel,Business,1618,3,4,4,5,4,5,5,3,4,4,2,3,1,2,16,4.0,neutral or dissatisfied
444,Male,Loyal Customer,23,Business travel,Business,2617,1,4,3,3,2,4,1,3,5,4,4,3,4,4,0,8.0,satisfied
445,Female,Loyal Customer,28,Personal Travel,Eco,3244,3,3,3,2,4,3,2,2,5,2,2,4,3,2,5,7.0,satisfied
446,Female,Loyal Customer,51,Business travel,Business,2597,4,3,3,2,4,3,2,4,4,2,4,4,4,1,3,12.0,satisfied
447,Male,Loyal Customer,10,Business travel,Eco,1037,5,3,3,3,4,3,4,4,1,2,3,4,4,4,5,,neutral or dissatisfied
448,Female,Loyal Customer,18,Business travel,Eco,4126,2,3,3,2,4,2,4,4,3,3,1,4,3,4,4,3.0,neutral or dissatisfied
449,Female,Loyal Customer,51,Business travel,Eco,2751,2,2,3,2,0,3,2,3,2,4,3,3,0,3,10,5.0,neutral or dissatisfied
450,Male,Loyal Customer,46,Personal Travel,Business,2195,3,3,3,3,3,1,4,3,5,3,2,5,3,2,8,5.0,neutral or dissatisfied
451,Female,Loyal Customer,57,Personal Travel,Business,4396,3,3,2,3,2,3,2,3,2,4,4,2,2,4,17,1.0,neutral or dissatisfied
452,Female,Loyal Customer,15,Business travel,Eco,2208,3,3,4,4,3,3,4,4,2,4,5,3,5,3,2,1.0,satisfied
453,Male,Loyal Customer,73,Business travel,Eco,849,4,3,4,2,3,2,4,4,0,2,4,2,3,4,20,16.0,neutral or dissatisfied
454,Male,Loyal Customer,44,Personal Travel,Eco,4922,2,1,5,0,4,3,3,3,2,2,2,5,4,3,6,6.0,neutral or dissatisfied
455,Female,Loyal Customer,19,Business travel,Eco,1943,3,3,3,1,3,4,4,3,3,2,3,4,5,3,18,13.0,satisfied
456,Female,Loyal Customer,31,Business travel,Eco,4477,2,2,3,3,2,5,3,1,4,4,4,4,2,4,4,6.0,satisfied
457,Male,Loyal Customer,24,Personal Travel,Business,2608,3,1,2,2,1,3,4,1,2,4,4,3,3,2,3,2.0,satisfied
458,Female,Loyal Customer,42,Personal Travel,Business,1249,5,3,3,2,5,4,3,3,4,3,3,3,3,2,24,10.0,satisfied
459,Female,Loyal Customer,43,Business travel,Eco,1913,1,3,4,5,2,2,1,5,3,4,4,5,5,2,4,4.0,satisfied
460,Male,Loyal Customer,40,Business travel,Business,4555,3,4,3,4,3,3,3,2,3,3,1,4,5,3,1,7.0,satisfied
461,Female,disloyal Customer,42,Personal Travel,Eco,4726,2,2,1,3,5,3,2,2,3,3,3,3,2,5,25,32.0,neutral or dissatisfied
462,Male,Loyal Customer,77,Business travel,Business,732,3,4,2,3,2,5,5,2,5,1,2,3,3,3,3,0.0,neutral or dissatisfied
463,Female,Loyal Customer,81,Business travel,Business,4936,4,5,3,3,3,5,2,2,3,4,3,3,3,2,22,10.0,neutral or dissatisfied
464,Male,Loyal Customer,45,Personal Travel,Business,4274,3,2,4,2,3,3,5,2,2,3,2,2,2,2,10,18.0,satisfied
465,Male,Loyal Customer,82,Business travel,Eco,3256,3,3,1,4,1,2,3,4,4,3,4,3,3,4,11,14.0,neutral or dissatisfied
466,Female,Loyal Customer,70,Business travel,Eco,957,4,5,3,4,1,5,4,3,4,3,4,1,3,1,11,4.0,neutral or dissatisfied
467,Male,disloyal Customer,70,Business travel,Business,2953,3,3,3,1,2,3,2,3,3,5,3,0,3,1,41,35.0,neutral or dissatisfied
468,Female,Loyal Customer,24,Business travel,Business,2156,4,3,3,3,3,4,3,3,4,4,2,5,3,3,14,14.0,satisfied
469,Male,Loyal Customer,41,Business travel,Business,666,4,3,2,3,3,3,2,3,1,3,4,2,4,4,36,42.0,neutral or dissatisfied
470,Female,Loyal Customer,34,Business travel,Business,4920,0,4,2,3,2,5,5,4,4,4,5,3,2,4,10,8.0,satisfied
471,Female,Loyal Customer,14,Business travel,Eco,3036,3,3,3,5,3,3,2,1,4,4,5,3,1,4,5,0.0,satisfied
472,Female,disloyal Customer,12,Personal Travel,Business,530,2,1,4,5,1,4,4,2,2,3,4,4,3,5,7,0.0,neutral or dissatisfied
473,Male,Loyal Customer,55,Business travel,Business,1741,2,3,4,3,3,3,4,3,2,3,4,4,3,3,3,0.0,satisfied
474,Male,Loyal Customer,39,Business travel,Business,4206,5,2,2,3,3,4,4,4,4,1,2,4,5,3,33,27.0,neutral or dissatisfied
475,Female,Loyal Customer,71,Business travel,Eco,2238,3,3,3,3,3,5,3,3,4,4,5,4,4,3,60,52.0,neutral or dissatisfied
476,Female,Loyal Customer,59,Business travel,Eco,2498,5,2,1,2,3,1,5,4,5,2,1,3,5,4,2,13.0,satisfied
477,Female,Loyal Customer,13,Personal Travel,Eco,755,1,4,3,2,2,3,5,2,2,1,5,4,4,5,24,12.0,satisfied
478,Male,Loyal Customer,72,Business travel,Eco,599,2,3,4,4,3,2,4,4,3,1,3,3,1,3,2,0.0,satisfied
479,Female,Loyal Customer,45,Business travel,Eco Plus,4890,4,2,5,5,4,4,3,5,4,2,1,4,2,3,3,20.0,neutral or dissatisfied
480,Male,disloyal Customer,51,Personal Travel,Business,4764,3,2,1,5,2,4,2,3,1,4,4,1,2,5,0,0.0,satisfied
481,Male,Loyal Customer,82,Business travel,Eco,521,3,4,2,4,4,3,4,3,3,4,3,4,5,4,2,2.0,neutral or dissatisfied
482,Female,Loyal Customer,56,Business travel,Eco,2768,3,4,3,0,4,3,3,4,3,3,3,2,4,1,24,35.0,neutral or dissatisfied
483,Male,Loyal Customer,8,Personal Travel,Business,3421,3,2,1,1,1,3,3,3,4,5,3,1,4,5,5,5.0,neutral or dissatisfied
484,Female,Loyal Customer,20,Business travel,Eco,4409,3,2,3,4,3,2,2,2,3,3,3,2,3,4,4,7.0,satisfied
485,Male,Loyal Customer,40,Personal Travel,Eco,2820,3,5,4,5,2,4,3,3,5,3,3,3,3,0,0,0.0,satisfied
486,Male,Loyal Customer,9,Personal Travel,Eco,4352,4,3,2,4,1,2,4,1,3,1,2,5,2,3,5,0.0,neutral or dissatisfied
487,Male,Loyal Customer,20,Personal Travel,Business,648,5,3,3,3,4,4,4,4,5,2,4,3,4,2,1,0.0,neutral or dissatisfied
488,Female,Loyal Customer,68,Business travel,Business,122,3,2,2,4,4,2,3,4,4,1,3,3,3,3,3,2.0,neutral or dissatisfied
489,Female,Loyal Customer,18,Personal Travel,Eco,2351,3,3,5,4,3,3,3,1,4,2,5,4,4,3,0,3.0,neutral or dissatisfied
490,Female,Loyal Customer,20,Personal Travel,Business,1360,2,5,3,4,2,2,2,3,2,4,4,2,4,4,9,24.0,satisfied
491,Female,disloyal Customer,46,Business travel,Business,3787,5,3,2,1,3,3,2,3,2,1,4,3,4,5,7,3.0,neutral or dissatisfied
492,Female,Loyal Customer,14,Personal Travel,Business,1717,4,4,2,3,2,5,3,5,5,1,5,3,4,5,7,16.0,satisfied
493,Female,Loyal Customer,26,Business travel,Eco,2064,1,3,3,5,3,4,4,5,4,1,4,5,4,5,3,10.0,satisfied
494,Female,disloyal Customer,80,Personal Travel,Eco,2697,1,2,4,4,2,3,2,4,3,4,3,3,4,3,4,0.0,satisfied
495,Male,disloyal Customer,56,Business travel,Eco,4809,2,2,2,4,4,3,2,5,3,5,0,4,3,1,13,13.0,satisfied
496,Male,Loyal Customer,82,Business travel,Eco,405,3,2,3,3,3,4,4,3,3,3,3,2,4,0,14,14.0,satisfied
497,Male,Loyal Customer,34,Business travel,Business,2785,3,3,2,3,3,2,3,3,2,4,5,2,4,4,8,0.0,neutral or dissatisfied
498,Male,Loyal Customer,55,Personal Travel,Business,1975,4,4,5,5,3,3,2,3,3,2,4,4,3,3,4,2.0,neutral or dissatisfied
499,Female,Loyal Customer,25,Business travel,Business,228,3,3,1,2,3,3,4,2,4,4,3,3,3,5,20,14.0,satisfied
500,Male,Loyal Customer,36,Business travel,Business,4082,5,3,4,2,3,3,4,3,4,2,3,4,4,4,4,3.0,satisfied
501,Male,Loyal Customer,20,Business travel,Eco,4574,4,2,3,2,3,4,3,3,3,4,3,2,4,1,5,4.0,neutral or dissatisfied
502,Female,Loyal Customer,71,Personal Travel,Business,907,3,3,3,3,2,2,3,3,5,3,4,3,4,3,3,3.0,neutral or dissatisfied
503,Female,disloyal Customer,21,Business travel,Business,3810,4,2,3,1,3,4,4,3,4,1,3,2,3,4,2,0.0,neutral or dissatisfied
504,Female,disloyal Customer,22,Business travel,Eco,3521,1,2,3,4,4,5,4,3,2,2,5,2,4,2,6,0.0,neutral or dissatisfied
505,Male,Loyal Customer,43,Business travel,Eco,3541,3,4,2,3,3,4,3,4,2,3,3,1,4,5,3,0.0,neutral or dissatisfied
506,Male,Loyal Customer,40,Business travel,Business,2328,3,3,4,4,3,3,3,3,4,1,3,3,2,3,2,9.0,satisfied
507,Female,disloyal Customer,31,Business travel,Eco,1634,4,3,4,1,3,4,3,2,3,3,2,4,3,3,16,16.0,satisfied
508,Male,disloyal Customer,34,Business travel,Eco,399,1,3,2,4,3,2,3,4,2,1,3,2,2,1,2,10.0,neutral or dissatisfied
509,Male,Loyal Customer,30,Personal Travel,Eco,222,3,4,4,4,3,5,3,4,3,4,2,2,2,5,12,11.0,neutral or dissatisfied
510,Male,Loyal Customer,78,Personal Travel,Eco,928,3,3,3,3,2,2,2,4,4,2,5,3,5,3,37,37.0,neutral or dissatisfied
511,Female,Loyal Customer,52,Business travel,Business,2662,4,2,3,3,5,5,2,2,4,3,3,3,5,4,1,0.0,neutral or dissatisfied
512,Female,Loyal Customer,78,Business travel,Business,748,4,2,5,4,5,2,3,3,3,4,3,4,4,2,7,5.0,satisfied
513,Female,Loyal Customer,83,Business travel,Business,3448,4,3,2,4,2,4,4,4,1,3,1,2,4,3,22,23.0,satisfied
514,Female,Loyal Customer,57,Personal Travel,Eco,3117,3,3,4,4,4,1,1,2,4,3,2,0,3,4,9,7.0,neutral or dissatisfied
515,Female,Loyal Customer,71,Business travel,Eco,1755,4,3,4,4,5,3,3,2,2,5,3,3,2,4,10,17.0,neutral or dissatisfied
516,Male,disloyal Customer,15,Business travel,Eco,482,3,3,3,5,2,2,3,3,4,2,3,5,3,4,91,,neutral or dissatisfied
517,Female,Loyal Customer,81,Personal Travel,Eco,2611,3,3,3,4,1,2,4,5,3,2,3,3,2,4,26,36.0,satisfied
518,Male,Loyal Customer,44,Business travel,Business,4124,4,3,3,2,5,5,5,3,5,4,5,3,4,4,4,16.0,satisfied
519,Male,Loyal Customer,62,Business travel,Business,1999,3,2,2,4,3,2,3,3,5,3,1,3,3,4,0,0.0,satisfied
520,Female,Loyal Customer,26,Business travel,Business,4042,3,4,2,3,2,2,5,3,3,3,4,4,4,2,4,13.0,satisfied
521,Male,Loyal Customer,14,Business travel,Business,1466,4,2,2,3,3,2,4,2,2,2,4,3,3,3,21,21.0,satisfied
522,Male,Loyal Customer,76,Business travel,Eco,446,4,3,3,3,3,4,4,3,2,4,3,3,1,2,1,1.0,satisfied
523,Male,Loyal Customer,42,Personal Travel,Eco Plus,3267,4,1,4,4,5,4,2,4,3,2,3,5,3,3,32,27.0,neutral or dissatisfied
524,Female,Loyal Customer,17,Business travel,Business,4446,5,3,4,5,2,5,4,1,3,5,4,4,4,4,1,0.0,satisfied
525,Male,disloyal Customer,58,Business travel,Eco,4423,4,2,1,3,3,2,4,5,2,2,3,2,4,4,11,0.0,neutral or dissatisfied
526,Male,Loyal Customer,11,Personal Travel,Business,4797,2,2,3,5,4,5,2,5,3,2,3,2,3,4,5,9.0,satisfied
527,Female,disloyal Customer,42,Personal Travel,Eco,583,4,5,3,3,4,2,0,3,4,3,2,2,3,5,11,10.0,neutral or dissatisfied
528,Male,disloyal Customer,61,Personal Travel,Business,265,4,3,4,5,4,2,3,2,3,4,2,2,2,2,0,0.0,neutral or dissatisfied
529,Female,disloyal Customer,63,Personal Travel,Eco,2869,4,4,2,3,3,2,3,4,3,2,2,2,1,1,5,15.0,neutral or dissatisfied
530,Female,Loyal Customer,42,Business travel,Business,4754,5,4,2,2,3,2,5,4,3,5,4,3,3,3,1,1.0,neutral or dissatisfied
531,Female,Loyal Customer,35,Business travel,Business,4989,1,4,3,5,1,3,3,3,3,3,2,2,4,5,3,0.0,neutral or dissatisfied
532,Male,Loyal Customer,72,Business travel,Eco,1433,5,3,4,2,3,2,2,2,3,3,2,4,3,5,17,17.0,neutral or dissatisfied
533,Male,Loyal Customer,21,Business travel,Business,1907,5,5,3,2,3,3,2,3,4,3,3,1,2,3,17,30.0,satisfied
534,Male,Loyal Customer,12,Personal Travel,Business,3340,4,4,2,2,4,0,3,3,1,4,2,2,4,3,8,7.0,neutral or dissatisfied
535,Female,disloyal Customer,19,Personal Travel,Business,4572,4,3,5,4,5,3,5,4,3,5,5,4,5,3,1,7.0,satisfied
536,Male,Loyal Customer,69,Business travel,Eco Plus,915,3,3,3,5,4,2,1,4,3,3,3,5,3,4,17,12.0,satisfied
537,Male,Loyal Customer,43,Business travel,Business,4879,3,3,3,3,4,2,2,4,2,2,3,3,2,2,50,53.0,neutral or dissatisfied
538,Male,Loyal Customer,9,Personal Travel,Eco,4096,4,3,2,2,3,2,3,3,3,2,3,2,3,3,23,24.0,satisfied
539,Female,Loyal Customer,20,Business travel,Eco,387,4,3,4,3,4,4,5,4,4,1,4,2,4,3,5,5.0,satisfied
540,Male,Loyal Customer,9,Business travel,Eco,4217,4,3,4,3,3,4,4,3,4,2,4,3,3,4,0,0.0,satisfied
541,Female,Loyal Customer,70,Business travel,Business,3226,4,5,3,2,4,3,5,5,3,3,3,4,1,4,17,15.0,satisfied
542,Male,Loyal Customer,42,Business travel,Eco,4892,4,2,2,2,4,2,3,2,2,3,2,4,4,1,16,1.0,neutral or dissatisfied
543,Male,Loyal Customer,12,Business travel,Business,1086,4,4,4,4,3,4,2,4,2,4,3,2,3,4,1,0.0,satisfied
544,Male,Loyal Customer,24,Personal Travel,Eco,4963,2,3,4,2,1,5,3,5,2,1,3,3,5,3,34,22.0,neutral or dissatisfied
545,Female,Loyal Customer,55,Business travel,Business,285,4,4,4,3,4,3,3,4,3,3,1,5,3,4,2,0.0,satisfied
546,Male,Loyal Customer,53,Business travel,Eco,425,5,3,3,1,3,1,3,4,3,4,1,4,5,3,1,0.0,satisfied
547,Male,disloyal Customer,70,Personal Travel,Eco,2266,3,3,3,5,4,2,3,4,2,0,2,4,3,4,8,4.0,satisfied
548,Female,Loyal Customer,9,Business travel,Business,3306,5,3,3,3,3,4,4,3,4,3,1,4,3,3,0,0.0,satisfied
549,Female,Loyal Customer,12,Personal Travel,Business,876,2,1,5,4,4,3,2,3,4,5,3,2,3,3,4,13.0,satisfied
550,Female,Loyal Customer,9,Business travel,Business,1401,3,5,2,3,4,2,2,3,0,4,2,2,5,2,8,6.0,satisfied
551,Female,Loyal Customer,37,Business travel,Eco,1979,2,2,2,3,2,2,2,2,3,3,3,5,3,3,4,11.0,neutral or dissatisfied
552,Male,Loyal Customer,63,Business travel,Business,671,5,3,3,2,4,3,3,4,4,3,4,3,5,2,2,0.0,neutral or dissatisfied
553,Female,Loyal Customer,58,Personal Travel,Eco,921,5,2,2,2,2,2,3,2,3,3,4,1,3,3,1,4.0,neutral or dissatisfied
554,Male,disloyal Customer,23,Personal Travel,Eco,786,3,2,4,2,4,3,4,4,4,5,4,4,2,3,16,23.0,satisfied
555,Female,Loyal Customer,58,Personal Travel,Eco Plus,4772,4,3,2,3,3,3,5,3,3,3,4,4,4,4,23,26.0,satisfied
556,Female,Loyal Customer,58,Business travel,Business,4685,5,2,2,4,2,3,2,2,3,4,3,3,2,4,13,10.0,neutral or dissatisfied
557,Female,Loyal Customer,21,Business travel,Business,3161,3,2,3,3,3,2,3,5,3,4,0,4,4,5,8,6.0,satisfied
558,Female,Loyal Customer,65,Personal Travel,Business,3434,3,3,4,2,2,4,3,2,3,5,1,2,3,1,7,9.0,neutral or dissatisfied
559,Female,Loyal Customer,39,Business travel,Eco,728,4,1,4,3,3,2,2,2,3,4,4,2,3,3,15,15.0,neutral or dissatisfied
560,Female,Loyal Customer,11,Personal Travel,Business,299,2,3,5,3,3,3,3,3,4,3,3,1,5,5,6,14.0,satisfied
561,Female,Loyal Customer,37,Business travel,Business,1916,3,3,3,3,3,4,5,3,5,3,4,2,3,4,0,0.0,satisfied
562,Male,Loyal Customer,67,Business travel,Business,4921,5,0,3,3,1,3,3,3,3,3,5,5,3,3,0,7.0,satisfied
563,Male,Loyal Customer,61,Personal Travel,Eco,2415,2,2,4,4,3,5,2,5,2,4,3,0,3,2,7,9.0,satisfied
564,Male,Loyal Customer,27,Business travel,Eco Plus,4048,4,4,1,2,3,2,3,2,2,2,3,3,4,4,7,8.0,neutral or dissatisfied
565,Female,Loyal Customer,66,Business travel,Business,1880,4,2,1,3,3,2,4,5,4,3,4,2,4,3,3,2.0,satisfied
566,Male,Loyal Customer,37,Business travel,Business,1580,3,4,4,4,2,3,3,2,4,3,2,4,3,3,2,10.0,neutral or dissatisfied
567,Male,Loyal Customer,42,Personal Travel,Business,4070,3,3,3,4,3,5,3,5,4,2,4,1,4,4,5,0.0,satisfied
568,Male,Loyal Customer,13,Business travel,Business,2380,5,2,4,4,2,4,1,4,4,3,3,2,3,5,1,0.0,satisfied
569,Female,Loyal Customer,84,Personal Travel,Eco Plus,3673,4,3,2,5,4,4,4,3,3,1,5,2,4,2,39,39.0,satisfied
570,Female,disloyal Customer,72,Personal Travel,Business,3646,4,4,4,2,1,4,3,3,1,3,1,3,2,4,2,0.0,neutral or dissatisfied
571,Female,Loyal Customer,22,Business travel,Eco,3649,5,2,4,3,2,3,4,3,3,4,3,3,4,3,35,37.0,neutral or dissatisfied
572,Male,Loyal Customer,50,Personal Travel,Eco,3396,3,3,3,2,2,4,1,4,5,3,3,1,2,4,41,,satisfied
573,Male,Loyal Customer,67,Personal Travel,Eco,4056,2,4,3,2,3,1,3,2,3,3,2,3,4,5,2,2.0,neutral or dissatisfied
574,Male,disloyal Customer,46,Business travel,Business,2342,5,2,3,2,4,4,4,4,4,2,4,2,5,5,11,12.0,satisfied
575,Male,Loyal Customer,23,Personal Travel,Eco,1550,3,4,2,3,4,4,3,3,4,4,3,4,4,3,13,25.0,neutral or dissatisfied
576,Male,Loyal Customer,82,Business travel,Business,2586,4,2,3,3,2,4,3,2,2,2,5,3,4,1,6,9.0,satisfied
577,Female,Loyal Customer,27,Business travel,Business,1656,2,3,3,2,3,2,3,4,3,4,3,5,2,3,13,21.0,satisfied
578,Female,disloyal Customer,33,Business travel,Eco Plus,263,3,3,3,3,2,2,3,4,4,4,3,2,3,3,21,19.0,neutral or dissatisfied
579,Female,Loyal Customer,35,Business travel,Business,1840,2,0,1,5,4,2,4,2,2,1,5,2,2,0,12,12.0,neutral or dissatisfied
580,Male,disloyal Customer,76,Business travel,Business,2528,3,2,3,1,3,4,2,3,4,3,2,2,2,4,58,,neutral or dissatisfied
581,Male,Loyal Customer,46,Business travel,Business,2625,2,3,4,4,1,4,3,4,5,2,2,3,1,3,4,7.0,satisfied
582,Female,disloyal Customer,63,Business travel,Business,1734,2,3,4,3,4,2,3,4,3,3,0,4,3,3,3,6.0,neutral or dissatisfied
583,Male,Loyal Customer,77,Business travel,Eco,3641,3,2,4,3,4,5,4,3,1,2,3,3,4,3,7,12.0,neutral or dissatisfied
584,Male,Loyal Customer,79,Business travel,Eco,1461,0,2,4,1,3,4,3,4,3,2,4,3,5,3,12,15.0,neutral or dissatisfied
585,Male,Loyal Customer,73,Personal Travel,Eco,3255,2,4,4,4,3,3,4,4,2,3,4,3,2,5,5,4.0,neutral or dissatisfied
586,Female,Loyal Customer,77,Business travel,Business,1384,4,3,3,1,1,3,3,5,3,2,3,2,3,3,41,45.0,satisfied
587,Female,Loyal Customer,80,Business travel,Business,4933,3,4,1,4,1,4,3,4,2,3,2,4,2,5,5,16.0,satisfied
588,Male,Loyal Customer,84,Business travel,Business,3262,2,3,4,5,1,4,3,2,3,4,3,3,2,4,9,9.0,satisfied
589,Female,Loyal Customer,57,Business travel,Eco,2806,4,3,2,2,3,5,4,4,5,1,3,2,3,4,11,1.0,satisfied
590,Female,Loyal Customer,17,Business travel,Eco,2174,2,4,2,4,3,2,4,3,3,3,3,1,3,3,7,0.0,neutral or dissatisfied
591,Female,Loyal Customer,15,Business travel,Eco,3792,4,2,2,3,4,1,2,4,1,2,3,2,3,3,1,2.0,neutral or dissatisfied
592,Female,disloyal Customer,69,Business travel,Eco,2157,3,4,5,1,3,2,3,3,4,3,3,3,2,4,5,0.0,satisfied
593,Male,Loyal Customer,31,Personal Travel,Eco,4026,3,4,3,2,4,4,4,3,3,2,3,3,4,5,0,0.0,satisfied
594,Female,Loyal Customer,69,Business travel,Business,837,3,4,2,3,4,3,5,2,3,2,3,3,3,3,0,0.0,satisfied
595,Male,Loyal Customer,79,Business travel,Eco,4109,5,3,2,3,3,5,2,2,4,3,2,1,4,4,7,10.0,neutral or dissatisfied
596,Female,disloyal Customer,57,Personal Travel,Eco,4811,2,5,3,1,2,3,4,3,3,5,3,3,4,3,7,19.0,neutral or dissatisfied
597,Female,Loyal Customer,66,Business travel,Eco Plus,1250,3,3,4,3,1,4,3,2,3,3,2,1,4,3,1,0.0,satisfied
598,Female,Loyal Customer,28,Business travel,Business,1158,4,3,3,4,5,2,3,4,2,2,3,2,3,3,20,28.0,neutral or dissatisfied
599,Female,disloyal Customer,40,Business travel,Eco,4776,2,3,2,4,2,5,2,2,3,2,2,4,2,3,0,7.0,neutral or dissatisfied
600,Female,disloyal Customer,82,Business travel,Business,2060,1,2,3,3,1,5,3,2,3,4,3,3,5,4,8,,satisfied
601,Female,Loyal Customer,70,Business travel,Eco,3492,2,4,2,3,3,3,4,3,3,2,4,3,4,3,53,,satisfied
602,Female,Loyal Customer,22,Business travel,Eco,991,4,2,4,4,1,4,2,5,4,4,2,5,2,3,4,10.0,neutral or dissatisfied
603,Female,Loyal Customer,80,Business travel,Eco,2166,3,4,3,4,3,3,5,2,2,1,4,3,2,3,6,6.0,neutral or dissatisfied
604,Male,Loyal Customer,45,Personal Travel,Business,3530,3,4,2,4,3,4,2,2,3,3,5,4,5,3,4,3.0,satisfied
605,Female,Loyal Customer,72,Business travel,Business,4479,4,4,4,3,4,5,4,2,4,4,2,3,3,4,1,937.0,satisfied
606,Female,Loyal Customer,47,Business travel,Eco,2208,2,2,3,3,4,4,1,2,3,4,3,2,2,3,6,9.0,satisfied
607,Male,Loyal Customer,54,Business travel,Eco,421,3,3,2,3,4,4,3,2,2,4,5,3,3,4,9,20.0,satisfied
608,Female,Loyal Customer,19,Personal Travel,Eco,2097,1,0,4,2,3,4,4,5,1,3,1,2,4,3,9,0.0,satisfied
609,Female,Loyal Customer,33,Business travel,Business,3232,3,3,4,4,2,2,4,4,3,4,3,4,3,5,4,0.0,satisfied
610,Female,Loyal Customer,63,Business travel,Eco,4381,3,4,4,1,2,3,3,3,5,2,3,4,3,3,15,12.0,neutral or dissatisfied
611,Female,disloyal Customer,72,Business travel,Eco,4177,4,3,4,2,2,2,3,5,3,2,4,1,5,4,7,5.0,satisfied
612,Male,Loyal Customer,13,Personal Travel,Business,3809,2,2,3,3,5,3,4,3,4,3,3,2,1,4,11,6.0,neutral or dissatisfied
613,Female,Loyal Customer,12,Business travel,Business,868,3,3,1,4,3,4,4,3,1,5,4,3,3,5,33,43.0,satisfied
614,Male,Loyal Customer,61,Business travel,Eco,2623,2,4,3,4,3,3,5,3,4,4,2,2,3,4,23,38.0,satisfied
615,Female,Loyal Customer,41,Business travel,Business,2901,3,3,3,5,5,0,2,4,2,4,4,3,1,5,25,26.0,neutral or dissatisfied
616,Female,Loyal Customer,73,Business travel,Eco,2369,5,5,3,3,3,2,3,3,3,3,2,3,4,3,24,19.0,neutral or dissatisfied
617,Male,Loyal Customer,12,Business travel,Eco,4619,3,2,0,2,2,4,1,5,3,4,4,4,4,2,15,16.0,neutral or dissatisfied
618,Male,disloyal Customer,34,Business travel,Business,4801,1,3,4,3,4,3,2,4,1,1,3,2,2,3,2,0.0,satisfied
619,Male,disloyal Customer,9,Business travel,Business,1090,2,3,2,3,3,4,2,4,5,3,1,2,3,4,10,9.0,satisfied
620,Male,disloyal Customer,62,Personal Travel,Eco Plus,4784,1,5,4,4,3,2,4,1,3,3,3,3,3,4,12,16.0,satisfied
621,Male,disloyal Customer,73,Personal Travel,Eco,4240,2,3,5,2,4,4,3,1,4,2,4,3,4,2,12,17.0,neutral or dissatisfied
622,Male,disloyal Customer,19,Business travel,Eco,3538,4,5,3,3,2,4,3,1,5,3,2,1,5,3,4,8.0,neutral or dissatisfied
623,Male,Loyal Customer,32,Business travel,Eco,1938,1,3,3,5,3,4,4,3,4,4,2,2,2,2,12,9.0,satisfied
624,Male,disloyal Customer,72,Business travel,Eco,3812,3,5,3,3,5,2,2,2,2,3,3,3,4,2,2,3.0,satisfied
625,Female,Loyal Customer,10,Business travel,Eco Plus,2951,3,3,4,2,2,4,1,5,3,4,3,4,3,3,3,1.0,satisfied
626,Male,Loyal Customer,81,Business travel,Eco,4500,2,4,3,3,4,5,2,3,1,1,4,4,3,4,1,7.0,satisfied
627,Male,Loyal Customer,76,Business travel,Eco,3570,3,2,2,1,2,1,3,4,3,5,3,2,3,2,16,19.0,satisfied
628,Male,Loyal Customer,18,Personal Travel,Business,4823,2,3,2,3,5,3,4,3,5,2,2,2,4,3,11,24.0,neutral or dissatisfied
629,Female,Loyal Customer,17,Business travel,Business,2125,4,2,5,5,2,1,3,4,2,4,5,4,3,4,1,3.0,neutral or dissatisfied
630,Male,Loyal Customer,60,Personal Travel,Eco,457,2,3,3,2,3,2,4,1,2,3,3,2,4,2,4,0.0,neutral or dissatisfied
631,Female,Loyal Customer,7,Business travel,Business,2485,3,1,4,1,5,2,4,3,5,3,3,3,3,2,1,0.0,satisfied
632,Male,Loyal Customer,46,Business travel,Eco,4986,2,3,3,2,5,3,4,4,3,2,5,3,2,5,54,55.0,neutral or dissatisfied
633,Male,disloyal Customer,12,Business travel,Eco Plus,3292,4,4,4,4,4,4,3,4,2,2,4,3,4,3,6,0.0,neutral or dissatisfied
634,Male,Loyal Customer,48,Business travel,Business,3529,4,4,2,5,2,4,2,3,4,4,4,3,4,1,2,0.0,satisfied
635,Male,Loyal Customer,34,Business travel,Business,3145,0,2,3,3,3,3,2,1,3,0,4,4,4,2,7,3.0,neutral or dissatisfied
636,Female,Loyal Customer,62,Business travel,Eco,2984,3,1,4,2,3,4,2,4,0,2,4,1,4,1,1,0.0,satisfied
637,Male,Loyal Customer,75,Business travel,Business,353,1,4,4,3,2,2,2,3,2,4,4,3,2,5,44,45.0,satisfied
638,Male,Loyal Customer,45,Business travel,Eco,2095,3,5,5,5,4,4,3,3,5,3,4,4,2,3,2,0.0,satisfied
639,Female,disloyal Customer,57,Business travel,Eco,477,3,2,3,3,2,0,5,5,4,2,3,3,4,2,8,0.0,satisfied
640,Female,Loyal Customer,53,Business travel,Eco,1715,3,5,2,3,2,5,3,3,5,5,4,3,2,4,6,9.0,satisfied
641,Female,Loyal Customer,83,Business travel,Eco,3613,4,3,2,3,1,5,3,3,2,5,4,4,2,5,7,5.0,satisfied
642,Female,Loyal Customer,25,Personal Travel,Eco,4030,4,1,2,1,5,4,4,3,3,3,1,3,5,3,2,4.0,satisfied
643,Female,Loyal Customer,25,Business travel,Business,1156,2,1,2,4,2,5,2,4,3,4,4,4,4,5,10,11.0,neutral or dissatisfied
644,Male,disloyal Customer,36,Business travel,Business,3289,2,4,0,4,2,1,4,2,3,5,2,4,3,3,12,16.0,satisfied
645,Female,Loyal Customer,64,Business travel,Business,1171,3,3,2,1,2,4,4,4,3,3,3,1,1,2,0,1.0,neutral or dissatisfied
646,Male,disloyal Customer,74,Business travel,Eco,1043,1,5,4,2,5,3,3,4,2,2,1,2,2,5,12,16.0,neutral or dissatisfied
647,Male,Loyal Customer,28,Business travel,Business,4801,2,2,3,2,1,3,5,3,5,3,3,2,4,2,14,27.0,satisfied
648,Female,Loyal Customer,15,Business travel,Business,3069,4,3,3,4,2,2,4,4,4,1,3,3,2,3,24,26.0,satisfied
649,Female,Loyal Customer,54,Business travel,Business,1027,1,3,1,2,3,4,3,3,3,4,4,4,4,4,14,18.0,satisfied
650,Female,disloyal Customer,53,Business travel,Business,748,3,3,4,3,3,4,3,2,3,3,3,0,2,3,1,1.0,neutral or dissatisfied
651,Male,disloyal Customer,36,Business travel,Business,295,2,3,4,3,4,2,3,1,3,3,1,1,3,3,1,0.0,neutral or dissatisfied
652,Female,Loyal Customer,21,Personal Travel,Eco,2509,5,3,3,3,2,3,3,4,1,3,3,1,1,3,2,1.0,neutral or dissatisfied
653,Male,Loyal Customer,73,Personal Travel,Business,551,2,3,1,4,5,2,3,4,2,2,3,2,3,2,3,13.0,neutral or dissatisfied
654,Female,Loyal Customer,73,Business travel,Eco,2938,2,3,2,3,2,3,3,4,3,3,4,3,1,3,20,23.0,neutral or dissatisfied
655,Female,Loyal Customer,65,Business travel,Business,2197,2,3,3,3,2,4,3,4,3,2,3,5,3,4,5,2.0,satisfied
656,Female,disloyal Customer,52,Business travel,Business,3196,3,4,3,3,2,4,2,5,4,2,2,1,4,3,17,19.0,satisfied
657,Female,Loyal Customer,27,Business travel,Business,1077,3,2,3,3,2,4,3,3,4,2,4,5,3,4,6,0.0,satisfied
658,Female,Loyal Customer,38,Business travel,Eco,769,2,1,4,3,2,4,1,4,3,2,5,3,4,4,10,15.0,neutral or dissatisfied
659,Male,Loyal Customer,12,Business travel,Eco Plus,548,4,4,3,3,4,4,4,2,2,1,4,4,3,4,4,1.0,neutral or dissatisfied
660,Male,Loyal Customer,26,Business travel,Business,523,3,2,4,5,2,2,3,4,4,3,1,4,3,3,53,54.0,neutral or dissatisfied
661,Male,disloyal Customer,42,Business travel,Eco Plus,407,4,3,2,3,3,4,3,2,3,4,5,1,3,3,35,27.0,neutral or dissatisfied
662,Female,Loyal Customer,41,Business travel,Business,1330,3,2,2,5,2,4,4,4,3,3,5,2,4,4,13,14.0,satisfied
663,Male,Loyal Customer,13,Personal Travel,Eco,4012,3,2,4,2,2,2,2,2,2,4,5,2,2,2,2,0.0,satisfied
664,Male,Loyal Customer,81,Personal Travel,Eco,3054,3,1,4,4,4,2,2,4,2,2,2,4,3,5,0,0.0,neutral or dissatisfied
665,Female,Loyal Customer,27,Business travel,Business,1289,5,2,4,5,5,2,2,5,4,2,3,2,5,0,0,0.0,satisfied
666,Female,Loyal Customer,46,Business travel,Business,4661,3,4,3,3,4,1,4,1,5,4,4,3,4,3,7,2.0,satisfied
667,Female,disloyal Customer,43,Business travel,Business,3817,3,3,3,2,1,2,4,2,3,3,2,2,5,4,21,0.0,satisfied
668,Female,Loyal Customer,43,Business travel,Eco,3906,2,4,3,3,2,3,5,3,2,3,4,4,4,4,2,0.0,satisfied
669,Female,Loyal Customer,72,Business travel,Business,4497,2,2,3,3,5,5,5,3,5,5,5,2,2,2,20,22.0,satisfied
670,Male,Loyal Customer,65,Personal Travel,Eco,3741,3,4,3,3,3,3,3,3,3,3,3,2,3,2,10,3.0,satisfied
671,Female,Loyal Customer,74,Business travel,Business,4786,4,2,5,3,1,2,2,3,2,2,5,3,1,3,1,4.0,neutral or dissatisfied
672,Female,Loyal Customer,36,Business travel,Eco,1684,2,1,2,3,4,3,1,2,3,2,4,3,5,2,23,,neutral or dissatisfied
673,Female,Loyal Customer,27,Personal Travel,Business,4287,3,3,5,5,3,3,2,4,3,3,1,4,4,2,0,2.0,neutral or dissatisfied
674,Male,Loyal Customer,40,Business travel,Eco,602,3,4,2,3,4,2,3,2,5,4,2,3,2,4,4,7.0,satisfied
675,Female,Loyal Customer,50,Business travel,Business,1535,3,2,3,2,1,3,1,4,1,4,4,3,4,4,4,6.0,satisfied
676,Female,Loyal Customer,33,Personal Travel,Business,4465,1,4,2,4,3,4,2,3,4,5,2,4,4,3,3,7.0,satisfied
677,Female,Loyal Customer,42,Personal Travel,Business,710,2,2,3,4,4,2,3,3,3,3,4,3,3,4,7,2.0,satisfied
678,Male,Loyal Customer,18,Business travel,Eco,2529,1,4,4,5,2,1,4,5,3,1,4,4,4,3,7,1.0,satisfied
679,Female,Loyal Customer,52,Personal Travel,Business,1735,3,5,3,5,4,4,2,4,3,4,4,4,4,2,14,8.0,neutral or dissatisfied
680,Female,Loyal Customer,62,Personal Travel,Eco,547,2,3,4,3,2,3,3,2,3,3,3,3,4,2,14,19.0,neutral or dissatisfied
681,Female,Loyal Customer,48,Business travel,Eco Plus,1217,2,3,3,3,3,5,5,2,3,3,4,2,3,4,18,12.0,neutral or dissatisfied
682,Male,disloyal Customer,75,Business travel,Business,2698,2,3,1,1,5,3,1,4,3,4,5,3,3,2,33,31.0,neutral or dissatisfied
683,Female,Loyal Customer,84,Personal Travel,Business,3171,3,5,4,2,2,3,4,2,3,3,3,1,3,4,6,3.0,neutral or dissatisfied
684,Female,Loyal Customer,77,Personal Travel,Business,3393,2,3,3,3,3,4,4,5,2,4,4,2,4,3,1,2.0,satisfied
685,Male,Loyal Customer,14,Business travel,Business,700,4,5,2,2,4,1,5,3,5,2,5,2,5,5,7,11.0,satisfied
686,Female,Loyal Customer,75,Business travel,Business,1633,4,3,3,1,3,4,4,3,4,1,3,4,2,2,5,9.0,satisfied
687,Male,Loyal Customer,33,Personal Travel,Eco,565,3,2,3,3,3,3,2,3,4,2,3,3,3,2,10,0.0,satisfied
688,Female,Loyal Customer,42,Business travel,Business,95,3,2,2,4,2,4,3,5,3,3,3,5,2,3,11,13.0,satisfied
689,Male,Loyal Customer,39,Business travel,Business,1983,1,3,3,3,3,2,2,1,4,4,1,3,4,3,5,5.0,neutral or dissatisfied
690,Female,Loyal Customer,29,Personal Travel,Eco,3126,2,1,4,4,3,3,3,4,4,2,2,1,4,3,8,9.0,satisfied
691,Female,disloyal Customer,75,Business travel,Business,1885,2,2,5,4,1,3,3,5,3,5,4,4,3,3,5,3.0,satisfied
692,Female,Loyal Customer,56,Business travel,Eco,248,3,3,5,4,4,4,4,3,3,2,4,4,3,3,1,0.0,satisfied
693,Female,disloyal Customer,82,Business travel,Eco Plus,1138,4,3,3,5,2,3,4,3,4,3,3,1,3,3,5,12.0,satisfied
694,Female,disloyal Customer,81,Business travel,Business,2192,3,5,3,5,1,3,5,3,5,3,4,4,2,1,9,8.0,satisfied
695,Male,disloyal Customer,39,Personal Travel,Eco,1810,4,3,3,4,2,5,3,4,3,3,4,4,1,5,12,,satisfied
696,Male,Loyal Customer,63,Business travel,Eco,4132,2,1,2,2,2,3,4,2,3,3,2,1,5,2,8,8.0,satisfied
697,Female,Loyal Customer,46,Business travel,Eco,3010,2,2,4,3,3,4,3,3,3,5,3,2,4,4,2,2.0,satisfied
698,Female,Loyal Customer,45,Business travel,Eco,4994,4,3,3,5,2,5,2,3,3,2,2,4,5,1,14,9.0,neutral or dissatisfied
699,Male,Loyal Customer,64,Business travel,Eco,918,3,3,3,2,3,4,3,4,3,3,4,3,3,2,33,33.0,neutral or dissatisfied
700,Male,disloyal Customer,60,Business travel,Eco,1882,3,5,2,5,5,1,3,5,2,3,3,5,4,3,27,34.0,satisfied
701,Female,Loyal Customer,78,Business travel,Eco,482,5,4,5,3,3,2,2,2,4,4,4,4,2,5,11,10.0,neutral or dissatisfied
702,Female,Loyal Customer,67,Business travel,Eco,149,4,4,3,3,1,2,2,3,5,3,3,4,3,4,11,12.0,neutral or dissatisfied
703,Male,Loyal Customer,55,Business travel,Eco,4623,3,3,4,2,2,4,2,2,5,3,2,4,5,4,8,20.0,neutral or dissatisfied
704,Male,Loyal Customer,78,Business travel,Eco,2489,2,4,2,2,3,3,3,3,4,1,4,2,3,3,1,0.0,satisfied
705,Male,Loyal Customer,14,Business travel,Business,3316,4,2,2,3,1,4,2,2,3,3,1,3,4,3,5,0.0,neutral or dissatisfied
706,Female,Loyal Customer,66,Business travel,Eco,1417,3,4,4,4,2,4,5,2,4,2,3,5,3,3,3,5.0,satisfied
707,Male,disloyal Customer,37,Business travel,Business,305,3,3,2,2,1,4,1,5,2,3,2,3,2,4,2,,satisfied
708,Female,Loyal Customer,40,Business travel,Business,4469,4,1,1,5,3,2,3,4,4,2,5,4,3,5,9,13.0,satisfied
709,Male,Loyal Customer,67,Business travel,Business,3309,4,4,2,2,5,4,4,3,4,2,5,3,4,3,29,23.0,satisfied
710,Male,Loyal Customer,28,Business travel,Business,3571,4,5,4,2,2,5,2,2,4,3,4,2,4,3,2,0.0,satisfied
711,Female,disloyal Customer,75,Personal Travel,Eco,2690,4,3,4,3,4,2,3,3,5,3,3,2,1,3,1,7.0,neutral or dissatisfied
712,Female,Loyal Customer,45,Business travel,Business,2051,3,5,2,4,2,3,3,2,3,3,5,4,2,3,5,0.0,satisfied
713,Female,Loyal Customer,34,Personal Travel,Eco,2140,4,1,2,3,2,4,3,3,3,2,2,4,4,4,10,0.0,neutral or dissatisfied
714,Female,Loyal Customer,32,Personal Travel,Eco,3822,2,2,4,3,5,3,4,4,3,3,2,3,2,4,13,0.0,satisfied
715,Female,disloyal Customer,39,Business travel,Business,1174,5,3,4,5,5,5,4,3,2,2,1,3,5,4,1,3.0,satisfied
716,Female,Loyal Customer,80,Business travel,Business,1738,2,3,3,3,3,4,3,2,4,2,3,2,3,3,7,13.0,satisfied
717,Female,Loyal Customer,15,Business travel,Eco,1571,3,2,4,2,3,4,2,3,4,3,1,3,4,2,2,0.0,neutral or dissatisfied
718,Male,disloyal Customer,46,Business travel,Eco,2632,2,3,4,2,3,4,3,4,4,0,5,3,5,4,0,8.0,satisfied
719,Male,Loyal Customer,72,Business travel,Business,4839,3,2,5,4,3,4,2,3,3,5,3,2,2,4,6,6.0,satisfied
720,Female,Loyal Customer,43,Business travel,Business,4617,2,3,2,3,3,3,3,1,4,4,2,3,4,4,5,5.0,neutral or dissatisfied
721,Male,Loyal Customer,51,Personal Travel,Business,2746,3,3,2,3,4,3,3,4,4,3,4,2,3,3,38,45.0,satisfied
722,Female,Loyal Customer,34,Business travel,Business,1040,3,2,2,4,5,4,3,4,3,2,4,2,3,2,5,0.0,neutral or dissatisfied
723,Female,Loyal Customer,17,Personal Travel,Business,4705,2,3,4,5,2,2,4,3,0,3,5,4,3,4,41,46.0,neutral or dissatisfied
724,Male,Loyal Customer,56,Personal Travel,Eco Plus,1599,3,2,3,3,3,3,5,5,3,2,1,5,3,4,12,0.0,neutral or dissatisfied
725,Female,Loyal Customer,78,Business travel,Business,1813,5,2,3,3,3,2,4,3,3,4,1,5,0,4,1,0.0,satisfied
726,Male,Loyal Customer,47,Personal Travel,Business,4433,2,4,3,3,4,4,5,4,3,1,5,3,5,2,13,2.0,satisfied
727,Female,Loyal Customer,40,Personal Travel,Eco,1353,2,5,3,2,5,5,4,4,3,2,0,4,2,4,25,29.0,satisfied
728,Male,Loyal Customer,17,Business travel,Eco,2336,4,4,3,3,4,2,3,4,3,2,2,4,5,1,30,34.0,neutral or dissatisfied
729,Male,Loyal Customer,80,Business travel,Business,4588,3,3,4,3,4,3,4,3,2,5,3,4,2,5,8,14.0,satisfied
730,Female,disloyal Customer,74,Business travel,Eco,1623,3,2,2,4,4,3,4,2,2,2,2,3,2,3,34,34.0,neutral or dissatisfied
731,Female,Loyal Customer,77,Business travel,Eco Plus,3140,4,3,3,3,4,4,4,4,4,3,3,4,4,3,7,4.0,satisfied
732,Male,Loyal Customer,35,Business travel,Business,234,2,4,2,4,5,5,3,4,4,1,2,2,3,5,37,40.0,neutral or dissatisfied
733,Female,Loyal Customer,55,Business travel,Business,4978,2,0,3,3,1,3,2,5,2,3,5,2,4,3,24,23.0,satisfied
734,Female,Loyal Customer,40,Business travel,Eco,2123,2,3,3,3,4,0,2,4,3,5,4,3,4,3,2,3.0,satisfied
735,Male,Loyal Customer,25,Personal Travel,Eco,3367,3,4,4,4,0,4,4,1,4,4,4,3,3,2,10,9.0,satisfied
736,Female,Loyal Customer,23,Business travel,Eco Plus,2527,4,2,3,3,4,3,2,3,3,1,3,5,3,2,23,23.0,neutral or dissatisfied
737,Female,Loyal Customer,36,Business travel,Business,2198,1,3,3,3,4,3,4,3,4,3,2,2,4,4,11,26.0,neutral or dissatisfied
738,Male,Loyal Customer,50,Business travel,Eco Plus,2061,2,3,3,3,2,4,5,5,4,2,3,4,2,3,7,13.0,satisfied
739,Female,Loyal Customer,16,Personal Travel,Business,137,1,1,5,5,0,3,3,4,4,4,2,3,3,1,1,4.0,satisfied
740,Female,Loyal Customer,61,Business travel,Eco,1423,5,3,1,3,3,3,5,4,3,3,5,1,1,4,9,6.0,satisfied
741,Female,Loyal Customer,42,Business travel,Eco,1934,2,2,2,4,3,3,3,1,5,1,4,4,3,3,6,6.0,neutral or dissatisfied
742,Female,disloyal Customer,75,Business travel,Business,1877,3,3,3,3,3,4,3,2,3,3,2,2,3,4,4,11.0,neutral or dissatisfied
743,Female,Loyal Customer,28,Business travel,Business,1403,1,4,2,4,2,4,3,3,3,2,5,5,3,3,1,1.0,neutral or dissatisfied
744,Male,Loyal Customer,11,Personal Travel,Eco,3230,3,3,4,3,2,5,2,3,4,1,3,2,5,4,8,5.0,satisfied
745,Female,Loyal Customer,31,Business travel,Eco,4154,4,3,3,4,3,4,2,3,3,3,5,2,5,4,0,0.0,satisfied
746,Male,Loyal Customer,82,Business travel,Business,4461,3,3,3,4,2,3,1,5,3,3,5,1,4,3,1,0.0,satisfied
747,Female,Loyal Customer,32,Personal Travel,Eco,4862,3,2,3,2,4,4,2,4,3,3,4,2,4,4,18,22.0,neutral or dissatisfied
748,Male,Loyal Customer,61,Personal Travel,Business,3265,1,3,3,3,3,2,5,2,3,4,2,4,3,4,1,0.0,neutral or dissatisfied
749,Male,Loyal Customer,72,Personal Travel,Business,2084,3,2,2,4,1,5,2,2,3,3,3,2,4,2,5,16.0,satisfied
750,Male,Loyal Customer,29,Business travel,Business,3248,3,4,3,4,3,3,2,2,1,1,5,3,4,2,0,1.0,satisfied
751,Female,Loyal Customer,57,Personal Travel,Eco,705,2,4,1,4,3,3,2,3,3,2,3,3,4,2,10,20.0,neutral or dissatisfied
752,Male,Loyal Customer,22,Business travel,Business,4093,4,4,2,3,5,2,2,4,1,3,3,2,3,4,13,12.0,neutral or dissatisfied
753,Male,disloyal Customer,35,Personal Travel,Eco,2698,4,5,4,5,4,4,3,4,3,4,3,3,4,2,4,0.0,neutral or dissatisfied
754,Female,Loyal Customer,30,Personal Travel,Business,867,2,3,4,2,2,3,3,3,4,3,2,2,3,1,0,0.0,neutral or dissatisfied
755,Female,disloyal Customer,59,Business travel,Eco,2157,4,2,5,1,5,3,3,3,3,3,4,4,4,2,7,2.0,neutral or dissatisfied
756,Male,Loyal Customer,75,Business travel,Eco,1540,3,3,3,3,1,1,2,5,4,3,2,1,4,3,16,9.0,satisfied
757,Female,disloyal Customer,26,Business travel,Business,1780,4,1,2,4,3,3,3,2,4,3,2,4,2,4,10,13.0,neutral or dissatisfied
758,Male,Loyal Customer,29,Business travel,Business,300,5,1,4,2,4,3,3,4,1,5,4,2,3,5,47,40.0,satisfied
759,Male,Loyal Customer,71,Business travel,Business,129,2,4,5,1,5,4,3,4,5,3,3,3,3,4,29,17.0,satisfied
760,Female,Loyal Customer,43,Business travel,Business,1780,4,1,5,1,5,3,5,3,3,3,3,3,2,3,13,8.0,satisfied
761,Male,Loyal Customer,47,Business travel,Eco,1543,4,2,2,4,4,0,3,3,3,3,3,3,5,2,8,13.0,neutral or dissatisfied
762,Female,disloyal Customer,62,Business travel,Eco,4994,2,3,3,1,3,3,3,4,3,2,2,5,2,1,9,7.0,satisfied
763,Female,Loyal Customer,17,Business travel,Business,1349,2,3,4,4,4,2,0,3,1,1,5,2,5,3,0,0.0,satisfied
764,Female,Loyal Customer,75,Business travel,Eco,1680,2,4,4,3,3,2,3,2,3,1,4,1,2,3,19,15.0,neutral or dissatisfied
765,Male,Loyal Customer,35,Business travel,Business,4580,3,3,4,2,2,4,1,2,4,2,2,5,2,3,32,39.0,neutral or dissatisfied
766,Female,disloyal Customer,58,Business travel,Business,4305,3,2,3,2,3,1,4,5,2,4,4,3,3,4,0,3.0,satisfied
767,Female,Loyal Customer,40,Personal Travel,Business,331,3,4,4,3,5,4,3,3,2,4,3,3,4,4,8,11.0,satisfied
768,Male,Loyal Customer,65,Personal Travel,Business,474,4,4,4,2,4,3,4,3,3,2,4,5,4,3,20,22.0,neutral or dissatisfied
769,Male,disloyal Customer,54,Business travel,Eco,520,1,1,2,3,5,2,3,4,5,3,4,1,5,3,35,21.0,neutral or dissatisfied
770,Male,disloyal Customer,20,Business travel,Business,2325,2,3,4,3,2,2,3,3,4,3,5,3,2,2,10,9.0,neutral or dissatisfied
771,Female,Loyal Customer,21,Business travel,Eco,2884,4,2,4,4,3,4,4,3,4,2,2,2,4,2,29,36.0,neutral or dissatisfied
772,Female,Loyal Customer,75,Personal Travel,Business,1789,4,2,2,4,3,4,2,4,5,4,2,3,1,2,14,0.0,neutral or dissatisfied
773,Male,disloyal Customer,47,Business travel,Eco,114,2,5,4,3,4,1,4,2,4,4,1,1,2,5,3,0.0,neutral or dissatisfied
774,Female,Loyal Customer,28,Personal Travel,Business,1047,4,3,4,2,3,4,4,2,4,3,5,3,3,5,4,0.0,satisfied
775,Female,Loyal Customer,18,Business travel,Business,3092,4,3,4,4,4,2,3,2,3,3,4,3,2,2,8,2.0,satisfied
776,Female,Loyal Customer,17,Business travel,Business,1893,3,3,5,4,4,4,5,5,3,1,5,3,4,4,18,18.0,satisfied
777,Male,Loyal Customer,78,Business travel,Business,661,2,4,3,3,1,2,4,3,4,4,2,0,2,2,0,0.0,satisfied
778,Male,Loyal Customer,83,Personal Travel,Business,3273,4,2,3,3,4,3,1,3,2,4,4,4,4,3,3,6.0,neutral or dissatisfied
779,Male,Loyal Customer,37,Personal Travel,Business,3086,5,2,0,5,4,2,4,2,4,3,1,3,4,3,1,17.0,neutral or dissatisfied
780,Female,Loyal Customer,22,Business travel,Eco,2477,2,4,4,2,3,3,2,5,3,2,4,5,2,3,10,5.0,satisfied
781,Female,Loyal Customer,39,Business travel,Business,4703,3,1,4,4,1,3,4,3,4,2,3,2,3,4,4,0.0,satisfied
782,Female,Loyal Customer,17,Business travel,Eco,4229,4,4,4,4,3,2,4,3,3,4,3,2,3,4,14,10.0,satisfied
783,Male,Loyal Customer,49,Personal Travel,Eco,246,3,1,2,3,3,4,0,3,3,4,3,3,5,4,10,13.0,satisfied
784,Male,Loyal Customer,55,Business travel,Eco,4529,1,3,4,3,2,4,4,5,3,5,4,2,2,4,6,6.0,satisfied
785,Male,Loyal Customer,83,Personal Travel,Eco,295,3,1,4,3,4,5,3,4,4,2,3,4,1,2,4,9.0,neutral or dissatisfied
786,Female,Loyal Customer,31,Business travel,Business,2435,2,2,2,3,4,4,3,3,4,3,5,2,3,2,6,3.0,satisfied
787,Male,Loyal Customer,22,Business travel,Eco,4513,2,4,4,4,3,4,3,0,2,1,3,2,2,3,1,2.0,satisfied
788,Female,Loyal Customer,17,Business travel,Eco,4909,1,4,4,3,3,1,4,5,3,0,4,4,2,3,1,20.0,neutral or dissatisfied
789,Female,disloyal Customer,36,Business travel,Eco,161,4,4,1,5,3,1,2,2,3,4,4,3,3,3,4,0.0,satisfied
790,Male,Loyal Customer,53,Personal Travel,Business,406,2,1,4,3,3,3,4,2,3,2,4,3,2,2,14,14.0,satisfied
791,Male,disloyal Customer,12,Personal Travel,Eco,1244,3,2,2,5,2,5,2,2,3,1,3,2,4,3,19,21.0,neutral or dissatisfied
792,Male,Loyal Customer,66,Personal Travel,Business,1417,4,3,1,4,3,5,4,5,5,2,5,4,2,5,26,,satisfied
793,Female,Loyal Customer,42,Business travel,Eco,1433,3,4,3,3,3,2,4,3,3,3,4,2,5,1,10,15.0,neutral or dissatisfied
794,Female,disloyal Customer,68,Personal Travel,Business,2112,3,2,3,5,5,3,4,2,4,3,0,1,4,2,12,12.0,neutral or dissatisfied
795,Male,disloyal Customer,43,Business travel,Business,1628,3,2,5,1,4,4,3,3,2,1,3,3,2,3,10,6.0,neutral or dissatisfied
796,Male,Loyal Customer,19,Business travel,Eco,2934,3,2,3,3,5,3,3,2,3,4,5,3,2,1,20,29.0,neutral or dissatisfied
797,Female,Loyal Customer,8,Business travel,Eco,4277,2,5,4,2,1,3,3,4,3,2,2,3,3,2,6,5.0,neutral or dissatisfied
798,Male,Loyal Customer,50,Business travel,Business,2752,2,2,4,3,3,4,2,3,4,3,3,4,4,5,5,16.0,satisfied
799,Male,Loyal Customer,49,Business travel,Eco,1693,3,3,4,2,5,5,2,1,2,3,3,3,3,4,5,3.0,neutral or dissatisfied
800,Male,Loyal Customer,70,Business travel,Eco,2861,3,3,2,2,2,5,2,3,1,3,5,1,2,5,17,12.0,neutral or dissatisfied
801,Male,disloyal Customer,75,Business travel,Eco Plus,3121,3,4,3,1,2,5,2,3,3,2,2,3,2,1,13,1.0,neutral or dissatisfied
802,Male,Loyal Customer,19,Business travel,Eco,4486,4,2,3,3,3,1,5,2,4,3,2,3,3,5,31,34.0,satisfied
803,Female,Loyal Customer,31,Business travel,Business,4739,3,4,4,3,5,4,1,1,2,3,4,3,2,2,0,0.0,neutral or dissatisfied
804,Female,Loyal Customer,23,Business travel,Business,1423,2,2,3,3,2,2,4,4,3,3,4,3,4,4,20,29.0,satisfied
805,Female,Loyal Customer,15,Personal Travel,Eco,4595,1,4,2,4,4,5,2,3,2,3,4,5,1,1,30,18.0,neutral or dissatisfied
806,Female,Loyal Customer,7,Business travel,Business,4093,2,1,3,3,3,5,2,3,1,4,4,5,4,4,4,0.0,satisfied
807,Female,Loyal Customer,13,Business travel,Eco,684,2,3,5,3,1,4,2,4,4,2,3,2,3,4,12,11.0,neutral or dissatisfied
808,Male,Loyal Customer,47,Personal Travel,Eco,2812,2,5,1,5,3,2,2,1,4,4,4,1,1,3,5,11.0,neutral or dissatisfied
809,Male,Loyal Customer,18,Personal Travel,Eco Plus,803,3,4,4,4,2,3,4,3,3,3,3,4,4,2,3,2.0,neutral or dissatisfied
810,Female,Loyal Customer,22,Personal Travel,Business,2477,3,3,4,5,4,3,4,4,3,5,3,4,4,3,8,13.0,satisfied
811,Male,Loyal Customer,16,Personal Travel,Eco,271,5,2,4,3,5,4,3,3,3,1,3,5,2,3,4,5.0,neutral or dissatisfied
812,Female,disloyal Customer,63,Personal Travel,Eco,1532,4,2,5,3,3,4,5,2,2,4,3,3,4,2,12,16.0,satisfied
813,Female,Loyal Customer,56,Business travel,Business,2961,5,4,4,2,3,5,3,2,5,2,2,3,2,3,3,14.0,neutral or dissatisfied
814,Male,Loyal Customer,82,Personal Travel,Business,1555,4,4,3,3,5,5,3,3,3,5,4,1,1,3,18,12.0,satisfied
815,Female,Loyal Customer,15,Personal Travel,Business,99,4,4,2,2,2,2,2,1,4,3,2,3,3,4,0,0.0,satisfied
816,Female,Loyal Customer,23,Business travel,Business,1972,3,3,3,5,2,4,2,4,3,4,4,2,2,1,9,0.0,satisfied
817,Male,Loyal Customer,42,Personal Travel,Eco Plus,2728,2,3,4,2,5,4,3,3,4,3,3,2,2,3,5,,neutral or dissatisfied
818,Male,Loyal Customer,57,Personal Travel,Eco,3829,3,4,3,3,3,3,4,2,4,4,3,4,4,3,0,0.0,neutral or dissatisfied
819,Female,Loyal Customer,17,Personal Travel,Business,725,3,3,2,1,3,4,4,4,3,4,3,3,3,3,3,3.0,satisfied
820,Female,disloyal Customer,23,Personal Travel,Eco,2409,2,3,2,4,5,4,5,3,4,3,4,4,5,2,2,0.0,neutral or dissatisfied
821,Male,Loyal Customer,39,Business travel,Business,1033,2,1,3,2,1,3,2,5,4,4,5,3,4,4,1,0.0,satisfied
822,Female,Loyal Customer,8,Business travel,Business,811,3,4,1,4,3,3,4,3,4,0,5,4,4,4,17,22.0,satisfied
823,Male,Loyal Customer,37,Business travel,Business,653,2,3,2,1,2,3,4,2,4,2,4,2,2,4,17,20.0,satisfied
824,Female,disloyal Customer,66,Personal Travel,Eco,3811,1,2,0,3,3,2,4,2,4,3,3,2,1,3,7,2.0,satisfied
825,Female,disloyal Customer,48,Personal Travel,Eco,4601,2,4,4,1,2,3,2,3,4,4,4,3,5,3,10,1309.0,neutral or dissatisfied
826,Male,Loyal Customer,40,Personal Travel,Eco,3333,3,3,4,2,2,2,2,2,3,4,1,5,4,5,3,8.0,satisfied
827,Female,Loyal Customer,45,Personal Travel,Eco,1922,2,3,3,3,4,4,4,3,4,3,4,4,5,4,9,21.0,neutral or dissatisfied
828,Female,Loyal Customer,80,Personal Travel,Business,4748,3,4,5,2,3,5,4,3,3,3,4,3,2,5,10,0.0,satisfied
829,Female,Loyal Customer,47,Business travel,Eco,2510,4,4,4,2,2,3,3,3,4,4,2,5,4,3,31,26.0,neutral or dissatisfied
830,Male,Loyal Customer,48,Personal Travel,Business,2670,4,3,4,4,2,4,4,3,5,4,3,3,4,4,5,11.0,satisfied
831,Male,Loyal Customer,79,Business travel,Business,3190,2,3,3,5,3,3,5,4,4,4,4,2,4,4,5,0.0,satisfied
832,Male,Loyal Customer,19,Business travel,Eco,3289,2,5,3,3,1,2,3,3,2,3,4,3,4,5,2,0.0,neutral or dissatisfied
833,Male,Loyal Customer,14,Business travel,Business,2486,2,2,4,2,3,5,2,3,3,5,4,3,3,1,8,0.0,neutral or dissatisfied
834,Male,disloyal Customer,42,Business travel,Business,2422,4,4,3,3,4,1,2,4,4,3,5,2,4,3,23,25.0,satisfied
835,Female,Loyal Customer,31,Business travel,Business,1623,4,3,4,3,4,3,2,2,2,3,3,3,3,4,6,3.0,neutral or dissatisfied
836,Female,Loyal Customer,22,Business travel,Business,3419,3,4,4,4,2,2,3,4,2,5,2,1,4,4,5,0.0,neutral or dissatisfied
837,Female,Loyal Customer,16,Business travel,Eco Plus,3378,4,4,3,3,3,5,3,4,2,5,4,3,2,3,7,20.0,neutral or dissatisfied
838,Male,Loyal Customer,75,Personal Travel,Business,2208,5,3,4,1,2,3,3,4,3,4,5,3,2,4,11,15.0,neutral or dissatisfied
839,Male,Loyal Customer,54,Business travel,Eco,3574,2,4,3,4,3,5,3,2,5,2,5,3,3,4,3,7.0,neutral or dissatisfied
840,Female,Loyal Customer,60,Personal Travel,Eco Plus,732,5,3,3,4,3,3,4,2,3,3,4,1,4,5,7,7.0,satisfied
841,Male,Loyal Customer,16,Business travel,Eco,2110,3,2,2,5,2,2,2,3,4,4,5,3,3,4,22,28.0,satisfied
842,Female,Loyal Customer,33,Business travel,Business,4934,4,4,3,2,4,1,5,3,3,5,3,4,3,3,0,3.0,satisfied
843,Female,Loyal Customer,55,Business travel,Eco,3681,4,4,5,3,1,4,4,3,3,5,5,5,4,3,0,0.0,satisfied
844,Male,Loyal Customer,48,Business travel,Business,3615,1,3,2,2,2,2,4,3,4,2,2,5,4,4,1,15.0,neutral or dissatisfied
845,Male,Loyal Customer,61,Personal Travel,Business,4322,2,4,3,3,2,3,2,3,2,4,1,3,3,5,0,13.0,neutral or dissatisfied
846,Male,Loyal Customer,59,Business travel,Eco,3062,2,2,3,3,2,5,3,0,5,2,2,5,2,4,21,17.0,satisfied
847,Male,Loyal Customer,39,Personal Travel,Business,3329,1,3,1,2,4,4,4,4,4,3,3,2,3,4,4,0.0,neutral or dissatisfied
848,Male,Loyal Customer,68,Business travel,Eco,2433,4,3,4,3,4,3,3,5,4,2,3,2,3,3,3,,satisfied
849,Female,Loyal Customer,27,Personal Travel,Business,4139,5,4,2,3,3,3,2,3,3,5,2,3,2,3,17,9.0,satisfied
850,Female,Loyal Customer,13,Personal Travel,Eco,3571,3,2,3,3,3,1,2,3,4,3,3,4,4,2,11,13.0,satisfied
851,Female,Loyal Customer,78,Business travel,Eco,2641,4,4,4,5,3,1,2,5,4,3,4,4,4,4,4,1.0,satisfied
852,Female,Loyal Customer,8,Business travel,Eco Plus,677,5,4,3,3,5,4,2,3,3,3,4,0,3,4,28,23.0,neutral or dissatisfied
853,Female,Loyal Customer,29,Business travel,Business,4039,3,3,3,3,1,4,5,4,2,3,3,2,3,3,9,13.0,satisfied
854,Male,Loyal Customer,15,Business travel,Business,1664,3,5,2,1,4,4,1,5,2,3,5,4,2,3,30,29.0,satisfied
855,Male,Loyal Customer,25,Business travel,Eco Plus,1827,3,2,4,4,2,3,2,5,3,2,2,2,2,3,1,8.0,neutral or dissatisfied
856,Female,disloyal Customer,37,Business travel,Eco,667,4,1,3,2,4,2,4,2,3,1,3,3,4,5,6,6.0,satisfied
857,Male,Loyal Customer,17,Personal Travel,Business,1124,4,4,1,4,4,5,2,3,3,2,3,3,2,4,9,22.0,neutral or dissatisfied
858,Male,Loyal Customer,43,Personal Travel,Business,673,4,1,4,2,4,1,3,4,3,1,4,4,3,3,3,20.0,neutral or dissatisfied
859,Female,Loyal Customer,79,Business travel,Eco,532,3,5,4,3,5,3,4,4,4,3,3,4,2,4,9,10.0,satisfied
860,Female,Loyal Customer,17,Business travel,Eco,155,3,3,5,1,1,3,4,4,3,2,4,4,4,1,21,19.0,neutral or dissatisfied
861,Female,Loyal Customer,79,Business travel,Eco,1508,1,1,5,4,4,3,3,0,3,4,4,4,3,3,5,5.0,neutral or dissatisfied
862,Female,Loyal Customer,39,Business travel,Eco,3791,4,2,4,3,3,3,4,1,4,3,3,2,3,1,16,24.0,satisfied
863,Male,Loyal Customer,53,Personal Travel,Business,4326,2,1,4,3,2,3,1,5,4,1,1,4,5,2,5,11.0,satisfied
864,Female,Loyal Customer,41,Business travel,Business,1175,4,3,4,2,5,4,3,4,2,3,3,4,5,2,14,0.0,satisfied
865,Female,Loyal Customer,31,Business travel,Eco,2148,4,2,2,2,4,2,4,4,2,1,2,3,4,1,15,19.0,neutral or dissatisfied
866,Female,Loyal Customer,15,Business travel,Eco,4168,2,4,1,3,3,3,5,2,2,2,2,4,3,4,1,0.0,neutral or dissatisfied
867,Female,Loyal Customer,53,Business travel,Business,3549,2,3,2,3,4,4,2,3,3,2,0,3,3,3,9,11.0,satisfied
868,Female,Loyal Customer,78,Business travel,Eco,4526,5,2,4,4,3,3,2,4,4,2,1,3,3,3,4,4.0,neutral or dissatisfied
869,Male,disloyal Customer,47,Business travel,Business,2131,3,4,2,3,3,3,4,2,5,5,4,2,2,2,8,5.0,satisfied
870,Male,Loyal Customer,53,Business travel,Business,884,2,4,4,2,2,3,3,2,4,4,2,5,4,4,9,0.0,neutral or dissatisfied
871,Male,Loyal Customer,57,Business travel,Eco,758,4,4,4,5,3,1,2,4,5,3,4,2,3,5,21,9.0,satisfied
872,Male,Loyal Customer,37,Personal Travel,Business,3558,2,2,3,3,2,1,2,4,3,5,2,3,2,4,27,25.0,neutral or dissatisfied
873,Male,Loyal Customer,16,Business travel,Business,180,1,3,2,2,3,3,3,3,4,2,4,3,3,4,14,13.0,neutral or dissatisfied
874,Male,Loyal Customer,46,Personal Travel,Eco,2328,4,2,3,3,4,3,4,4,3,3,3,2,4,1,8,8.0,neutral or dissatisfied
875,Female,Loyal Customer,74,Business travel,Business,1798,2,3,3,3,3,3,3,4,1,4,4,4,3,3,59,60.0,satisfied
876,Female,Loyal Customer,31,Business travel,Business,4598,3,2,5,3,5,4,4,1,3,2,3,4,2,4,5,0.0,neutral or dissatisfied
877,Female,Loyal Customer,74,Personal Travel,Eco,4991,2,3,4,3,3,2,3,5,3,4,3,3,1,5,9,0.0,neutral or dissatisfied
878,Female,Loyal Customer,73,Personal Travel,Business,2447,4,3,3,4,4,1,4,4,5,3,5,2,3,4,47,54.0,neutral or dissatisfied
879,Female,Loyal Customer,26,Business travel,Eco,2921,3,3,5,5,4,5,4,3,3,4,4,4,4,5,3,7.0,satisfied
880,Female,Loyal Customer,51,Business travel,Business,1925,0,3,3,1,5,5,3,3,2,5,2,3,3,2,2,0.0,neutral or dissatisfied
881,Male,Loyal Customer,65,Personal Travel,Business,3895,3,4,1,4,5,5,4,4,4,4,1,4,2,2,2,8.0,satisfied
882,Female,Loyal Customer,45,Personal Travel,Eco,1508,3,3,3,3,1,2,2,4,2,3,3,5,2,4,12,,satisfied
883,Male,Loyal Customer,61,Business travel,Business,3734,5,2,5,3,3,3,3,3,3,1,4,0,3,5,8,9.0,satisfied
884,Male,Loyal Customer,78,Business travel,Eco,4522,3,3,2,4,3,2,3,5,4,3,3,4,2,5,12,13.0,satisfied
885,Female,Loyal Customer,55,Business travel,Eco,899,4,2,3,0,3,3,4,1,2,2,2,5,2,1,36,31.0,neutral or dissatisfied
886,Female,Loyal Customer,72,Business travel,Eco,1169,2,4,2,4,3,3,4,2,5,3,3,5,3,3,27,30.0,neutral or dissatisfied
887,Male,Loyal Customer,69,Business travel,Business,1922,2,3,2,4,2,2,2,4,4,2,4,4,5,4,12,2.0,satisfied
888,Male,disloyal Customer,70,Business travel,Business,4147,3,3,2,2,2,4,2,3,4,4,5,4,5,4,22,22.0,satisfied
889,Male,Loyal Customer,73,Personal Travel,Eco,3222,3,3,2,1,3,3,3,4,5,2,3,2,4,4,13,13.0,neutral or dissatisfied
890,Male,Loyal Customer,24,Business travel,Business,1011,4,5,2,5,4,5,2,2,3,3,5,3,4,3,3,0.0,satisfied
891,Male,Loyal Customer,8,Personal Travel,Eco,1871,3,3,5,1,2,3,4,3,4,2,5,3,1,0,56,60.0,neutral or dissatisfied
892,Female,disloyal Customer,18,Personal Travel,Eco,3234,2,3,3,3,3,0,3,4,4,1,3,2,5,5,10,18.0,neutral or dissatisfied
893,Female,Loyal Customer,26,Personal Travel,Business,4825,2,2,4,4,2,1,2,2,2,3,3,4,4,4,1,1.0,satisfied
894,Female,Loyal Customer,60,Business travel,Business,2282,4,4,4,3,2,5,2,3,3,4,5,3,2,2,16,16.0,neutral or dissatisfied
895,Female,disloyal Customer,46,Business travel,Eco,418,3,3,2,4,3,3,4,3,5,2,2,1,5,3,6,4.0,satisfied
896,Female,Loyal Customer,43,Business travel,Eco,567,3,1,2,3,3,3,4,4,4,3,2,3,3,3,4,4.0,neutral or dissatisfied
897,Female,disloyal Customer,7,Business travel,Business,192,4,3,4,4,4,3,2,4,4,3,2,3,4,4,1,0.0,satisfied
898,Male,Loyal Customer,60,Business travel,Eco,673,2,3,2,2,2,5,3,3,3,2,3,4,3,2,3,3.0,satisfied
899,Male,Loyal Customer,35,Business travel,Eco,2092,1,2,4,2,3,1,2,3,4,4,2,3,4,2,1,0.0,neutral or dissatisfied
900,Female,Loyal Customer,66,Business travel,Business,1443,2,3,5,3,4,5,3,3,3,2,3,1,4,4,6,18.0,neutral or dissatisfied
901,Male,Loyal Customer,15,Business travel,Business,1540,3,3,1,1,2,5,5,3,5,3,3,2,4,3,30,29.0,satisfied
902,Male,disloyal Customer,30,Personal Travel,Eco,3844,3,3,3,4,4,3,5,3,5,1,2,2,5,1,7,0.0,satisfied
903,Male,Loyal Customer,11,Personal Travel,Eco,2411,1,4,3,0,3,4,3,5,4,3,5,2,3,2,9,0.0,satisfied
904,Female,disloyal Customer,29,Business travel,Eco Plus,3658,4,2,2,3,4,3,4,2,4,4,5,2,3,3,7,14.0,satisfied
905,Male,Loyal Customer,79,Personal Travel,Business,2732,3,5,2,4,3,1,4,4,3,3,3,4,3,1,0,11.0,neutral or dissatisfied
906,Female,Loyal Customer,45,Business travel,Eco,1065,3,3,2,2,4,4,1,2,4,4,5,1,2,5,10,1.0,neutral or dissatisfied
907,Male,disloyal Customer,41,Business travel,Eco,4743,3,4,3,2,5,3,2,5,5,4,4,4,2,5,7,11.0,satisfied
908,Male,Loyal Customer,28,Personal Travel,Eco,2407,2,3,3,3,3,3,1,3,4,3,4,2,3,4,4,7.0,satisfied
909,Male,disloyal Customer,27,Business travel,Business,4188,3,1,4,4,4,4,4,2,2,4,2,3,5,3,1,1.0,satisfied
910,Male,Loyal Customer,59,Business travel,Business,530,4,2,3,3,3,3,5,3,5,3,3,3,4,2,14,5.0,satisfied
911,Female,Loyal Customer,83,Business travel,Eco,4255,4,2,4,2,2,5,4,2,2,4,4,3,3,2,11,14.0,neutral or dissatisfied
912,Male,Loyal Customer,65,Business travel,Business,3593,4,4,2,3,3,3,3,3,3,3,3,4,3,5,13,23.0,satisfied
913,Male,Loyal Customer,64,Business travel,Business,1287,4,1,2,3,3,4,3,4,3,5,3,3,2,2,7,17.0,satisfied
914,Female,Loyal Customer,43,Business travel,Eco,3976,1,2,3,3,1,3,3,5,0,3,3,3,2,3,0,3.0,satisfied
915,Female,Loyal Customer,14,Business travel,Business,3725,3,3,4,2,4,4,4,4,3,2,4,0,3,3,15,21.0,satisfied
916,Male,Loyal Customer,63,Business travel,Eco Plus,4472,2,4,4,3,4,3,3,3,5,3,3,3,3,3,1,0.0,satisfied
917,Female,Loyal Customer,70,Business travel,Eco,1088,4,3,5,4,4,3,3,4,4,2,5,5,4,3,4,8.0,satisfied
918,Female,disloyal Customer,46,Business travel,Eco,4434,4,2,3,4,5,5,2,4,5,4,2,2,3,3,1,5.0,satisfied
919,Male,Loyal Customer,14,Personal Travel,Business,3822,2,1,4,3,4,1,4,5,3,4,3,4,4,3,30,28.0,satisfied
920,Female,Loyal Customer,62,Personal Travel,Eco,1722,3,4,5,5,2,3,3,3,3,2,4,2,2,3,15,15.0,neutral or dissatisfied
921,Female,disloyal Customer,78,Business travel,Eco,1784,3,5,2,3,3,3,4,5,3,2,2,4,2,3,2,0.0,satisfied
922,Female,Loyal Customer,24,Personal Travel,Eco,1309,4,3,3,2,4,4,4,2,3,3,3,4,3,2,35,23.0,neutral or dissatisfied
923,Male,Loyal Customer,19,Business travel,Business,2409,1,2,5,2,3,4,1,4,4,2,3,3,3,2,11,15.0,satisfied
924,Male,Loyal Customer,64,Business travel,Business,4488,1,3,4,3,3,3,3,3,5,2,5,3,4,3,1,15.0,neutral or dissatisfied
925,Male,Loyal Customer,32,Business travel,Eco Plus,4196,3,3,4,1,2,2,3,2,2,2,3,4,4,2,13,6.0,satisfied
926,Female,Loyal Customer,62,Business travel,Business,772,0,3,4,3,2,3,3,3,3,4,4,3,5,3,10,10.0,neutral or dissatisfied
927,Female,Loyal Customer,61,Personal Travel,Eco,699,3,5,2,4,4,4,2,2,4,1,4,2,5,2,1,0.0,satisfied
928,Male,Loyal Customer,27,Personal Travel,Business,343,4,4,2,4,1,3,2,4,5,2,0,1,5,1,23,24.0,neutral or dissatisfied
929,Male,Loyal Customer,10,Business travel,Business,3089,4,3,2,1,0,4,2,5,1,5,3,4,3,5,22,17.0,neutral or dissatisfied
930,Female,Loyal Customer,50,Business travel,Eco,1605,2,1,3,3,4,4,4,1,2,5,3,2,5,3,10,9.0,neutral or dissatisfied
931,Female,Loyal Customer,38,Business travel,Eco,3816,3,2,3,3,2,3,4,3,3,4,5,3,5,1,3,10.0,satisfied
932,Female,Loyal Customer,73,Business travel,Eco,3813,4,2,3,3,4,1,4,2,4,3,4,4,2,4,5,7.0,neutral or dissatisfied
933,Male,Loyal Customer,34,Business travel,Business,1028,2,2,3,3,5,3,1,4,3,4,4,2,3,3,0,0.0,satisfied
934,Female,disloyal Customer,26,Personal Travel,Eco,3486,4,3,1,3,2,4,5,5,4,3,4,2,4,3,4,0.0,satisfied
935,Male,Loyal Customer,74,Personal Travel,Eco Plus,3834,3,3,4,5,1,3,3,3,5,0,3,5,3,3,3,8.0,neutral or dissatisfied
936,Female,Loyal Customer,64,Personal Travel,Business,4935,2,1,1,4,3,4,5,2,3,2,4,3,1,4,8,0.0,satisfied
937,Male,Loyal Customer,55,Business travel,Business,3627,3,4,2,5,2,3,4,1,3,2,3,4,2,3,3,,satisfied
938,Male,Loyal Customer,81,Business travel,Business,1829,3,3,2,3,3,3,3,5,4,3,5,5,3,2,5,5.0,neutral or dissatisfied
939,Male,Loyal Customer,68,Business travel,Eco,4998,4,3,2,3,4,5,5,5,3,4,2,3,3,2,0,0.0,satisfied
940,Female,Loyal Customer,74,Personal Travel,Business,1415,3,4,3,2,3,4,4,1,3,5,4,2,4,2,8,0.0,satisfied
941,Female,disloyal Customer,69,Business travel,Eco,4036,3,2,4,2,3,2,3,4,3,3,3,3,5,3,3,1.0,neutral or dissatisfied
942,Male,Loyal Customer,38,Business travel,Business,1922,2,4,1,4,4,1,3,2,3,2,4,3,2,4,14,12.0,satisfied
943,Female,Loyal Customer,11,Business travel,Eco,4678,2,3,2,4,4,4,4,3,2,3,1,3,5,2,9,12.0,neutral or dissatisfied
944,Male,Loyal Customer,54,Personal Travel,Eco,3922,3,5,1,4,3,4,3,2,4,4,3,4,5,2,17,9.0,neutral or dissatisfied
945,Male,Loyal Customer,66,Personal Travel,Eco,3018,2,2,2,2,4,1,3,1,2,3,3,4,1,2,21,27.0,neutral or dissatisfied
946,Male,Loyal Customer,84,Personal Travel,Business,1110,4,5,3,2,1,3,3,3,2,2,3,1,2,2,1,0.0,satisfied
947,Female,Loyal Customer,60,Business travel,Business,982,4,2,4,5,4,5,2,5,2,4,1,4,3,4,0,0.0,satisfied
948,Male,Loyal Customer,51,Personal Travel,Eco,4741,2,5,1,2,3,3,2,2,3,2,3,3,2,3,0,0.0,neutral or dissatisfied
949,Female,disloyal Customer,51,Business travel,Business,4018,3,2,4,5,2,5,5,4,3,2,3,2,4,4,23,23.0,satisfied
950,Male,disloyal Customer,15,Business travel,Eco,2587,2,4,2,3,3,2,4,4,2,3,1,4,4,3,1,10.0,satisfied
951,Male,Loyal Customer,7,Business travel,Business,4393,1,3,2,2,4,2,3,4,3,2,2,2,3,3,6,13.0,neutral or dissatisfied
952,Male,Loyal Customer,10,Business travel,Business,3926,2,4,3,2,2,2,3,5,3,3,3,2,4,3,0,2.0,satisfied
953,Female,Loyal Customer,77,Business travel,Business,1969,3,3,4,2,3,2,3,4,1,3,4,4,3,3,27,37.0,neutral or dissatisfied
954,Male,disloyal Customer,68,Personal Travel,Eco,4144,4,2,3,3,4,1,3,5,2,3,3,3,4,4,27,37.0,neutral or dissatisfied
955,Female,Loyal Customer,27,Business travel,Eco,3990,3,0,2,2,3,3,5,2,5,2,3,5,5,3,37,49.0,neutral or dissatisfied
956,Female,Loyal Customer,40,Business travel,Business,2420,4,5,3,5,2,3,4,4,2,3,3,2,1,5,30,26.0,satisfied
957,Male,Loyal Customer,44,Business travel,Business,146,2,3,2,3,3,2,4,5,4,2,3,3,3,5,27,32.0,neutral or dissatisfied
958,Female,Loyal Customer,26,Business travel,Business,3719,3,0,4,4,1,3,3,2,3,5,3,3,4,3,5,11.0,satisfied
959,Female,Loyal Customer,39,Business travel,Eco Plus,1731,5,3,4,4,2,5,2,0,3,3,2,3,3,5,1,1.0,neutral or dissatisfied
960,Male,disloyal Customer,34,Business travel,Eco,1855,1,4,4,5,2,4,3,2,2,4,3,4,4,4,21,29.0,neutral or dissatisfied
961,Male,Loyal Customer,61,Business travel,Business,3582,3,2,3,3,3,3,2,2,1,4,3,4,5,2,0,0.0,satisfied
962,Male,disloyal Customer,66,Business travel,Eco,4064,2,2,4,3,2,4,5,4,3,3,5,3,3,1,3,0.0,satisfied
963,Female,Loyal Customer,14,Personal Travel,Eco,484,3,3,2,1,3,1,2,3,4,2,3,1,5,3,27,37.0,neutral or dissatisfied
964,Male,Loyal Customer,43,Business travel,Eco,4128,3,4,5,3,4,3,3,3,4,4,5,4,2,3,7,3.0,satisfied
965,Female,Loyal Customer,84,Business travel,Eco,1499,4,3,2,4,4,3,4,3,3,1,5,0,4,0,27,13.0,neutral or dissatisfied
966,Female,Loyal Customer,74,Business travel,Eco,2852,3,5,1,3,2,3,2,3,2,2,3,2,3,3,49,74.0,neutral or dissatisfied
967,Female,Loyal Customer,68,Business travel,Eco,4349,2,4,5,5,2,3,3,3,4,4,3,2,3,3,1,0.0,neutral or dissatisfied
968,Male,Loyal Customer,64,Business travel,Business,1129,2,3,2,4,4,3,0,3,2,3,5,4,4,3,10,15.0,satisfied
969,Female,Loyal Customer,7,Personal Travel,Business,1143,3,1,3,2,4,2,3,4,2,2,4,3,3,5,6,0.0,satisfied
970,Male,Loyal Customer,82,Business travel,Business,4852,4,3,2,4,2,5,4,5,2,2,4,5,4,3,39,36.0,neutral or dissatisfied
971,Male,Loyal Customer,64,Personal Travel,Business,1896,5,4,5,1,2,4,3,2,3,2,2,1,5,3,1,0.0,satisfied
972,Male,Loyal Customer,76,Business travel,Business,4737,4,3,5,2,3,3,4,3,3,5,3,2,3,3,2,0.0,satisfied
973,Male,Loyal Customer,77,Personal Travel,Eco,1817,2,4,5,2,1,1,3,2,4,4,2,1,3,2,12,18.0,satisfied
974,Male,disloyal Customer,26,Business travel,Eco,3118,3,4,3,3,4,0,4,1,2,2,5,2,5,2,8,26.0,neutral or dissatisfied
975,Male,Loyal Customer,8,Business travel,Business,2575,3,4,4,3,4,5,2,4,3,3,4,2,4,0,12,12.0,satisfied
976,Male,Loyal Customer,58,Business travel,Business,4920,2,3,3,4,3,3,3,5,2,4,3,5,1,4,7,0.0,satisfied
977,Male,Loyal Customer,42,Business travel,Eco,2773,4,4,4,3,1,4,2,3,4,2,3,4,4,4,2,0.0,satisfied
978,Female,Loyal Customer,8,Personal Travel,Eco,2538,1,5,3,2,5,2,3,5,4,2,2,3,4,3,47,41.0,neutral or dissatisfied
979,Male,Loyal Customer,28,Personal Travel,Business,2358,4,1,5,5,3,3,3,2,2,3,3,3,3,3,8,8.0,satisfied
980,Female,disloyal Customer,84,Business travel,Eco,1908,2,4,2,0,4,3,4,3,4,2,3,4,5,3,5,2.0,neutral or dissatisfied
981,Female,Loyal Customer,35,Business travel,Business,2228,3,5,3,3,2,3,3,5,3,4,1,4,1,5,4,20.0,satisfied
982,Female,Loyal Customer,27,Business travel,Business,2329,5,2,2,3,2,3,3,2,4,2,2,2,1,3,2,2.0,neutral or dissatisfied
983,Female,Loyal Customer,58,Business travel,Eco,3830,2,4,3,3,3,2,2,4,2,3,2,2,4,4,1,7.0,satisfied
984,Female,Loyal Customer,58,Personal Travel,Eco,277,3,4,3,4,4,2,3,3,4,3,4,3,2,4,13,12.0,neutral or dissatisfied
985,Female,Loyal Customer,32,Business travel,Business,2529,4,1,4,3,2,3,5,2,4,5,3,1,3,2,4,4.0,neutral or dissatisfied
986,Female,Loyal Customer,73,Personal Travel,Eco,2768,3,4,2,4,3,1,0,3,3,3,1,4,2,4,0,0.0,neutral or dissatisfied
987,Female,Loyal Customer,52,Business travel,Eco,3778,1,3,4,2,1,2,3,1,5,5,2,2,4,2,14,14.0,satisfied
988,Male,Loyal Customer,19,Personal Travel,Business,3347,4,3,5,1,2,3,4,5,4,3,5,3,4,3,0,0.0,satisfied
989,Male,Loyal Customer,32,Business travel,Eco,2187,3,3,3,3,3,4,3,3,5,3,3,5,3,3,2,2.0,satisfied
990,Female,Loyal Customer,73,Business travel,Business,592,2,4,5,2,4,5,4,3,5,4,2,2,2,5,14,10.0,satisfied
991,Male,Loyal Customer,13,Personal Travel,Business,1891,3,3,4,2,1,3,4,2,1,5,1,4,3,2,32,50.0,neutral or dissatisfied
992,Female,disloyal Customer,7,Business travel,Business,1315,3,2,5,4,4,3,3,4,4,3,3,1,4,4,5,8.0,satisfied
993,Male,Loyal Customer,58,Business travel,Business,1060,2,3,3,5,3,1,2,4,4,4,3,4,3,1,0,4.0,neutral or dissatisfied
994,Male,Loyal Customer,41,Business travel,Business,3619,3,3,1,4,4,4,4,3,3,4,4,3,3,3,8,7.0,neutral or dissatisfied
995,Female,Loyal Customer,26,Business travel,Eco,2416,2,2,2,4,4,2,4,4,2,2,5,1,3,3,15,4.0,neutral or dissatisfied
996,Female,Loyal Customer,43,Personal Travel,Business,3978,4,2,2,3,4,3,3,4,2,3,2,2,4,5,24,,neutral or dissatisfied
997,Female,Loyal Customer,21,Personal Travel,Eco,735,4,3,2,4,5,4,4,3,2,3,3,3,4,2,12,11.0,satisfied
998,Male,Loyal Customer,36,Business travel,Business,4930,5,3,1,3,2,4,4,4,5,2,4,2,4,1,11,10.0,satisfied
999,Female,disloyal Customer,25,Personal Travel,Eco,2393,3,4,4,5,3,2,3,3,4,3,3,3,3,3,5,8.0,neutral or dissatisfied
1000,Female,Loyal Customer,52,Business travel,Eco,1303,2,3,1,2,2,4,4,2,2,3,1,2,4,2,11,12.0,neutral or dissatisfied
1001,Female,disloyal Customer,59,Personal Travel,Business,1846,1,2,4,4,3,3,4,3,2,3,4,1,2,3,20,17.0,satisfied
1002,Female,Loyal Customer,78,Business travel,Eco,4215,5,2,5,2,4,5,3,3,1,3,3,4,4,5,10,31.0,neutral or dissatisfied
1003,Female,Loyal Customer,12,Business travel,Eco,3564,4,3,2,4,4,5,5,3,5,2,2,3,4,3,21,23.0,satisfied
1004,Female,Loyal Customer,32,Business travel,Eco,901,2,3,3,1,3,5,2,5,3,5,2,1,5,4,23,20.0,satisfied
1005,Male,Loyal Customer,27,Business travel,Business,4951,5,3,3,2,2,2,3,4,4,3,5,4,2,3,33,30.0,neutral or dissatisfied
1006,Female,Loyal Customer,52,Personal Travel,Eco,697,4,3,4,2,3,4,4,3,3,4,5,3,2,4,11,16.0,satisfied
1007,Female,Loyal Customer,48,Business travel,Eco,1413,2,4,2,3,2,1,2,3,4,3,2,3,2,2,12,11.0,neutral or dissatisfied
1008,Female,Loyal Customer,75,Business travel,Business,3659,2,3,3,3,2,5,4,3,3,5,1,3,3,3,4,11.0,satisfied
1009,Female,Loyal Customer,78,Personal Travel,Eco,2672,3,3,4,5,4,5,3,4,4,2,4,4,4,4,0,0.0,satisfied
1010,Female,Loyal Customer,67,Business travel,Business,2257,2,2,3,3,4,4,5,3,4,3,5,3,2,2,2,0.0,satisfied
1011,Male,Loyal Customer,22,Business travel,Business,4635,3,2,1,4,4,3,4,3,2,3,5,5,4,3,10,0.0,neutral or dissatisfied
1012,Female,disloyal Customer,10,Business travel,Eco,3979,4,4,4,3,3,4,3,2,2,2,2,4,3,3,6,14.0,satisfied
1013,Male,Loyal Customer,77,Personal Travel,Eco Plus,4812,1,3,2,4,4,3,3,2,3,3,5,3,4,2,0,0.0,satisfied
1014,Male,Loyal Customer,80,Business travel,Business,1448,3,2,3,3,3,3,3,4,4,3,3,2,4,4,19,25.0,neutral or dissatisfied
1015,Female,Loyal Customer,26,Personal Travel,Business,4260,4,4,4,4,3,3,5,3,5,1,1,3,4,3,11,7.0,neutral or dissatisfied
1016,Female,Loyal Customer,10,Personal Travel,Business,1105,3,2,3,2,2,1,3,2,3,3,2,4,4,3,6,12.0,neutral or dissatisfied
1017,Male,disloyal Customer,60,Business travel,Eco,4039,3,3,5,0,1,2,3,3,3,3,2,3,4,4,3,13.0,neutral or dissatisfied
1018,Male,Loyal Customer,52,Business travel,Business,2766,2,4,4,3,1,5,3,2,4,4,4,5,2,4,4,0.0,satisfied
1019,Male,Loyal Customer,76,Personal Travel,Business,3009,4,3,3,1,3,3,3,5,3,1,2,4,2,2,0,0.0,neutral or dissatisfied
1020,Male,Loyal Customer,51,Personal Travel,Business,620,2,0,4,4,2,3,2,3,3,2,4,2,3,4,1,18.0,satisfied
1021,Male,Loyal Customer,66,Business travel,Eco,4401,3,3,3,2,1,3,3,4,5,2,4,2,3,4,0,3.0,satisfied
1022,Male,Loyal Customer,68,Personal Travel,Business,1429,3,4,3,2,3,3,2,3,3,4,4,4,2,2,5,10.0,neutral or dissatisfied
1023,Female,Loyal Customer,7,Personal Travel,Eco,3010,4,4,3,5,3,3,2,3,3,2,2,1,4,4,11,1.0,neutral or dissatisfied
1024,Female,Loyal Customer,18,Business travel,Business,872,2,1,3,3,3,3,4,3,2,4,4,3,2,4,8,0.0,neutral or dissatisfied
1025,Female,Loyal Customer,67,Personal Travel,Business,4633,2,5,3,3,3,1,3,4,5,3,2,2,3,4,6,7.0,neutral or dissatisfied
1026,Male,Loyal Customer,20,Business travel,Business,1634,2,2,2,4,3,4,2,3,2,4,4,3,3,4,2,0.0,neutral or dissatisfied
1027,Male,Loyal Customer,23,Personal Travel,Business,3825,3,2,1,4,2,5,3,4,3,4,3,2,4,2,4,0.0,satisfied
1028,Male,disloyal Customer,65,Personal Travel,Business,3839,3,4,4,4,4,2,3,3,4,2,3,4,3,2,1,3.0,satisfied
1029,Female,Loyal Customer,22,Business travel,Business,2774,2,3,2,2,3,3,3,4,2,3,3,2,5,4,23,10.0,neutral or dissatisfied
1030,Male,Loyal Customer,18,Business travel,Business,647,2,3,3,4,3,5,2,4,4,3,1,4,5,3,25,27.0,satisfied
1031,Male,Loyal Customer,8,Business travel,Business,1435,4,2,2,3,4,2,2,3,1,3,5,1,5,2,7,0.0,satisfied
1032,Male,Loyal Customer,43,Personal Travel,Business,3078,2,4,2,2,4,4,2,3,2,2,3,3,5,3,9,14.0,neutral or dissatisfied
1033,Female,Loyal Customer,56,Business travel,Business,2702,2,3,2,3,3,5,2,4,3,4,5,2,4,3,16,16.0,satisfied
1034,Male,Loyal Customer,64,Personal Travel,Business,2944,4,1,4,1,3,4,2,5,5,3,4,4,4,3,11,15.0,neutral or dissatisfied
1035,Male,disloyal Customer,77,Business travel,Business,1284,3,4,4,4,3,3,2,4,3,3,2,2,2,3,15,25.0,neutral or dissatisfied
1036,Female,Loyal Customer,57,Business travel,Eco,2713,4,3,3,3,1,4,4,0,3,3,3,3,3,5,6,1.0,neutral or dissatisfied
1037,Female,Loyal Customer,66,Personal Travel,Eco Plus,472,3,4,2,2,4,4,5,2,4,0,1,3,4,2,6,0.0,neutral or dissatisfied
1038,Male,Loyal Customer,23,Business travel,Eco,2447,3,4,1,3,2,2,4,3,2,4,5,2,1,1,31,40.0,neutral or dissatisfied
1039,Male,Loyal Customer,33,Business travel,Business,502,3,5,4,3,4,1,3,2,0,4,4,2,5,2,1,14.0,neutral or dissatisfied
1040,Female,Loyal Customer,30,Business travel,Eco Plus,3336,5,3,2,4,3,4,3,2,5,3,3,3,3,2,8,18.0,satisfied
1041,Female,Loyal Customer,12,Business travel,Eco Plus,2855,4,3,2,2,5,4,3,3,4,1,3,1,3,4,11,0.0,satisfied
1042,Female,disloyal Customer,82,Business travel,Business,4266,4,4,3,3,4,3,3,4,3,2,2,4,4,3,4,8.0,satisfied
1043,Male,Loyal Customer,25,Business travel,Business,2337,2,3,3,3,4,5,5,4,3,4,5,3,4,4,9,2.0,satisfied
1044,Male,Loyal Customer,41,Business travel,Eco,852,2,4,1,2,2,5,5,3,4,3,5,1,3,2,3,10.0,satisfied
1045,Female,Loyal Customer,34,Business travel,Eco Plus,1214,4,0,1,3,2,4,2,3,3,3,5,3,2,4,3,1.0,neutral or dissatisfied
1046,Male,disloyal Customer,10,Business travel,Eco,4079,5,3,3,2,3,3,5,2,3,3,3,4,2,1,2,0.0,satisfied
1047,Male,Loyal Customer,77,Business travel,Eco,4793,4,3,2,1,1,1,3,4,5,3,4,2,1,3,4,1.0,neutral or dissatisfied
1048,Female,Loyal Customer,24,Business travel,Eco,354,3,3,4,4,2,3,3,4,2,2,4,1,5,4,0,0.0,satisfied
1049,Female,disloyal Customer,14,Personal Travel,Eco Plus,3398,4,2,3,5,2,1,4,4,4,3,3,3,3,2,10,0.0,neutral or dissatisfied
1050,Male,Loyal Customer,33,Business travel,Business,2436,4,4,4,3,2,1,5,3,2,4,5,4,2,5,4,1.0,satisfied
1051,Female,disloyal Customer,18,Business travel,Business,1326,3,2,2,3,4,4,4,2,5,2,5,3,4,1,6,7.0,satisfied
1052,Male,Loyal Customer,84,Business travel,Eco,2581,3,3,3,3,4,4,4,3,4,3,5,3,2,4,27,38.0,neutral or dissatisfied
1053,Female,Loyal Customer,21,Personal Travel,Business,4682,3,3,4,2,3,1,4,4,2,4,3,4,2,4,7,11.0,satisfied
1054,Female,Loyal Customer,30,Personal Travel,Business,1028,2,4,2,4,3,3,4,1,2,4,1,5,5,2,16,14.0,neutral or dissatisfied
1055,Male,Loyal Customer,28,Personal Travel,Business,4193,2,5,4,3,2,3,4,3,3,3,3,0,4,4,7,5.0,satisfied
1056,Female,Loyal Customer,9,Personal Travel,Business,493,2,3,1,1,5,3,4,4,3,3,3,2,3,2,16,0.0,neutral or dissatisfied
1057,Male,Loyal Customer,8,Business travel,Business,3617,1,4,2,4,3,2,3,5,4,3,3,3,3,3,3,0.0,satisfied
1058,Female,Loyal Customer,47,Personal Travel,Eco,420,3,3,1,4,2,5,1,3,2,3,5,3,3,3,21,22.0,neutral or dissatisfied
1059,Male,Loyal Customer,25,Business travel,Business,350,3,2,2,4,4,2,5,3,2,4,3,1,4,3,12,8.0,neutral or dissatisfied
1060,Male,Loyal Customer,13,Personal Travel,Eco,234,4,3,3,0,4,1,2,5,3,2,2,2,3,3,43,39.0,satisfied
1061,Female,Loyal Customer,29,Personal Travel,Business,4033,4,3,4,3,2,2,3,3,2,2,2,5,5,3,10,0.0,satisfied
1062,Female,Loyal Customer,28,Personal Travel,Eco Plus,2889,4,4,3,4,1,4,3,4,3,1,5,3,2,2,4,0.0,satisfied
1063,Male,Loyal Customer,40,Business travel,Eco,3467,5,3,2,3,2,3,3,4,2,2,3,3,3,4,33,25.0,neutral or dissatisfied
1064,Female,disloyal Customer,84,Personal Travel,Eco Plus,819,2,2,1,3,2,2,2,3,4,2,3,5,4,5,30,25.0,neutral or dissatisfied
1065,Female,Loyal Customer,30,Business travel,Business,4611,1,3,2,4,3,4,4,4,3,2,5,3,3,5,31,7.0,satisfied
1066,Male,Loyal Customer,61,Business travel,Business,4053,4,1,3,3,1,4,4,3,3,2,4,4,4,4,1,0.0,satisfied
1067,Female,Loyal Customer,66,Business travel,Eco,2468,5,3,4,4,3,1,4,5,4,3,1,4,5,3,43,43.0,neutral or dissatisfied
1068,Female,Loyal Customer,10,Business travel,Eco,4499,5,3,3,3,3,4,4,1,2,2,3,3,3,4,5,8.0,neutral or dissatisfied
1069,Male,Loyal Customer,46,Business travel,Business,757,4,5,4,3,3,4,3,3,4,4,2,3,4,4,5,2.0,satisfied
1070,Male,Loyal Customer,41,Business travel,Eco,1497,1,4,2,4,4,3,3,3,3,4,1,4,3,3,10,16.0,satisfied
1071,Female,Loyal Customer,46,Business travel,Eco,289,3,2,3,3,3,3,4,3,3,5,3,3,3,5,30,44.0,satisfied
1072,Male,disloyal Customer,20,Business travel,Business,864,4,3,3,2,5,5,3,4,3,2,0,2,5,4,12,1.0,satisfied
1073,Female,Loyal Customer,43,Business travel,Eco,4215,4,3,5,3,4,2,3,3,3,3,4,4,2,2,0,0.0,satisfied
1074,Female,Loyal Customer,16,Business travel,Business,2077,5,3,3,4,3,3,4,4,3,2,3,0,4,4,1,3.0,neutral or dissatisfied
1075,Male,disloyal Customer,80,Personal Travel,Business,3244,4,3,1,4,2,4,3,3,3,2,2,5,3,4,4,8.0,neutral or dissatisfied
1076,Male,disloyal Customer,52,Business travel,Eco,4413,2,3,4,4,2,3,3,4,2,3,1,3,2,2,12,3.0,satisfied
1077,Female,Loyal Customer,9,Personal Travel,Eco,3831,2,5,5,3,1,3,3,3,5,2,5,3,4,3,5,18.0,neutral or dissatisfied
1078,Male,Loyal Customer,46,Business travel,Eco,2029,4,3,3,3,3,3,4,4,2,2,3,3,4,3,41,34.0,neutral or dissatisfied
1079,Male,Loyal Customer,79,Business travel,Eco,1774,2,3,2,2,3,5,4,3,3,3,4,4,2,0,7,6.0,neutral or dissatisfied
1080,Female,Loyal Customer,64,Business travel,Eco Plus,586,5,0,4,3,4,4,3,2,4,2,3,3,3,2,13,18.0,neutral or dissatisfied
1081,Female,Loyal Customer,28,Business travel,Business,4156,1,4,5,1,3,3,2,5,3,4,5,3,3,4,1,,neutral or dissatisfied
1082,Female,Loyal Customer,76,Business travel,Business,4924,4,4,4,3,4,2,3,2,3,4,4,2,3,2,26,19.0,neutral or dissatisfied
1083,Female,Loyal Customer,21,Business travel,Business,2525,3,2,1,5,4,2,3,3,1,2,3,2,3,4,6,11.0,satisfied
1084,Female,Loyal Customer,26,Business travel,Eco,2523,3,2,4,1,2,4,2,2,1,5,2,4,5,5,2,2.0,neutral or dissatisfied
1085,Male,Loyal Customer,19,Business travel,Eco,4249,2,3,3,3,2,1,3,4,3,3,5,3,2,1,0,0.0,neutral or dissatisfied
1086,Female,Loyal Customer,78,Business travel,Eco,1744,1,3,2,3,3,5,4,3,3,3,3,5,2,5,3,0.0,satisfied
1087,Female,Loyal Customer,62,Business travel,Business,2062,2,4,4,4,2,3,5,5,4,1,2,2,3,3,10,1.0,satisfied
1088,Female,Loyal Customer,47,Personal Travel,Business,4473,2,3,3,2,3,2,2,4,4,1,3,2,1,4,0,5.0,satisfied
1089,Female,Loyal Customer,59,Business travel,Eco,1927,4,5,4,4,3,3,2,3,1,5,3,3,2,5,43,32.0,neutral or dissatisfied
1090,Male,disloyal Customer,27,Business travel,Eco,4640,2,2,2,2,3,2,4,2,5,4,4,3,3,4,4,7.0,neutral or dissatisfied
1091,Female,disloyal Customer,12,Business travel,Business,848,3,5,3,1,3,3,3,3,2,5,1,2,3,3,0,0.0,satisfied
1092,Male,disloyal Customer,72,Business travel,Eco,2509,2,4,2,4,2,2,4,4,4,5,5,2,3,3,23,25.0,satisfied
1093,Female,disloyal Customer,82,Business travel,Eco,2474,4,4,3,4,4,3,3,3,3,5,4,4,3,3,4,4.0,neutral or dissatisfied
1094,Male,disloyal Customer,9,Business travel,Eco,1568,1,2,5,2,3,1,4,3,5,3,3,2,2,3,4,0.0,neutral or dissatisfied
1095,Male,Loyal Customer,11,Business travel,Business,4816,5,4,1,2,2,3,2,2,3,4,4,2,3,5,16,19.0,satisfied
1096,Male,Loyal Customer,50,Business travel,Eco,2439,3,4,1,2,2,2,4,5,3,2,2,2,4,4,9,9.0,neutral or dissatisfied
1097,Female,Loyal Customer,10,Business travel,Business,4401,0,1,4,1,4,3,1,3,3,3,3,2,1,3,4,0.0,satisfied
1098,Female,Loyal Customer,63,Business travel,Business,1135,2,1,3,4,5,2,4,2,3,4,4,4,4,3,0,20.0,neutral or dissatisfied
1099,Male,Loyal Customer,80,Business travel,Eco,1777,2,3,4,4,3,3,3,2,2,4,3,2,1,4,36,27.0,satisfied
1100,Male,Loyal Customer,28,Personal Travel,Business,2417,2,3,2,3,3,4,4,3,5,3,4,5,3,1,10,14.0,satisfied
1101,Male,disloyal Customer,29,Business travel,Business,2841,3,2,3,3,4,4,3,5,3,1,4,2,4,5,13,,satisfied
1102,Male,Loyal Customer,74,Business travel,Business,1185,2,4,4,3,4,5,1,3,2,1,2,3,4,3,23,21.0,neutral or dissatisfied
1103,Female,disloyal Customer,34,Business travel,Business,1599,2,2,3,3,3,3,5,3,3,4,5,3,3,2,1,2.0,neutral or dissatisfied
1104,Male,Loyal Customer,25,Personal Travel,Eco,3129,2,2,1,2,4,4,4,4,3,2,3,3,3,4,2,5.0,neutral or dissatisfied
1105,Male,Loyal Customer,13,Personal Travel,Business,1428,4,2,5,4,2,4,4,4,2,4,5,0,2,4,8,8.0,satisfied
1106,Male,Loyal Customer,72,Personal Travel,Eco,3811,4,4,3,2,2,4,2,4,4,2,5,2,5,3,2,0.0,satisfied
1107,Male,Loyal Customer,79,Business travel,Eco,2411,3,1,2,4,3,2,3,3,3,4,4,3,4,5,12,12.0,satisfied
1108,Female,Loyal Customer,13,Business travel,Business,4848,3,2,3,2,3,4,2,2,3,2,2,1,2,4,4,0.0,satisfied
1109,Female,Loyal Customer,69,Personal Travel,Eco,1226,2,1,3,2,4,2,3,2,4,5,3,0,5,4,2,12.0,neutral or dissatisfied
1110,Male,disloyal Customer,19,Business travel,Business,4220,3,3,4,3,4,3,2,1,2,1,4,2,3,1,49,55.0,neutral or dissatisfied
1111,Female,Loyal Customer,17,Personal Travel,Business,2476,3,4,4,3,1,3,5,3,3,4,3,3,2,3,2,2.0,satisfied
1112,Male,Loyal Customer,36,Business travel,Business,476,3,4,3,3,3,4,4,3,3,2,4,4,4,3,17,12.0,neutral or dissatisfied
1113,Male,Loyal Customer,41,Business travel,Business,3540,3,2,1,2,5,2,5,3,4,3,4,2,5,3,26,24.0,neutral or dissatisfied
1114,Male,Loyal Customer,73,Business travel,Business,1097,3,4,4,3,2,2,3,4,3,4,3,3,3,3,27,23.0,satisfied
1115,Male,Loyal Customer,61,Business travel,Business,735,2,3,1,3,2,2,4,2,3,4,2,3,4,4,14,14.0,neutral or dissatisfied
1116,Male,Loyal Customer,18,Personal Travel,Eco,2681,4,4,4,4,1,3,4,3,1,2,5,4,3,2,0,0.0,satisfied
1117,Female,Loyal Customer,52,Business travel,Eco,3940,3,3,2,3,3,2,2,3,2,2,4,4,4,5,12,8.0,neutral or dissatisfied
1118,Female,Loyal Customer,75,Business travel,Eco Plus,1325,5,0,4,2,4,3,2,3,1,1,3,4,4,3,13,5.0,neutral or dissatisfied
1119,Female,Loyal Customer,58,Business travel,Eco,3134,3,4,2,2,4,3,4,4,2,1,2,2,4,2,28,23.0,neutral or dissatisfied
1120,Male,Loyal Customer,24,Personal Travel,Eco,121,5,2,2,1,2,4,3,2,4,2,4,3,1,3,28,42.0,neutral or dissatisfied
1121,Male,Loyal Customer,17,Business travel,Business,963,4,3,2,3,3,3,2,4,5,2,3,3,3,3,12,10.0,satisfied
1122,Male,Loyal Customer,42,Personal Travel,Eco,3786,3,3,4,4,3,5,3,3,3,1,4,3,4,5,7,8.0,satisfied
1123,Male,Loyal Customer,43,Personal Travel,Business,113,2,1,2,2,3,3,2,4,4,3,2,1,2,4,0,0.0,neutral or dissatisfied
1124,Male,Loyal Customer,34,Business travel,Eco Plus,1820,2,3,4,3,2,2,1,3,2,3,4,5,4,4,7,11.0,satisfied
1125,Female,Loyal Customer,15,Personal Travel,Eco Plus,2563,4,4,2,3,3,3,1,4,2,3,3,3,2,3,10,7.0,neutral or dissatisfied
1126,Female,Loyal Customer,16,Personal Travel,Business,377,3,3,3,4,2,3,3,3,5,2,5,4,4,3,3,0.0,neutral or dissatisfied
1127,Female,Loyal Customer,48,Business travel,Eco,4893,2,2,3,4,1,2,4,4,2,2,4,4,3,5,2,0.0,satisfied
1128,Female,Loyal Customer,80,Business travel,Eco,2568,4,4,3,1,4,5,5,4,1,3,2,3,4,3,3,0.0,satisfied
1129,Female,Loyal Customer,53,Business travel,Eco,1725,3,2,2,4,3,3,3,3,3,4,4,1,4,3,1,13.0,satisfied
1130,Female,disloyal Customer,41,Business travel,Business,4887,4,2,4,3,4,2,2,3,3,2,5,4,2,2,24,27.0,satisfied
1131,Male,Loyal Customer,79,Business travel,Eco,2814,2,3,3,2,2,3,3,4,4,1,3,4,5,4,17,13.0,neutral or dissatisfied
1132,Female,disloyal Customer,60,Personal Travel,Eco,3408,4,3,4,2,4,2,4,3,5,3,2,3,2,2,49,55.0,neutral or dissatisfied
1133,Female,Loyal Customer,62,Business travel,Business,497,4,3,3,3,4,4,4,2,4,3,1,5,5,3,1,10.0,satisfied
1134,Female,Loyal Customer,51,Business travel,Eco,835,4,4,4,2,5,4,4,4,3,1,4,2,1,3,9,4.0,satisfied
1135,Female,Loyal Customer,66,Business travel,Business,273,4,3,3,2,4,3,4,3,4,3,1,3,3,4,1,0.0,neutral or dissatisfied
1136,Male,Loyal Customer,46,Personal Travel,Eco Plus,2595,3,3,2,2,3,4,3,5,5,2,3,3,2,1,6,6.0,satisfied
1137,Female,disloyal Customer,55,Business travel,Business,4189,3,3,3,2,1,3,4,3,5,3,1,2,5,1,13,7.0,satisfied
1138,Male,Loyal Customer,55,Business travel,Business,4513,5,4,2,4,3,2,2,2,3,3,5,3,2,3,14,11.0,neutral or dissatisfied
1139,Female,Loyal Customer,65,Business travel,Business,2892,3,3,5,3,1,3,1,3,4,2,5,4,2,3,1,0.0,satisfied
1140,Female,Loyal Customer,77,Business travel,Eco,318,4,1,3,5,2,3,5,4,5,4,4,2,3,2,15,14.0,satisfied
1141,Female,Loyal Customer,29,Business travel,Eco,3149,3,4,1,3,5,1,3,4,4,3,4,2,5,2,15,39.0,neutral or dissatisfied
1142,Male,Loyal Customer,61,Personal Travel,Business,3207,1,3,2,4,2,2,4,4,3,3,3,4,5,4,14,7.0,satisfied
1143,Female,disloyal Customer,9,Business travel,Business,3005,2,4,2,2,0,2,0,3,3,3,2,2,3,3,17,6.0,satisfied
1144,Female,Loyal Customer,48,Business travel,Eco,3620,3,3,4,3,4,2,5,4,3,3,1,3,3,4,2,9.0,satisfied
1145,Male,disloyal Customer,77,Business travel,Business,2808,4,1,4,3,2,5,4,1,2,1,4,3,4,2,10,11.0,satisfied
1146,Male,Loyal Customer,57,Personal Travel,Business,3534,3,0,3,2,4,4,1,2,4,1,2,4,3,3,12,10.0,satisfied
1147,Female,Loyal Customer,27,Business travel,Eco Plus,2457,4,2,3,2,2,4,3,3,5,4,5,4,3,5,18,24.0,neutral or dissatisfied
1148,Female,Loyal Customer,54,Business travel,Business,793,3,4,3,3,3,4,3,2,3,3,2,3,3,3,13,4.0,satisfied
1149,Female,disloyal Customer,34,Business travel,Eco,445,2,4,4,3,4,4,2,3,3,2,4,3,4,3,12,14.0,neutral or dissatisfied
1150,Female,Loyal Customer,40,Business travel,Business,4541,4,3,4,2,2,3,4,2,2,4,5,3,4,4,27,26.0,neutral or dissatisfied
1151,Male,Loyal Customer,24,Business travel,Eco,2232,3,2,4,3,3,5,4,3,4,5,2,3,5,5,2,2.0,neutral or dissatisfied
1152,Female,Loyal Customer,55,Business travel,Eco,1645,2,2,3,4,3,2,4,4,3,1,3,4,2,3,7,7.0,neutral or dissatisfied
1153,Male,Loyal Customer,22,Business travel,Business,1501,4,4,2,2,2,3,1,3,2,3,3,4,2,3,31,50.0,satisfied
1154,Female,Loyal Customer,41,Personal Travel,Eco,306,3,2,4,2,3,2,2,2,5,4,5,4,3,4,8,4.0,neutral or dissatisfied
1155,Male,Loyal Customer,80,Business travel,Eco,4728,2,5,5,3,3,5,3,3,1,1,3,2,3,4,17,11.0,satisfied
1156,Female,Loyal Customer,66,Personal Travel,Eco,461,3,5,4,0,4,4,3,4,2,1,2,4,4,4,41,45.0,neutral or dissatisfied
1157,Male,Loyal Customer,39,Business travel,Business,1134,5,5,5,3,5,5,3,4,4,4,4,3,2,3,5,13.0,neutral or dissatisfied
1158,Female,Loyal Customer,82,Business travel,Business,2315,5,3,3,5,5,2,3,3,4,3,2,4,5,3,6,0.0,neutral or dissatisfied
1159,Male,disloyal Customer,8,Business travel,Eco,1822,3,3,2,0,4,3,1,4,2,2,3,1,3,4,25,28.0,satisfied
1160,Male,Loyal Customer,81,Business travel,Business,247,3,3,2,4,3,1,4,3,2,1,3,5,4,5,6,0.0,neutral or dissatisfied
1161,Female,disloyal Customer,34,Business travel,Business,1679,1,4,5,4,3,4,4,5,4,3,4,3,5,2,9,0.0,satisfied
1162,Male,disloyal Customer,71,Personal Travel,Business,3908,5,2,1,1,3,3,4,3,4,1,3,5,4,4,15,14.0,satisfied
1163,Female,Loyal Customer,80,Business travel,Eco,1290,4,2,5,4,1,4,4,3,2,2,2,4,4,3,4,0.0,neutral or dissatisfied
1164,Female,Loyal Customer,53,Business travel,Business,4335,4,3,2,4,3,3,3,5,4,2,4,1,4,2,6,0.0,neutral or dissatisfied
1165,Female,Loyal Customer,54,Business travel,Business,1832,0,2,5,2,4,1,3,2,4,3,4,5,3,2,11,5.0,satisfied
1166,Male,Loyal Customer,65,Business travel,Eco,116,3,4,3,2,1,1,2,4,5,2,3,3,3,3,28,24.0,satisfied
1167,Male,Loyal Customer,25,Business travel,Business,589,3,2,4,3,2,3,5,5,3,2,1,4,2,4,1,5.0,satisfied
1168,Male,Loyal Customer,20,Business travel,Business,4059,4,3,5,4,2,4,3,4,4,4,4,4,3,2,4,0.0,satisfied
1169,Female,Loyal Customer,33,Business travel,Business,2057,3,4,3,2,3,1,1,2,3,3,3,3,4,1,0,0.0,satisfied
1170,Female,Loyal Customer,44,Business travel,Business,4906,3,4,3,3,5,3,3,2,4,3,4,3,3,3,8,0.0,satisfied
1171,Female,disloyal Customer,64,Business travel,Eco Plus,3954,4,3,2,2,2,2,1,2,4,3,1,4,4,3,1,0.0,neutral or dissatisfied
1172,Female,Loyal Customer,27,Business travel,Business,200,2,3,2,3,3,2,3,5,4,2,4,2,3,4,0,5.0,satisfied
1173,Male,Loyal Customer,51,Business travel,Eco,1596,2,2,3,4,3,2,3,2,4,3,3,3,3,3,1,0.0,neutral or dissatisfied
1174,Male,disloyal Customer,7,Business travel,Business,3638,3,4,2,3,3,3,3,4,1,3,3,5,4,4,7,11.0,neutral or dissatisfied
1175,Male,Loyal Customer,9,Personal Travel,Business,362,4,4,2,3,3,2,2,2,3,2,2,2,3,3,41,26.0,neutral or dissatisfied
1176,Male,Loyal Customer,82,Personal Travel,Business,4995,4,1,3,3,2,1,4,5,3,4,4,3,3,2,3,0.0,neutral or dissatisfied
1177,Male,disloyal Customer,73,Business travel,Eco,873,4,5,3,2,5,3,3,2,4,3,2,4,4,5,1,5.0,satisfied
1178,Male,Loyal Customer,74,Business travel,Business,3995,3,2,2,2,4,3,1,3,4,3,4,2,4,3,1,6.0,neutral or dissatisfied
1179,Male,Loyal Customer,32,Personal Travel,Business,4210,5,4,3,4,2,2,5,5,4,5,4,1,3,4,39,53.0,neutral or dissatisfied
1180,Male,Loyal Customer,47,Business travel,Eco Plus,2551,1,3,5,5,4,3,2,2,2,3,2,1,1,3,22,27.0,neutral or dissatisfied
1181,Female,disloyal Customer,59,Business travel,Business,4027,5,3,1,1,3,3,2,4,4,2,4,2,3,4,9,18.0,neutral or dissatisfied
1182,Female,Loyal Customer,26,Business travel,Eco,4429,5,3,5,4,3,3,5,3,2,3,3,5,5,4,12,5.0,satisfied
1183,Female,Loyal Customer,65,Business travel,Business,3685,4,2,2,4,3,3,4,4,5,3,4,2,3,3,3,3.0,satisfied
1184,Male,Loyal Customer,61,Personal Travel,Business,3554,4,4,3,2,3,3,3,4,5,2,2,3,3,4,40,29.0,neutral or dissatisfied
1185,Male,Loyal Customer,38,Personal Travel,Eco,1973,3,3,4,2,2,3,2,3,3,1,3,3,3,3,9,,satisfied
1186,Male,Loyal Customer,40,Personal Travel,Business,1497,3,2,5,2,1,4,2,5,2,3,3,4,4,1,1,0.0,neutral or dissatisfied
1187,Male,Loyal Customer,30,Personal Travel,Business,4345,2,2,4,5,3,5,3,4,2,4,3,4,2,4,8,11.0,neutral or dissatisfied
1188,Female,disloyal Customer,69,Business travel,Business,1160,3,2,2,5,3,3,5,5,2,4,4,3,4,4,19,1.0,satisfied
1189,Female,Loyal Customer,83,Personal Travel,Business,2101,4,2,2,2,4,3,5,2,2,3,2,4,4,3,0,0.0,neutral or dissatisfied
1190,Male,Loyal Customer,84,Business travel,Eco,2587,3,4,2,1,2,2,3,2,3,5,3,4,1,3,3,17.0,neutral or dissatisfied
1191,Male,Loyal Customer,67,Business travel,Business,1984,5,2,5,4,2,4,4,3,3,3,4,1,0,3,0,27.0,satisfied
1192,Male,Loyal Customer,34,Business travel,Eco Plus,1896,3,4,3,4,4,2,3,2,1,3,3,3,3,4,24,26.0,neutral or dissatisfied
1193,Male,Loyal Customer,67,Business travel,Business,3016,1,3,3,4,3,5,2,4,3,3,3,2,2,3,13,25.0,satisfied
1194,Female,Loyal Customer,26,Business travel,Business,1680,5,3,2,2,4,5,2,3,3,2,2,2,4,2,0,0.0,satisfied
1195,Female,Loyal Customer,76,Business travel,Business,4944,2,3,2,4,3,3,4,2,3,2,3,4,3,3,4,0.0,satisfied
1196,Female,Loyal Customer,27,Business travel,Eco,930,2,5,3,2,5,1,4,2,2,2,2,2,4,4,4,17.0,neutral or dissatisfied
1197,Female,Loyal Customer,38,Business travel,Eco,1975,3,1,3,4,4,4,3,2,1,2,4,5,4,3,1,0.0,satisfied
1198,Female,Loyal Customer,14,Business travel,Eco,4234,3,5,3,3,3,5,5,4,4,4,3,4,2,3,6,5.0,satisfied
1199,Female,Loyal Customer,13,Business travel,Business,2403,1,4,1,5,4,2,3,4,3,1,2,2,3,4,4,17.0,neutral or dissatisfied
1200,Female,disloyal Customer,37,Business travel,Business,3539,2,3,3,3,3,5,3,3,4,2,3,3,3,3,4,2.0,satisfied
1201,Female,Loyal Customer,49,Business travel,Eco,3252,1,4,5,3,1,1,3,3,3,4,2,2,4,3,10,1.0,neutral or dissatisfied
1202,Male,disloyal Customer,8,Personal Travel,Business,1690,4,3,2,3,3,2,5,3,4,3,2,1,3,3,13,2.0,neutral or dissatisfied
1203,Female,disloyal Customer,73,Business travel,Eco,3733,4,3,4,3,5,4,4,5,3,3,5,3,5,3,0,0.0,neutral or dissatisfied
1204,Female,Loyal Customer,15,Business travel,Business,1226,2,2,0,2,0,4,3,3,3,3,2,4,5,4,0,6.0,satisfied
1205,Female,disloyal Customer,84,Business travel,Business,3761,4,4,2,5,4,3,3,4,4,5,3,1,3,3,5,3.0,neutral or dissatisfied
1206,Female,Loyal Customer,28,Personal Travel,Business,684,4,2,1,5,1,4,2,3,4,4,5,4,3,3,8,8.0,neutral or dissatisfied
1207,Female,Loyal Customer,36,Business travel,Business,3485,2,3,4,3,3,4,1,5,5,3,3,3,2,4,1,0.0,satisfied
1208,Female,Loyal Customer,19,Business travel,Eco,606,1,4,4,4,3,5,3,2,2,3,3,3,4,4,13,9.0,neutral or dissatisfied
1209,Male,Loyal Customer,71,Business travel,Eco,4350,2,4,2,5,4,3,3,4,3,3,1,3,3,4,2,14.0,neutral or dissatisfied
1210,Female,Loyal Customer,64,Personal Travel,Eco,3146,2,2,3,4,3,2,4,2,1,5,3,4,2,5,7,6.0,neutral or dissatisfied
1211,Female,Loyal Customer,13,Personal Travel,Eco,250,5,4,4,3,5,4,3,5,3,3,2,4,4,4,38,32.0,neutral or dissatisfied
1212,Female,Loyal Customer,15,Business travel,Business,588,3,2,4,3,4,4,3,4,3,3,4,3,4,5,29,42.0,neutral or dissatisfied
1213,Male,Loyal Customer,54,Business travel,Eco,977,2,1,3,1,3,4,0,1,4,3,2,4,2,4,32,30.0,neutral or dissatisfied
1214,Female,Loyal Customer,74,Business travel,Business,4803,3,2,1,4,4,2,4,2,3,4,4,4,4,4,13,12.0,satisfied
1215,Male,Loyal Customer,15,Business travel,Eco,2967,2,4,2,4,3,4,3,4,4,5,5,4,4,2,0,0.0,satisfied
1216,Male,Loyal Customer,24,Personal Travel,Business,1431,4,3,4,4,2,2,4,4,3,2,4,3,5,4,6,0.0,satisfied
1217,Female,Loyal Customer,49,Personal Travel,Eco Plus,1420,2,2,5,4,2,3,3,4,3,3,2,3,3,4,2,0.0,neutral or dissatisfied
1218,Female,Loyal Customer,15,Personal Travel,Eco,177,2,3,3,3,4,3,4,3,2,3,3,2,3,3,4,5.0,neutral or dissatisfied
1219,Female,Loyal Customer,30,Personal Travel,Eco,1055,3,3,2,2,3,3,3,3,4,1,4,5,4,1,4,1.0,satisfied
1220,Male,Loyal Customer,7,Business travel,Eco,4283,5,4,5,3,0,4,3,4,3,4,2,3,5,1,23,30.0,neutral or dissatisfied
1221,Female,Loyal Customer,45,Personal Travel,Eco,3014,5,1,3,2,4,2,3,2,1,5,5,1,4,3,8,0.0,neutral or dissatisfied
1222,Female,Loyal Customer,62,Business travel,Eco,1869,2,3,2,4,3,4,4,3,4,4,3,2,3,3,2,4.0,satisfied
1223,Female,Loyal Customer,39,Business travel,Eco,155,2,3,3,2,3,3,4,3,2,2,4,3,3,2,8,4.0,neutral or dissatisfied
1224,Female,Loyal Customer,27,Business travel,Business,1747,4,1,4,4,3,2,4,2,3,2,3,4,3,4,8,15.0,satisfied
1225,Male,Loyal Customer,40,Business travel,Eco,1945,4,1,3,4,3,2,3,3,2,4,3,3,3,2,12,24.0,satisfied
1226,Female,Loyal Customer,46,Personal Travel,Business,637,1,3,4,3,5,5,3,2,3,2,2,4,4,1,7,16.0,satisfied
1227,Male,Loyal Customer,19,Personal Travel,Eco,3055,3,3,1,3,5,3,4,4,0,2,5,2,4,5,10,10.0,neutral or dissatisfied
1228,Female,Loyal Customer,15,Personal Travel,Eco,3319,2,3,1,4,4,3,1,2,3,3,5,4,2,4,0,0.0,neutral or dissatisfied
1229,Male,Loyal Customer,21,Personal Travel,Business,4991,1,2,2,5,3,2,3,4,2,4,5,4,4,3,10,10.0,satisfied
1230,Male,Loyal Customer,83,Business travel,Eco,1826,2,2,3,3,4,4,5,3,2,3,1,4,3,2,1,0.0,satisfied
1231,Female,Loyal Customer,63,Business travel,Business,1416,2,3,3,4,3,4,2,3,4,3,4,0,3,2,7,14.0,neutral or dissatisfied
1232,Female,Loyal Customer,16,Personal Travel,Eco,4123,3,3,4,5,4,4,3,3,3,3,4,3,4,3,14,0.0,satisfied
1233,Female,Loyal Customer,30,Business travel,Eco,1784,4,4,5,4,4,3,5,3,3,2,2,2,4,3,3,0.0,satisfied
1234,Female,Loyal Customer,39,Personal Travel,Eco,3171,3,1,2,1,3,4,3,5,2,3,4,4,4,3,9,21.0,neutral or dissatisfied
1235,Female,Loyal Customer,21,Business travel,Eco,3700,4,4,3,2,4,2,2,3,4,1,2,3,5,2,1,0.0,neutral or dissatisfied
1236,Male,Loyal Customer,73,Business travel,Business,4405,3,3,2,4,3,3,5,4,3,4,5,5,1,2,5,8.0,neutral or dissatisfied
1237,Male,disloyal Customer,80,Business travel,Business,1627,2,4,4,3,3,3,3,4,5,5,2,3,4,1,27,32.0,neutral or dissatisfied
1238,Male,Loyal Customer,26,Business travel,Eco,3131,3,4,4,5,2,3,3,3,5,3,3,3,2,1,13,9.0,neutral or dissatisfied
1239,Male,Loyal Customer,8,Personal Travel,Business,698,4,2,3,5,2,1,1,2,5,4,4,3,3,2,9,1.0,neutral or dissatisfied
1240,Male,Loyal Customer,27,Personal Travel,Business,3907,4,4,5,2,0,5,3,2,4,3,3,4,3,3,5,0.0,neutral or dissatisfied
1241,Female,disloyal Customer,52,Business travel,Business,272,3,2,2,2,4,5,4,5,3,2,5,2,3,3,0,0.0,satisfied
1242,Female,Loyal Customer,70,Business travel,Business,3497,2,3,4,3,4,2,3,4,3,5,1,2,2,4,2,0.0,neutral or dissatisfied
1243,Female,disloyal Customer,33,Business travel,Eco Plus,1084,3,3,5,3,4,4,2,3,3,2,3,2,2,4,13,2.0,satisfied
1244,Male,Loyal Customer,28,Business travel,Business,2339,4,3,2,5,2,2,3,3,4,4,1,4,1,4,24,31.0,neutral or dissatisfied
1245,Female,Loyal Customer,26,Business travel,Business,427,4,2,4,2,3,3,3,5,3,3,2,4,3,3,14,7.0,neutral or dissatisfied
1246,Female,Loyal Customer,7,Business travel,Eco,3458,2,3,0,4,3,1,3,2,3,4,3,3,3,4,17,20.0,satisfied
1247,Female,Loyal Customer,8,Business travel,Eco Plus,2436,2,5,4,5,4,3,3,3,5,3,3,4,4,1,3,0.0,neutral or dissatisfied
1248,Male,Loyal Customer,40,Business travel,Business,3334,4,2,2,4,2,3,5,4,3,2,5,4,4,4,11,15.0,neutral or dissatisfied
1249,Male,disloyal Customer,55,Business travel,Eco,1770,3,3,4,3,3,4,4,2,3,2,2,3,4,3,7,8.0,satisfied
1250,Female,Loyal Customer,7,Personal Travel,Business,83,3,4,4,3,1,5,1,2,3,5,1,3,4,4,3,11.0,neutral or dissatisfied
1251,Male,disloyal Customer,22,Business travel,Eco,2925,4,3,4,5,2,5,3,3,4,3,3,4,2,0,12,0.0,neutral or dissatisfied
1252,Male,Loyal Customer,77,Business travel,Business,3508,1,4,4,3,3,4,3,4,3,5,3,5,4,4,6,0.0,satisfied
1253,Male,Loyal Customer,84,Personal Travel,Business,3340,5,3,3,4,3,3,5,3,4,3,4,4,4,1,6,13.0,neutral or dissatisfied
1254,Female,Loyal Customer,57,Personal Travel,Business,1347,2,3,3,3,1,4,3,2,3,4,4,4,2,4,10,5.0,neutral or dissatisfied
1255,Female,Loyal Customer,47,Personal Travel,Eco,3596,4,2,3,1,2,4,3,2,1,2,1,5,4,2,5,2.0,satisfied
1256,Male,Loyal Customer,52,Business travel,Business,2732,3,3,2,3,3,2,5,2,2,3,5,2,2,4,5,9.0,neutral or dissatisfied
1257,Male,Loyal Customer,35,Business travel,Business,1090,3,3,3,3,5,4,2,2,3,5,2,4,2,3,10,8.0,satisfied
1258,Female,Loyal Customer,22,Personal Travel,Eco,601,3,4,3,3,2,4,4,4,4,2,3,5,5,4,4,4.0,satisfied
1259,Female,Loyal Customer,36,Business travel,Business,1660,4,2,2,2,4,4,3,4,2,2,3,4,3,3,1,0.0,satisfied
1260,Female,Loyal Customer,61,Business travel,Eco,163,3,2,1,4,2,1,3,3,2,4,1,2,2,5,1,0.0,neutral or dissatisfied
1261,Male,Loyal Customer,58,Personal Travel,Business,3594,2,4,2,4,3,4,2,3,3,3,3,2,3,2,1,0.0,neutral or dissatisfied
1262,Female,Loyal Customer,59,Business travel,Business,124,5,5,0,3,2,4,5,4,5,5,4,5,4,2,3,0.0,satisfied
1263,Male,Loyal Customer,54,Personal Travel,Business,289,3,4,3,3,2,3,4,4,1,3,4,3,2,2,14,18.0,neutral or dissatisfied
1264,Female,Loyal Customer,11,Personal Travel,Business,833,2,5,3,2,2,3,4,2,0,3,3,3,3,4,18,16.0,neutral or dissatisfied
1265,Male,Loyal Customer,55,Business travel,Business,1664,1,4,0,3,4,2,4,2,5,3,3,3,3,4,10,13.0,satisfied
1266,Male,Loyal Customer,75,Personal Travel,Eco,148,5,4,3,5,2,2,4,4,2,2,4,5,5,2,62,60.0,neutral or dissatisfied
1267,Male,Loyal Customer,57,Business travel,Eco,3167,2,4,3,5,2,3,2,3,3,2,3,4,2,2,17,20.0,neutral or dissatisfied
1268,Male,Loyal Customer,52,Personal Travel,Business,705,5,5,2,2,3,3,1,4,2,1,4,3,2,4,6,1.0,neutral or dissatisfied
1269,Female,disloyal Customer,24,Personal Travel,Business,4025,3,4,3,5,3,3,5,2,3,0,2,4,3,5,2,0.0,neutral or dissatisfied
1270,Male,Loyal Customer,68,Personal Travel,Eco,2817,3,2,4,3,3,5,3,2,3,3,2,3,3,2,0,6.0,neutral or dissatisfied
1271,Male,disloyal Customer,42,Business travel,Business,462,3,4,2,2,3,2,3,4,5,2,3,4,3,2,5,0.0,satisfied
1272,Male,Loyal Customer,27,Personal Travel,Eco,2031,5,3,3,2,2,3,5,2,4,2,1,4,3,4,10,5.0,neutral or dissatisfied
1273,Female,Loyal Customer,45,Personal Travel,Eco,744,1,3,3,2,2,5,2,2,2,4,4,4,4,1,7,7.0,satisfied
1274,Female,Loyal Customer,16,Business travel,Business,4904,3,1,2,3,4,3,0,2,1,2,3,1,3,4,9,0.0,satisfied
1275,Female,Loyal Customer,79,Business travel,Eco,2983,3,1,4,3,3,3,1,3,4,4,3,4,2,1,2,,neutral or dissatisfied
1276,Female,Loyal Customer,61,Business travel,Eco Plus,4053,3,3,3,2,4,3,3,5,3,1,4,5,3,3,3,0.0,satisfied
1277,Female,Loyal Customer,32,Personal Travel,Eco,1903,3,1,3,2,4,4,3,2,2,2,4,2,3,3,10,8.0,satisfied
1278,Female,Loyal Customer,68,Business travel,Eco Plus,776,3,3,5,2,4,1,5,3,5,5,4,5,4,2,7,5.0,satisfied
1279,Male,Loyal Customer,11,Business travel,Business,1212,3,4,4,2,1,3,4,5,1,3,5,4,4,5,40,37.0,neutral or dissatisfied
1280,Female,Loyal Customer,37,Personal Travel,Eco,2113,3,2,1,4,3,3,0,2,3,4,4,4,4,3,9,8.0,neutral or dissatisfied
1281,Female,Loyal Customer,57,Personal Travel,Business,3864,2,3,3,5,4,2,5,4,4,5,2,4,2,3,9,20.0,satisfied
1282,Female,Loyal Customer,8,Personal Travel,Business,2183,3,2,5,5,4,4,3,2,2,3,4,2,4,3,21,39.0,neutral or dissatisfied
1283,Male,Loyal Customer,62,Business travel,Eco Plus,4646,4,3,2,4,3,4,5,4,5,2,2,4,2,2,40,43.0,neutral or dissatisfied
1284,Female,Loyal Customer,70,Business travel,Business,1842,2,4,3,2,1,4,4,5,2,1,2,4,4,5,18,16.0,satisfied
1285,Male,Loyal Customer,53,Business travel,Eco Plus,1204,5,1,4,2,2,5,3,4,3,3,3,3,5,3,6,0.0,satisfied
1286,Male,Loyal Customer,23,Business travel,Eco,2503,4,2,4,4,3,3,3,3,2,3,4,5,1,5,5,0.0,neutral or dissatisfied
1287,Female,Loyal Customer,65,Personal Travel,Eco,600,4,2,4,3,1,4,2,2,0,4,4,1,3,2,41,39.0,satisfied
1288,Male,Loyal Customer,33,Business travel,Eco Plus,3365,4,4,4,3,4,4,2,3,3,5,4,2,3,3,13,21.0,satisfied
1289,Male,Loyal Customer,64,Business travel,Eco,549,3,3,3,5,3,3,3,3,4,2,3,5,4,3,5,0.0,satisfied
1290,Female,Loyal Customer,56,Business travel,Eco Plus,3222,4,3,2,3,1,4,2,2,2,5,4,4,3,2,1,3.0,satisfied
1291,Male,Loyal Customer,14,Business travel,Eco,1943,5,3,3,5,2,4,5,1,3,3,4,2,3,3,15,11.0,satisfied
1292,Female,Loyal Customer,14,Personal Travel,Eco,1817,4,3,3,2,3,2,3,2,3,3,2,2,3,5,5,12.0,neutral or dissatisfied
1293,Male,Loyal Customer,8,Personal Travel,Eco,3073,2,3,2,3,3,4,5,3,4,3,4,3,4,5,25,22.0,satisfied
1294,Male,Loyal Customer,12,Business travel,Business,3539,3,2,5,3,5,3,3,4,3,2,3,3,3,3,1,0.0,satisfied
1295,Female,Loyal Customer,30,Business travel,Business,4648,4,2,3,2,4,3,3,2,3,2,3,3,4,2,1,0.0,satisfied
1296,Female,disloyal Customer,9,Business travel,Business,1482,4,3,5,4,1,3,4,3,3,3,3,3,4,4,4,17.0,satisfied
1297,Male,Loyal Customer,80,Business travel,Business,4069,3,3,3,5,1,4,3,1,3,2,3,3,3,3,3,3.0,satisfied
1298,Female,Loyal Customer,78,Personal Travel,Business,4185,2,5,3,5,3,4,4,2,5,3,3,3,3,2,5,13.0,satisfied
1299,Female,Loyal Customer,20,Business travel,Eco,4978,5,3,1,3,3,3,5,1,2,3,3,3,4,4,3,5.0,neutral or dissatisfied
1300,Male,Loyal Customer,31,Business travel,Eco,4823,2,3,5,1,4,3,4,5,4,3,4,2,2,2,0,4.0,satisfied
1301,Female,disloyal Customer,64,Personal Travel,Eco,3962,2,4,3,4,5,1,5,3,5,1,5,3,2,3,17,14.0,satisfied
1302,Male,Loyal Customer,58,Business travel,Eco,1508,2,5,1,4,5,2,4,3,3,0,4,3,2,4,9,8.0,neutral or dissatisfied
1303,Female,Loyal Customer,52,Business travel,Eco Plus,3488,2,2,4,3,3,2,3,4,3,4,3,2,5,4,7,0.0,neutral or dissatisfied
1304,Female,disloyal Customer,84,Business travel,Eco,3934,4,4,3,3,4,4,4,5,4,4,1,3,5,2,17,9.0,satisfied
1305,Female,Loyal Customer,56,Business travel,Eco,1492,4,3,2,2,3,3,4,3,3,0,5,4,2,5,10,8.0,satisfied
1306,Female,Loyal Customer,59,Business travel,Business,4076,3,5,4,3,2,2,3,2,1,3,2,3,4,3,14,12.0,neutral or dissatisfied
1307,Male,Loyal Customer,46,Personal Travel,Eco Plus,3524,4,3,0,4,1,3,3,5,3,3,2,4,5,3,7,6.0,neutral or dissatisfied
1308,Male,Loyal Customer,47,Personal Travel,Business,2479,3,2,2,5,3,3,3,2,5,2,5,4,2,2,8,13.0,satisfied
1309,Male,Loyal Customer,29,Business travel,Business,4315,2,3,3,2,1,0,4,5,4,4,2,3,4,2,9,23.0,neutral or dissatisfied
1310,Female,Loyal Customer,47,Business travel,Business,484,5,4,4,2,2,4,3,3,3,4,4,4,5,3,21,13.0,neutral or dissatisfied
1311,Female,disloyal Customer,78,Business travel,Eco,3435,5,3,5,1,2,4,3,4,4,4,3,1,3,3,0,2.0,satisfied
1312,Male,disloyal Customer,36,Business travel,Eco,3941,3,3,3,5,3,3,3,2,3,5,3,2,3,4,35,30.0,neutral or dissatisfied
1313,Female,Loyal Customer,17,Business travel,Business,249,2,4,4,4,4,4,3,5,3,4,3,2,5,3,7,0.0,neutral or dissatisfied
1314,Female,Loyal Customer,53,Business travel,Eco,2067,3,3,5,1,3,3,2,3,3,2,2,5,3,5,22,40.0,neutral or dissatisfied
1315,Female,Loyal Customer,68,Business travel,Business,2609,2,3,3,3,2,1,4,2,4,3,3,4,3,3,1,1.0,neutral or dissatisfied
1316,Male,Loyal Customer,81,Personal Travel,Business,1079,3,2,4,3,1,5,2,4,3,3,4,2,3,3,10,7.0,satisfied
1317,Female,Loyal Customer,49,Personal Travel,Business,4402,3,5,2,2,4,4,3,2,3,5,3,2,5,4,2,8.0,satisfied
1318,Female,Loyal Customer,68,Business travel,Business,3151,3,2,5,4,3,4,3,4,4,3,5,2,4,3,9,27.0,satisfied
1319,Male,Loyal Customer,26,Personal Travel,Eco,1411,1,3,2,4,2,3,4,2,3,2,3,3,4,2,28,30.0,neutral or dissatisfied
1320,Male,Loyal Customer,40,Business travel,Business,2212,5,4,3,3,4,4,3,3,4,1,2,3,4,3,10,29.0,neutral or dissatisfied
1321,Male,Loyal Customer,39,Personal Travel,Business,604,3,3,3,2,2,2,2,3,4,4,3,3,2,4,9,9.0,neutral or dissatisfied
1322,Male,Loyal Customer,32,Business travel,Business,483,4,2,3,2,2,3,4,2,3,3,1,2,4,3,2,9.0,satisfied
1323,Female,Loyal Customer,62,Business travel,Eco,3744,3,2,3,3,3,4,2,2,3,2,4,3,3,4,11,5.0,satisfied
1324,Female,Loyal Customer,75,Business travel,Eco Plus,4919,1,4,3,2,2,3,3,4,2,4,5,5,3,2,9,3.0,satisfied
1325,Female,Loyal Customer,32,Business travel,Eco,1420,3,2,5,3,4,4,5,3,2,3,4,3,3,1,0,2.0,neutral or dissatisfied
1326,Male,disloyal Customer,17,Business travel,Eco,1261,3,1,5,4,4,4,2,3,4,2,2,4,4,4,6,16.0,satisfied
1327,Female,Loyal Customer,71,Business travel,Eco,3435,4,3,3,1,4,3,3,4,4,4,2,3,5,4,28,24.0,neutral or dissatisfied
1328,Male,disloyal Customer,73,Business travel,Business,2579,4,2,3,2,4,2,3,4,2,1,4,4,2,2,1,8.0,neutral or dissatisfied
1329,Female,Loyal Customer,79,Business travel,Business,740,4,4,2,3,3,4,3,2,4,3,3,4,4,2,8,10.0,satisfied
1330,Male,Loyal Customer,26,Business travel,Eco,3353,4,3,5,5,3,5,3,3,3,3,2,3,3,3,0,0.0,neutral or dissatisfied
1331,Male,disloyal Customer,63,Business travel,Business,1088,5,3,3,4,4,3,4,2,4,1,2,4,4,3,3,8.0,satisfied
1332,Female,Loyal Customer,62,Business travel,Business,619,3,3,4,3,3,4,3,3,5,3,5,4,4,2,0,0.0,satisfied
1333,Male,Loyal Customer,68,Business travel,Business,2348,4,2,4,3,3,4,5,4,4,2,3,3,3,3,24,32.0,neutral or dissatisfied
1334,Female,Loyal Customer,69,Business travel,Business,3710,4,2,5,3,4,2,5,1,2,5,4,3,3,2,1,0.0,neutral or dissatisfied
1335,Female,Loyal Customer,81,Business travel,Eco,2629,1,3,3,4,3,3,3,2,4,4,4,4,3,2,58,63.0,neutral or dissatisfied
1336,Female,Loyal Customer,44,Personal Travel,Business,3259,3,2,2,3,3,3,2,3,2,3,2,5,4,2,0,1.0,satisfied
1337,Female,Loyal Customer,12,Business travel,Business,1227,2,4,5,4,2,1,3,4,5,0,3,2,4,3,6,6.0,satisfied
1338,Male,disloyal Customer,21,Business travel,Eco,2494,3,3,4,2,4,4,3,5,2,2,2,2,5,2,2,0.0,neutral or dissatisfied
1339,Female,Loyal Customer,76,Business travel,Eco,3579,2,1,4,2,2,2,5,1,4,2,5,5,4,5,18,14.0,neutral or dissatisfied
1340,Male,Loyal Customer,72,Business travel,Business,2665,4,2,5,3,3,4,3,5,3,4,2,3,2,4,7,0.0,satisfied
1341,Female,Loyal Customer,7,Business travel,Business,1236,4,3,4,4,2,2,5,4,3,3,4,5,5,2,0,4.0,satisfied
1342,Male,disloyal Customer,35,Business travel,Business,4776,4,3,5,5,4,5,3,3,3,3,3,2,4,4,3,2.0,satisfied
1343,Male,Loyal Customer,26,Personal Travel,Business,383,5,3,3,1,4,3,3,2,5,4,2,3,3,3,13,0.0,satisfied
1344,Female,Loyal Customer,32,Business travel,Business,4558,1,4,4,3,3,5,3,3,4,5,4,4,2,4,26,30.0,neutral or dissatisfied
1345,Male,Loyal Customer,56,Business travel,Business,3636,2,5,4,3,5,3,3,4,3,5,3,4,3,2,1,0.0,satisfied
1346,Female,Loyal Customer,46,Business travel,Eco,604,5,4,3,3,3,3,4,3,5,4,1,2,5,4,10,10.0,neutral or dissatisfied
1347,Female,Loyal Customer,44,Business travel,Eco,1313,4,1,3,5,4,5,2,3,3,3,4,4,4,5,15,18.0,satisfied
1348,Female,Loyal Customer,40,Personal Travel,Eco,1875,3,3,3,4,2,2,4,2,4,3,2,2,5,4,3,5.0,neutral or dissatisfied
1349,Female,Loyal Customer,57,Personal Travel,Eco,4790,3,3,3,1,3,3,5,4,2,3,3,4,5,3,12,28.0,satisfied
1350,Female,Loyal Customer,60,Business travel,Eco,2608,3,4,2,5,2,4,3,3,2,4,4,3,4,4,6,13.0,neutral or dissatisfied
1351,Male,Loyal Customer,10,Personal Travel,Eco,1327,1,2,3,5,3,4,5,3,4,2,4,3,0,2,4,4.0,satisfied
1352,Male,Loyal Customer,17,Business travel,Eco,4603,2,2,3,3,3,3,4,3,4,4,4,2,2,4,16,18.0,satisfied
1353,Male,Loyal Customer,33,Business travel,Eco,634,3,2,3,1,4,3,4,2,5,3,2,1,2,5,1,0.0,neutral or dissatisfied
1354,Female,Loyal Customer,40,Personal Travel,Eco,4091,2,2,3,3,2,4,3,2,2,3,5,2,5,3,17,14.0,neutral or dissatisfied
1355,Male,Loyal Customer,84,Business travel,Eco,4161,2,2,2,4,5,3,3,2,4,2,3,4,4,4,5,12.0,neutral or dissatisfied
1356,Male,Loyal Customer,76,Business travel,Eco,1963,5,3,3,4,1,4,3,3,3,3,2,4,3,5,1,13.0,neutral or dissatisfied
1357,Male,Loyal Customer,57,Personal Travel,Business,263,3,2,1,1,3,4,5,1,4,3,0,2,3,4,8,7.0,satisfied
1358,Male,Loyal Customer,9,Business travel,Business,4436,3,4,3,2,3,4,3,4,4,3,3,4,5,4,21,25.0,satisfied
1359,Male,Loyal Customer,14,Business travel,Business,4838,3,4,2,4,4,4,3,2,3,0,2,4,2,1,2,0.0,neutral or dissatisfied
1360,Male,Loyal Customer,42,Business travel,Business,1921,4,1,3,5,2,3,2,3,2,2,2,4,2,2,18,23.0,neutral or dissatisfied
1361,Male,Loyal Customer,52,Business travel,Business,969,2,3,2,3,3,4,2,3,3,3,4,2,2,4,0,0.0,neutral or dissatisfied
1362,Male,Loyal Customer,58,Business travel,Business,1392,4,1,1,4,2,3,2,2,2,5,5,5,3,3,0,1.0,satisfied
1363,Male,Loyal Customer,18,Business travel,Business,725,3,4,5,4,5,2,4,2,4,3,2,4,2,3,18,21.0,neutral or dissatisfied
1364,Male,Loyal Customer,76,Business travel,Eco Plus,3068,2,5,3,4,2,3,2,3,0,2,3,5,4,4,64,74.0,satisfied
1365,Female,Loyal Customer,45,Personal Travel,Business,2617,3,3,5,3,3,2,2,5,3,4,3,2,3,4,3,0.0,satisfied
1366,Male,Loyal Customer,53,Business travel,Business,1811,3,2,2,4,2,4,1,4,4,3,2,1,2,2,28,40.0,satisfied
1367,Male,Loyal Customer,10,Personal Travel,Business,3270,3,2,5,2,2,3,5,5,4,4,2,2,3,4,14,23.0,satisfied
1368,Male,Loyal Customer,71,Personal Travel,Business,3130,4,3,2,4,1,3,3,2,1,3,5,4,2,2,26,30.0,satisfied
1369,Female,Loyal Customer,49,Personal Travel,Eco,105,4,3,3,2,4,4,4,3,4,3,3,2,3,1,28,26.0,neutral or dissatisfied
1370,Female,Loyal Customer,24,Personal Travel,Eco,2077,4,5,2,4,2,5,2,3,2,4,3,5,4,4,3,11.0,neutral or dissatisfied
1371,Female,disloyal Customer,31,Personal Travel,Business,4324,3,4,5,3,2,4,4,5,3,4,2,2,3,2,15,,neutral or dissatisfied
1372,Male,Loyal Customer,34,Business travel,Eco,3989,3,4,3,3,2,4,5,4,4,3,3,4,3,2,21,19.0,satisfied
1373,Male,disloyal Customer,9,Personal Travel,Business,4281,1,3,4,2,3,3,3,3,2,2,2,3,4,2,6,17.0,neutral or dissatisfied
1374,Male,Loyal Customer,80,Personal Travel,Eco,4773,4,2,3,2,3,1,3,1,5,1,5,3,3,3,23,30.0,satisfied
1375,Female,Loyal Customer,69,Business travel,Eco Plus,353,4,2,3,3,3,2,4,2,3,1,3,3,4,4,21,31.0,neutral or dissatisfied
1376,Female,Loyal Customer,76,Business travel,Eco,1388,2,3,4,4,2,3,4,4,4,2,3,2,4,3,6,12.0,satisfied
1377,Female,Loyal Customer,34,Personal Travel,Business,2324,3,2,4,4,3,4,4,3,4,3,3,5,2,2,5,5.0,satisfied
1378,Female,disloyal Customer,50,Business travel,Eco,2574,4,3,4,2,2,3,4,3,4,1,5,4,2,2,1,0.0,satisfied
1379,Female,Loyal Customer,42,Business travel,Eco,3941,4,4,3,1,3,5,4,4,4,1,3,1,3,1,23,20.0,satisfied
1380,Female,disloyal Customer,44,Business travel,Eco,3635,4,4,4,2,3,5,2,4,2,3,3,2,4,4,4,9.0,satisfied
1381,Female,Loyal Customer,52,Business travel,Business,3545,3,4,5,2,1,2,4,2,2,5,3,4,5,2,7,6.0,neutral or dissatisfied
1382,Male,disloyal Customer,42,Business travel,Business,834,4,1,3,5,5,5,3,4,3,4,4,3,2,3,14,0.0,neutral or dissatisfied
1383,Male,disloyal Customer,67,Business travel,Business,3404,3,4,1,4,4,1,0,5,4,1,5,1,2,1,38,34.0,satisfied
1384,Female,Loyal Customer,11,Personal Travel,Business,3989,3,1,2,2,3,5,3,5,2,3,3,5,4,5,47,39.0,neutral or dissatisfied
1385,Male,Loyal Customer,22,Business travel,Eco,3772,2,3,2,5,3,3,3,3,4,4,3,0,3,3,1,3.0,neutral or dissatisfied
1386,Male,Loyal Customer,76,Business travel,Business,2935,4,4,2,4,5,3,3,4,4,2,4,3,3,1,1,7.0,satisfied
1387,Female,Loyal Customer,75,Personal Travel,Business,487,1,3,2,1,4,3,4,4,3,3,0,3,4,2,8,9.0,neutral or dissatisfied
1388,Male,disloyal Customer,70,Personal Travel,Eco,791,4,2,3,2,3,2,3,3,3,3,3,2,5,3,17,6.0,satisfied
1389,Female,Loyal Customer,35,Business travel,Eco,3728,3,2,3,1,2,5,5,3,3,4,3,4,4,2,1,0.0,satisfied
1390,Female,Loyal Customer,42,Business travel,Eco Plus,4347,4,3,3,3,2,2,3,1,4,3,3,4,2,4,1,0.0,satisfied
1391,Male,Loyal Customer,8,Business travel,Eco,4135,2,4,2,3,1,3,1,2,4,4,4,3,4,5,30,29.0,satisfied
1392,Female,Loyal Customer,28,Personal Travel,Eco,2162,3,2,4,3,3,2,4,2,5,3,5,3,4,4,5,11.0,neutral or dissatisfied
1393,Female,disloyal Customer,63,Business travel,Eco,2957,3,3,4,1,4,2,3,2,3,2,2,4,3,3,3,3.0,neutral or dissatisfied
1394,Female,Loyal Customer,33,Business travel,Business,924,3,1,5,1,4,2,2,3,2,3,2,3,4,5,11,11.0,satisfied
1395,Male,Loyal Customer,44,Personal Travel,Business,2979,2,4,4,3,4,2,3,4,1,2,2,1,3,3,2,14.0,satisfied
1396,Female,disloyal Customer,16,Business travel,Eco,1017,4,2,3,4,2,3,2,3,2,2,3,4,2,3,23,16.0,neutral or dissatisfied
1397,Female,Loyal Customer,45,Business travel,Business,3985,1,3,4,1,4,2,2,1,2,4,2,5,4,3,6,15.0,neutral or dissatisfied
1398,Female,Loyal Customer,63,Personal Travel,Business,3938,2,3,3,2,4,5,5,3,4,2,5,3,4,3,2,0.0,satisfied
1399,Male,Loyal Customer,51,Personal Travel,Eco,303,1,4,4,4,1,3,3,4,3,4,4,3,4,4,22,42.0,neutral or dissatisfied
1400,Male,Loyal Customer,50,Business travel,Business,4681,4,3,4,2,3,4,3,3,4,2,2,3,2,2,13,15.0,satisfied
1401,Female,Loyal Customer,78,Business travel,Business,3990,3,2,3,3,5,4,5,2,2,3,3,2,5,4,1,0.0,satisfied
1402,Male,disloyal Customer,25,Business travel,Business,1922,4,3,3,2,3,5,3,2,4,4,3,3,4,5,0,0.0,satisfied
1403,Male,Loyal Customer,30,Business travel,Business,2283,5,5,3,4,0,4,2,4,4,3,3,4,4,5,13,3.0,satisfied
1404,Male,disloyal Customer,55,Business travel,Eco,440,3,4,2,1,2,3,2,4,3,1,2,3,2,1,1,18.0,neutral or dissatisfied
1405,Male,disloyal Customer,44,Personal Travel,Business,4684,4,3,1,3,1,2,3,2,4,3,2,5,4,3,18,13.0,neutral or dissatisfied
1406,Male,Loyal Customer,83,Business travel,Eco,549,3,2,2,4,2,4,1,2,3,2,3,4,4,2,17,27.0,satisfied
1407,Male,Loyal Customer,11,Business travel,Business,4616,3,2,3,4,2,4,2,3,2,2,5,3,2,4,20,27.0,neutral or dissatisfied
1408,Female,Loyal Customer,16,Business travel,Eco,3289,4,4,4,2,4,3,3,2,4,3,2,4,4,4,19,10.0,neutral or dissatisfied
1409,Male,Loyal Customer,33,Personal Travel,Business,4597,5,2,4,2,4,3,4,4,4,2,4,3,2,3,0,0.0,satisfied
1410,Male,Loyal Customer,42,Business travel,Business,1885,3,3,3,3,3,3,5,3,4,3,4,1,3,3,8,15.0,neutral or dissatisfied
1411,Male,Loyal Customer,76,Business travel,Eco,4483,4,5,2,2,4,1,4,5,4,5,3,4,5,3,10,8.0,satisfied
1412,Female,Loyal Customer,45,Business travel,Business,2159,3,3,3,3,2,3,3,3,3,3,4,4,4,3,3,3.0,satisfied
1413,Male,Loyal Customer,41,Business travel,Eco,1782,3,2,2,3,3,4,3,5,3,3,3,5,3,4,1,,neutral or dissatisfied
1414,Female,Loyal Customer,20,Personal Travel,Business,1718,3,5,1,3,5,3,4,3,3,3,1,3,2,4,0,0.0,neutral or dissatisfied
1415,Female,Loyal Customer,40,Personal Travel,Business,4762,3,5,1,4,4,4,5,2,4,4,3,4,4,5,25,25.0,neutral or dissatisfied
1416,Female,Loyal Customer,48,Business travel,Business,2354,0,4,5,2,4,4,3,2,3,3,3,2,3,3,76,85.0,neutral or dissatisfied
1417,Female,Loyal Customer,52,Business travel,Eco,2418,5,4,5,1,2,3,3,2,3,2,5,2,1,4,31,17.0,neutral or dissatisfied
1418,Male,Loyal Customer,54,Personal Travel,Business,3235,2,3,4,2,3,4,3,4,2,2,3,5,2,2,0,6.0,satisfied
1419,Female,Loyal Customer,40,Business travel,Business,2801,3,4,3,3,2,3,3,3,2,2,3,1,4,2,0,0.0,neutral or dissatisfied
1420,Male,disloyal Customer,19,Personal Travel,Eco,2728,3,3,1,3,5,1,4,1,2,4,2,3,5,4,11,2.0,neutral or dissatisfied
1421,Female,disloyal Customer,18,Business travel,Business,1926,2,2,3,3,1,3,2,4,4,2,3,5,3,4,13,15.0,satisfied
1422,Female,Loyal Customer,19,Business travel,Eco,862,3,5,4,2,4,2,4,5,3,4,2,1,4,3,7,7.0,satisfied
1423,Female,Loyal Customer,55,Business travel,Eco Plus,4973,3,1,4,2,4,3,4,1,3,4,4,3,3,2,22,32.0,satisfied
1424,Female,Loyal Customer,73,Business travel,Eco,2481,2,3,4,2,1,4,4,4,4,2,3,4,2,3,0,0.0,neutral or dissatisfied
1425,Male,Loyal Customer,75,Business travel,Business,4862,3,3,4,2,4,3,2,5,5,2,2,2,5,3,11,21.0,satisfied
1426,Female,Loyal Customer,31,Personal Travel,Business,2330,3,4,5,4,3,2,3,1,3,4,5,4,2,3,8,8.0,neutral or dissatisfied
1427,Female,Loyal Customer,13,Business travel,Eco Plus,3017,4,3,3,3,2,3,3,3,2,3,2,2,4,2,18,21.0,satisfied
1428,Female,disloyal Customer,56,Business travel,Eco,2751,2,3,5,2,3,5,3,2,4,3,3,5,3,2,11,9.0,neutral or dissatisfied
1429,Male,disloyal Customer,9,Business travel,Business,4830,2,3,1,4,2,1,2,4,3,4,2,5,3,3,11,4.0,satisfied
1430,Female,disloyal Customer,55,Personal Travel,Eco Plus,597,4,4,2,3,3,3,5,3,3,4,4,3,5,4,4,11.0,neutral or dissatisfied
1431,Male,Loyal Customer,36,Business travel,Eco Plus,2611,2,3,3,2,2,3,3,3,4,3,4,0,3,2,16,16.0,satisfied
1432,Male,Loyal Customer,72,Business travel,Business,809,2,3,4,0,2,3,1,4,3,2,2,4,3,2,10,8.0,satisfied
1433,Male,disloyal Customer,55,Business travel,Business,4346,2,2,3,2,2,3,2,5,4,3,2,4,3,3,10,17.0,satisfied
1434,Female,Loyal Customer,64,Business travel,Eco,2674,3,5,2,4,4,3,5,3,3,2,2,4,4,1,15,26.0,satisfied
1435,Male,Loyal Customer,38,Personal Travel,Eco,4619,3,4,5,4,3,4,3,3,5,3,3,4,2,3,3,0.0,satisfied
1436,Male,Loyal Customer,72,Business travel,Eco,1413,3,3,2,1,3,3,3,3,3,3,5,3,3,4,0,13.0,satisfied
1437,Male,Loyal Customer,47,Business travel,Business,856,2,2,2,4,3,1,4,4,4,2,4,3,3,3,5,0.0,satisfied
1438,Female,Loyal Customer,55,Personal Travel,Business,3163,4,2,5,4,3,5,3,2,3,3,4,2,2,1,3,4.0,satisfied
1439,Male,Loyal Customer,35,Business travel,Business,771,4,4,4,5,2,4,2,3,4,3,2,3,2,5,7,13.0,satisfied
1440,Female,Loyal Customer,42,Business travel,Business,1895,1,3,4,4,2,3,2,2,3,4,4,3,3,3,22,0.0,satisfied
1441,Female,Loyal Customer,72,Business travel,Eco,1603,1,4,3,4,5,3,4,2,4,2,4,4,3,3,7,0.0,satisfied
1442,Female,Loyal Customer,37,Personal Travel,Business,1142,4,2,1,4,4,5,5,1,3,2,4,2,4,4,7,4.0,satisfied
1443,Female,Loyal Customer,8,Personal Travel,Business,697,5,5,3,4,2,4,4,3,4,3,3,3,1,3,0,2.0,satisfied
1444,Male,Loyal Customer,36,Business travel,Eco,3299,1,4,1,3,1,5,3,4,2,4,4,3,3,3,9,9.0,neutral or dissatisfied
1445,Male,disloyal Customer,37,Personal Travel,Business,3802,4,3,3,4,1,4,3,1,2,4,2,2,4,5,1,0.0,satisfied
1446,Male,Loyal Customer,39,Business travel,Business,1999,5,4,4,2,2,4,3,4,1,3,4,2,1,2,10,7.0,satisfied
1447,Female,Loyal Customer,12,Business travel,Eco Plus,1441,2,4,4,3,3,5,1,2,4,4,3,4,5,4,36,24.0,neutral or dissatisfied
1448,Female,Loyal Customer,17,Business travel,Business,830,5,2,3,4,3,3,3,2,2,4,2,2,4,2,1,0.0,satisfied
1449,Female,Loyal Customer,32,Business travel,Eco,3401,3,5,4,5,3,4,4,4,5,3,3,3,3,2,5,3.0,satisfied
1450,Male,disloyal Customer,40,Business travel,Business,4053,3,4,2,2,3,1,5,5,3,2,5,4,3,4,23,24.0,neutral or dissatisfied
1451,Male,Loyal Customer,9,Personal Travel,Business,2762,2,2,4,4,2,1,4,5,5,3,2,5,2,5,27,24.0,satisfied
1452,Male,Loyal Customer,37,Business travel,Eco,2187,4,2,4,3,5,4,5,4,4,2,4,5,5,3,0,0.0,satisfied
1453,Male,Loyal Customer,31,Personal Travel,Business,3259,4,4,2,4,3,4,5,3,3,3,4,5,3,2,14,10.0,neutral or dissatisfied
1454,Male,Loyal Customer,9,Business travel,Eco,4579,5,3,4,2,3,3,5,4,2,2,3,2,3,4,8,10.0,satisfied
1455,Female,disloyal Customer,26,Business travel,Business,4948,5,4,4,4,2,3,3,5,3,3,3,3,4,2,10,0.0,neutral or dissatisfied
1456,Male,Loyal Customer,28,Business travel,Eco,1007,3,3,3,3,3,3,4,3,4,3,2,3,4,4,6,6.0,satisfied
1457,Female,disloyal Customer,18,Business travel,Business,2409,5,2,2,2,5,3,1,4,5,3,5,3,3,4,2,0.0,satisfied
1458,Male,disloyal Customer,65,Business travel,Eco,4387,4,4,3,3,2,1,3,3,2,3,2,3,3,2,23,20.0,satisfied
1459,Male,Loyal Customer,12,Business travel,Eco,3182,4,3,4,4,2,4,4,2,3,3,0,4,4,4,10,11.0,satisfied
1460,Female,Loyal Customer,52,Personal Travel,Eco,4088,2,3,2,2,2,3,3,5,3,2,4,3,3,2,0,0.0,satisfied
1461,Female,Loyal Customer,58,Personal Travel,Business,4979,1,5,2,1,3,3,2,3,3,2,2,4,2,5,22,21.0,satisfied
1462,Male,Loyal Customer,69,Business travel,Eco,564,1,4,4,3,2,3,5,3,5,3,3,2,5,1,38,36.0,neutral or dissatisfied
1463,Male,Loyal Customer,49,Business travel,Eco,3081,2,4,4,1,2,2,4,4,2,2,2,4,3,3,11,27.0,neutral or dissatisfied
1464,Male,Loyal Customer,49,Business travel,Business,2681,5,5,5,5,3,2,5,2,1,5,3,1,3,2,19,21.0,neutral or dissatisfied
1465,Female,Loyal Customer,66,Personal Travel,Eco,1459,4,3,4,5,5,5,4,3,3,4,3,4,4,5,7,10.0,satisfied
1466,Male,Loyal Customer,73,Business travel,Business,3285,2,3,2,4,3,2,5,2,4,1,3,3,3,1,35,28.0,neutral or dissatisfied
1467,Female,Loyal Customer,23,Business travel,Business,564,3,2,5,3,3,4,4,4,3,4,5,2,2,5,2,0.0,satisfied
1468,Male,Loyal Customer,69,Business travel,Eco,2502,3,3,4,5,3,2,2,4,2,4,3,3,3,3,14,9.0,satisfied
1469,Female,Loyal Customer,43,Business travel,Business,2102,4,1,1,4,4,3,3,3,3,2,3,4,4,3,3,0.0,neutral or dissatisfied
1470,Male,disloyal Customer,14,Business travel,Business,1981,2,4,2,2,5,3,3,5,2,3,3,2,3,4,16,17.0,satisfied
1471,Female,Loyal Customer,54,Business travel,Eco,3090,3,2,2,5,3,3,2,3,4,3,4,2,3,3,12,13.0,neutral or dissatisfied
1472,Female,Loyal Customer,83,Business travel,Eco,4722,3,4,4,2,3,3,5,3,3,4,2,3,3,2,30,31.0,neutral or dissatisfied
1473,Male,Loyal Customer,17,Business travel,Business,4739,2,3,0,3,2,5,3,5,5,3,3,4,3,2,0,0.0,satisfied
1474,Male,Loyal Customer,8,Business travel,Business,3519,5,3,3,1,4,5,4,2,4,4,3,1,3,3,2,0.0,satisfied
1475,Female,Loyal Customer,78,Business travel,Business,1688,3,3,4,3,2,3,2,3,3,3,2,4,4,2,8,2.0,neutral or dissatisfied
1476,Male,Loyal Customer,53,Personal Travel,Eco,4831,2,5,0,3,2,3,4,4,3,3,5,3,4,4,27,30.0,satisfied
1477,Male,disloyal Customer,24,Business travel,Business,4991,4,4,4,3,3,2,3,2,1,4,4,4,5,3,5,20.0,neutral or dissatisfied
1478,Male,disloyal Customer,68,Personal Travel,Eco,4238,3,3,4,3,5,2,5,3,3,4,2,4,5,4,25,26.0,neutral or dissatisfied
1479,Male,disloyal Customer,37,Business travel,Eco,4372,3,2,2,2,4,5,2,5,3,0,4,5,2,3,9,11.0,satisfied
1480,Male,Loyal Customer,32,Personal Travel,Eco Plus,4094,2,4,2,3,3,2,5,5,3,0,5,4,3,4,7,21.0,neutral or dissatisfied
1481,Male,Loyal Customer,29,Personal Travel,Business,3812,4,2,2,4,2,3,4,4,3,3,2,2,4,2,30,30.0,neutral or dissatisfied
1482,Male,Loyal Customer,53,Business travel,Business,3641,5,1,0,2,5,3,3,5,5,2,5,4,1,2,10,3.0,neutral or dissatisfied
1483,Male,disloyal Customer,17,Personal Travel,Business,3210,2,4,3,4,3,0,5,4,3,2,3,4,4,3,14,1125.0,satisfied
1484,Male,Loyal Customer,35,Business travel,Business,3248,3,4,3,3,3,2,4,3,2,3,3,2,2,5,28,41.0,satisfied
1485,Male,Loyal Customer,30,Personal Travel,Business,1979,2,3,2,3,4,2,4,5,1,5,5,2,3,3,6,13.0,neutral or dissatisfied
1486,Female,Loyal Customer,11,Business travel,Eco,4439,5,3,4,3,3,2,2,2,3,2,3,0,3,3,18,19.0,neutral or dissatisfied
1487,Male,Loyal Customer,66,Business travel,Business,3191,4,3,3,2,2,3,4,4,2,4,4,4,1,3,2,0.0,satisfied
1488,Male,Loyal Customer,7,Business travel,Business,3086,3,4,3,3,2,4,3,3,2,2,3,3,5,3,18,6.0,neutral or dissatisfied
1489,Male,Loyal Customer,81,Personal Travel,Eco,3722,2,4,3,4,2,2,3,3,3,1,1,2,3,2,5,7.0,neutral or dissatisfied
1490,Female,Loyal Customer,14,Personal Travel,Eco Plus,422,2,3,4,2,2,3,3,4,4,2,4,2,5,2,20,18.0,neutral or dissatisfied
1491,Male,Loyal Customer,34,Business travel,Business,4598,4,2,4,2,2,3,3,5,4,1,3,3,1,4,0,0.0,satisfied
1492,Male,Loyal Customer,14,Personal Travel,Eco,2933,2,1,3,3,4,2,2,5,2,1,3,4,3,2,37,44.0,neutral or dissatisfied
1493,Male,disloyal Customer,35,Personal Travel,Eco,4724,2,4,4,4,4,4,2,4,3,2,0,3,4,4,33,23.0,neutral or dissatisfied
1494,Male,Loyal Customer,54,Business travel,Business,559,3,2,4,4,2,4,1,3,4,2,4,3,3,3,19,14.0,satisfied
1495,Male,Loyal Customer,13,Business travel,Eco,1206,3,3,3,4,4,0,4,4,4,3,2,2,4,1,1,10.0,satisfied
1496,Male,Loyal Customer,48,Business travel,Business,4749,3,4,5,3,3,4,1,5,5,3,2,3,4,4,25,15.0,satisfied
1497,Female,Loyal Customer,67,Business travel,Business,3479,3,2,2,3,3,3,4,1,2,2,2,2,2,4,5,14.0,neutral or dissatisfied
1498,Female,Loyal Customer,42,Business travel,Business,3251,4,3,3,3,2,3,4,3,2,4,1,3,5,4,6,8.0,neutral or dissatisfied
1499,Male,Loyal Customer,15,Personal Travel,Business,2051,2,4,2,2,3,4,3,2,2,2,4,4,4,3,40,39.0,satisfied
1500,Female,disloyal Customer,60,Business travel,Eco,2800,4,2,4,2,5,1,4,3,4,3,5,2,2,3,9,10.0,neutral or dissatisfied
1501,Female,Loyal Customer,21,Personal Travel,Eco,2754,3,2,3,3,3,2,3,2,0,1,3,5,3,3,46,48.0,neutral or dissatisfied
1502,Male,Loyal Customer,8,Business travel,Business,1029,4,3,2,3,4,3,4,1,3,3,4,2,4,2,0,5.0,neutral or dissatisfied
1503,Male,Loyal Customer,41,Business travel,Eco,2854,4,4,5,3,3,1,1,2,1,5,3,1,3,4,2,,neutral or dissatisfied
1504,Male,Loyal Customer,28,Business travel,Business,2603,2,5,5,1,4,3,1,3,3,4,4,3,3,3,43,53.0,satisfied
1505,Female,Loyal Customer,9,Business travel,Business,1599,2,3,3,2,3,4,3,4,5,3,3,2,4,3,16,17.0,neutral or dissatisfied
1506,Male,Loyal Customer,67,Business travel,Eco,1745,1,2,1,4,0,4,4,2,4,2,4,5,1,2,25,34.0,satisfied
1507,Female,Loyal Customer,53,Business travel,Business,3850,1,4,5,2,2,3,4,2,2,5,2,3,3,3,7,10.0,neutral or dissatisfied
1508,Male,Loyal Customer,77,Business travel,Eco,3393,3,1,4,2,3,3,3,4,3,3,3,1,3,5,1,18.0,satisfied
1509,Female,Loyal Customer,44,Personal Travel,Business,2376,3,3,3,3,4,3,3,4,2,2,4,3,4,3,3,0.0,satisfied
1510,Female,Loyal Customer,41,Business travel,Eco,3041,2,3,3,2,3,3,4,5,5,2,4,3,3,2,13,25.0,satisfied
1511,Male,disloyal Customer,72,Business travel,Business,1244,2,4,2,4,3,3,3,4,1,5,4,2,5,3,2,0.0,neutral or dissatisfied
1512,Male,Loyal Customer,13,Business travel,Business,2521,5,5,3,2,2,1,4,2,3,3,3,3,3,4,1,5.0,neutral or dissatisfied
1513,Female,disloyal Customer,35,Business travel,Eco,2830,4,2,4,3,5,5,2,2,2,3,3,4,2,4,6,14.0,neutral or dissatisfied
1514,Male,disloyal Customer,69,Personal Travel,Eco,1301,2,3,3,2,5,2,1,4,2,3,3,3,5,4,3,3.0,neutral or dissatisfied
1515,Male,disloyal Customer,29,Business travel,Business,888,3,2,3,3,2,4,3,2,5,3,1,3,4,3,8,0.0,satisfied
1516,Female,Loyal Customer,76,Personal Travel,Eco,2652,3,3,3,2,1,3,4,3,1,3,4,3,4,5,28,29.0,neutral or dissatisfied
1517,Male,Loyal Customer,29,Personal Travel,Business,4706,2,4,2,3,1,2,2,1,2,5,5,2,3,2,7,4.0,neutral or dissatisfied
1518,Male,Loyal Customer,39,Business travel,Business,2335,2,3,5,4,4,5,4,2,5,3,4,2,3,5,30,37.0,neutral or dissatisfied
1519,Male,Loyal Customer,76,Business travel,Business,4512,3,3,4,2,3,4,2,5,3,1,3,5,4,4,5,0.0,satisfied
1520,Male,Loyal Customer,25,Business travel,Eco,4263,4,4,3,2,2,1,3,3,3,3,4,5,3,5,0,0.0,neutral or dissatisfied
1521,Female,Loyal Customer,82,Personal Travel,Eco,3736,4,5,4,3,3,3,3,3,3,3,1,2,5,2,45,40.0,neutral or dissatisfied
1522,Female,disloyal Customer,10,Business travel,Eco,4476,2,3,1,5,2,3,2,3,3,3,3,2,3,5,15,13.0,neutral or dissatisfied
1523,Male,Loyal Customer,27,Business travel,Eco,2085,4,3,2,3,4,1,3,5,3,3,3,2,3,5,8,8.0,satisfied
1524,Male,Loyal Customer,53,Business travel,Business,3808,3,2,1,4,3,1,0,2,2,2,1,4,3,3,2,6.0,satisfied
1525,Female,Loyal Customer,53,Business travel,Business,766,2,5,3,3,2,2,4,4,2,4,3,2,2,2,11,14.0,satisfied
1526,Male,Loyal Customer,77,Business travel,Business,1632,3,4,3,4,3,2,3,4,3,5,1,4,4,5,26,16.0,neutral or dissatisfied
1527,Male,Loyal Customer,81,Business travel,Eco,2854,2,3,3,3,3,2,2,5,3,1,4,3,2,2,9,3.0,neutral or dissatisfied
1528,Male,Loyal Customer,59,Business travel,Business,238,4,3,4,4,3,2,5,2,3,3,3,3,3,4,21,17.0,neutral or dissatisfied
1529,Male,disloyal Customer,58,Personal Travel,Eco,3837,5,3,1,1,4,3,2,2,4,2,3,4,5,5,9,7.0,satisfied
1530,Female,Loyal Customer,31,Business travel,Eco,4630,3,4,2,1,4,2,3,2,3,2,4,3,1,3,13,7.0,satisfied
1531,Male,Loyal Customer,69,Business travel,Eco,571,2,4,3,4,3,4,2,4,3,1,3,3,3,3,1,0.0,neutral or dissatisfied
1532,Male,Loyal Customer,57,Business travel,Business,4960,4,5,3,4,3,3,4,5,5,3,4,2,2,5,39,49.0,satisfied
1533,Female,Loyal Customer,8,Personal Travel,Business,486,4,3,2,5,2,4,5,4,4,2,4,0,3,3,35,37.0,neutral or dissatisfied
1534,Male,Loyal Customer,71,Business travel,Eco,678,2,5,4,1,1,1,5,2,3,2,2,4,3,3,1,0.0,neutral or dissatisfied
1535,Female,Loyal Customer,35,Personal Travel,Eco,3823,3,4,5,4,3,3,5,5,2,4,5,2,2,0,3,6.0,neutral or dissatisfied
1536,Male,Loyal Customer,44,Business travel,Business,3443,3,3,3,2,2,3,3,3,3,3,5,4,4,4,17,14.0,satisfied
1537,Male,Loyal Customer,44,Personal Travel,Eco,4683,2,1,1,2,4,4,5,2,4,2,4,3,5,3,2,16.0,neutral or dissatisfied
1538,Male,Loyal Customer,70,Business travel,Eco,2154,3,3,3,2,3,2,3,3,3,2,3,3,4,4,1,0.0,neutral or dissatisfied
1539,Female,Loyal Customer,27,Personal Travel,Business,2884,2,5,3,3,4,3,2,3,3,2,4,3,4,3,1,0.0,satisfied
1540,Female,Loyal Customer,37,Business travel,Eco,785,2,2,3,2,2,3,3,2,3,5,5,2,5,5,6,4.0,satisfied
1541,Male,disloyal Customer,10,Personal Travel,Business,3474,3,3,4,3,2,3,4,5,3,4,5,1,4,5,24,16.0,satisfied
1542,Male,Loyal Customer,34,Personal Travel,Eco Plus,4990,1,3,3,4,4,5,2,3,2,4,3,2,1,2,1,4.0,satisfied
1543,Male,disloyal Customer,13,Business travel,Business,3004,1,4,5,4,3,4,3,1,3,2,4,2,3,3,1,1.0,satisfied
1544,Female,Loyal Customer,52,Business travel,Business,4669,4,3,4,4,3,3,4,4,3,3,3,3,0,4,0,2.0,neutral or dissatisfied
1545,Male,Loyal Customer,76,Business travel,Business,1998,2,2,3,3,3,2,4,2,5,4,1,4,2,5,6,6.0,neutral or dissatisfied
1546,Female,Loyal Customer,43,Business travel,Eco,4913,5,4,4,3,4,2,4,2,3,4,4,2,2,3,11,12.0,satisfied
1547,Female,Loyal Customer,78,Business travel,Eco Plus,2706,5,2,5,2,4,3,3,4,2,5,5,3,4,3,19,31.0,neutral or dissatisfied
1548,Female,disloyal Customer,83,Personal Travel,Business,762,2,1,4,4,1,4,2,2,5,3,4,3,2,4,4,8.0,satisfied
1549,Male,Loyal Customer,11,Business travel,Business,1844,5,5,3,2,3,3,2,3,4,3,3,2,4,2,1,0.0,satisfied
1550,Male,disloyal Customer,47,Business travel,Business,2485,4,4,2,3,4,3,3,3,3,0,4,3,4,3,0,2.0,satisfied
1551,Male,disloyal Customer,48,Personal Travel,Business,381,2,5,2,2,2,2,3,3,3,3,4,4,2,3,2,11.0,neutral or dissatisfied
1552,Female,Loyal Customer,37,Business travel,Eco,4484,0,4,0,3,1,1,3,3,3,4,4,3,3,4,15,0.0,satisfied
1553,Female,Loyal Customer,71,Business travel,Business,1233,4,4,3,2,3,4,1,1,2,4,5,3,0,5,9,0.0,neutral or dissatisfied
1554,Female,Loyal Customer,37,Business travel,Eco Plus,3392,3,3,3,3,4,3,2,3,3,2,4,2,2,2,3,7.0,neutral or dissatisfied
1555,Male,Loyal Customer,11,Business travel,Eco,4603,3,3,3,2,2,4,4,5,3,3,3,3,5,4,2,9.0,satisfied
1556,Male,Loyal Customer,49,Business travel,Business,2201,3,4,4,2,4,3,1,4,4,1,3,2,2,3,4,5.0,neutral or dissatisfied
1557,Female,Loyal Customer,22,Business travel,Eco,3066,2,2,3,3,5,2,3,3,4,1,3,2,3,3,3,6.0,satisfied
1558,Female,disloyal Customer,34,Business travel,Eco Plus,2607,3,2,5,0,1,3,2,4,4,4,3,3,2,2,1,11.0,neutral or dissatisfied
1559,Female,Loyal Customer,46,Business travel,Eco,3832,4,3,2,1,3,2,2,4,4,4,1,3,1,3,0,0.0,satisfied
1560,Female,Loyal Customer,63,Business travel,Eco,241,3,4,2,4,0,3,3,2,1,4,5,4,2,3,16,9.0,neutral or dissatisfied
1561,Male,Loyal Customer,28,Business travel,Business,1830,3,2,2,3,4,3,3,5,3,3,2,2,3,4,17,15.0,satisfied
1562,Male,Loyal Customer,36,Business travel,Business,3077,1,2,4,2,2,5,4,3,1,5,3,3,3,2,32,33.0,neutral or dissatisfied
1563,Male,disloyal Customer,12,Business travel,Eco,502,3,4,4,4,2,2,2,3,4,3,3,2,4,2,6,8.0,satisfied
1564,Female,Loyal Customer,36,Business travel,Business,4305,2,3,2,2,4,2,2,5,3,4,2,2,3,4,27,33.0,neutral or dissatisfied
1565,Female,disloyal Customer,52,Business travel,Eco,3178,4,4,2,2,2,3,4,1,3,2,3,4,3,3,4,17.0,satisfied
1566,Male,Loyal Customer,55,Business travel,Eco,63,2,4,5,2,1,4,3,2,2,0,3,3,3,3,3,4.0,neutral or dissatisfied
1567,Female,disloyal Customer,29,Business travel,Business,110,3,4,1,5,0,0,4,4,5,2,5,2,4,3,6,0.0,satisfied
1568,Female,Loyal Customer,11,Personal Travel,Business,841,5,2,4,3,4,4,3,4,3,3,3,0,2,4,14,8.0,satisfied
1569,Female,disloyal Customer,52,Business travel,Business,3336,3,4,2,3,4,3,4,5,3,3,3,4,4,3,65,66.0,neutral or dissatisfied
1570,Female,Loyal Customer,58,Business travel,Eco,2614,3,4,3,4,3,2,0,1,3,3,2,4,4,4,34,45.0,neutral or dissatisfied
1571,Male,Loyal Customer,13,Business travel,Business,2437,4,3,4,1,2,3,4,4,3,3,5,4,2,3,15,20.0,neutral or dissatisfied
1572,Male,Loyal Customer,46,Business travel,Business,2826,1,3,4,2,4,2,3,2,3,5,3,4,3,2,4,0.0,satisfied
1573,Female,Loyal Customer,14,Business travel,Eco Plus,2498,4,3,3,4,5,2,2,4,5,4,3,3,4,2,16,11.0,satisfied
1574,Female,Loyal Customer,42,Personal Travel,Eco,1749,4,3,5,3,3,1,2,3,4,2,2,3,2,4,10,8.0,neutral or dissatisfied
1575,Male,Loyal Customer,56,Business travel,Eco,86,4,1,3,5,2,4,3,4,3,0,4,1,2,2,48,48.0,satisfied
1576,Male,Loyal Customer,63,Business travel,Eco,188,0,4,5,2,4,3,3,3,2,2,3,3,2,5,7,5.0,neutral or dissatisfied
1577,Female,disloyal Customer,62,Business travel,Business,3460,3,4,1,4,2,3,3,4,3,4,5,3,5,2,13,7.0,satisfied
1578,Female,Loyal Customer,66,Business travel,Eco Plus,3730,2,0,1,4,3,4,2,2,2,2,4,2,3,3,9,3.0,neutral or dissatisfied
1579,Male,Loyal Customer,25,Business travel,Eco,1237,4,4,4,3,0,3,4,3,5,4,3,2,2,5,22,22.0,satisfied
1580,Female,Loyal Customer,73,Business travel,Business,1252,4,5,3,3,3,1,3,3,5,4,2,2,1,4,2,3.0,satisfied
1581,Male,Loyal Customer,34,Personal Travel,Business,2068,3,2,4,3,2,4,3,5,4,3,3,2,2,3,30,23.0,satisfied
1582,Male,Loyal Customer,36,Business travel,Business,3240,2,3,2,1,4,5,3,4,2,3,3,4,3,4,1,3.0,satisfied
1583,Female,Loyal Customer,68,Business travel,Eco,2987,5,3,3,3,2,4,4,3,3,2,3,4,3,2,3,17.0,neutral or dissatisfied
1584,Male,Loyal Customer,32,Personal Travel,Eco,2817,3,5,4,3,4,2,3,4,3,5,1,2,4,3,12,13.0,satisfied
1585,Female,disloyal Customer,12,Personal Travel,Eco,231,5,4,2,4,3,2,3,4,2,2,2,4,4,1,27,29.0,neutral or dissatisfied
1586,Male,Loyal Customer,62,Personal Travel,Eco Plus,2182,3,2,3,3,3,2,3,4,3,4,3,3,3,4,38,28.0,satisfied
1587,Female,Loyal Customer,58,Business travel,Business,3775,4,3,2,4,4,3,5,2,3,4,4,5,3,4,9,14.0,neutral or dissatisfied
1588,Male,Loyal Customer,52,Business travel,Eco,2971,2,5,3,2,3,5,4,4,4,4,1,4,5,4,15,11.0,satisfied
1589,Female,Loyal Customer,18,Personal Travel,Eco,4044,5,2,5,5,2,2,4,3,5,3,5,4,4,3,0,8.0,satisfied
1590,Male,Loyal Customer,56,Business travel,Eco,3490,4,3,2,2,2,2,3,3,3,1,5,3,4,3,15,29.0,neutral or dissatisfied
1591,Female,Loyal Customer,22,Personal Travel,Business,4503,5,4,2,3,4,4,5,2,3,2,2,2,3,3,4,0.0,neutral or dissatisfied
1592,Male,Loyal Customer,50,Business travel,Eco,2882,3,2,4,4,1,3,4,4,2,2,5,2,4,4,7,2.0,satisfied
1593,Male,Loyal Customer,46,Personal Travel,Eco,2867,3,5,2,2,5,5,3,4,4,3,3,3,4,3,1,5.0,neutral or dissatisfied
1594,Male,Loyal Customer,67,Business travel,Business,2809,4,2,4,4,3,3,3,2,3,4,3,3,4,2,5,0.0,neutral or dissatisfied
1595,Female,Loyal Customer,83,Business travel,Eco,1359,5,1,3,3,3,4,4,2,3,3,4,5,4,1,11,11.0,neutral or dissatisfied
1596,Male,disloyal Customer,21,Business travel,Business,2208,4,2,3,3,3,4,0,5,3,3,4,4,4,5,11,9.0,satisfied
1597,Female,disloyal Customer,15,Business travel,Business,885,3,4,5,3,2,4,4,4,3,4,3,2,2,2,29,29.0,satisfied
1598,Female,disloyal Customer,50,Business travel,Eco,2178,1,2,4,2,3,3,2,3,4,1,2,3,3,3,7,,neutral or dissatisfied
1599,Female,disloyal Customer,81,Personal Travel,Business,791,4,3,3,5,2,3,2,4,3,1,3,3,2,4,13,17.0,satisfied
1600,Female,Loyal Customer,19,Business travel,Eco,2480,1,4,1,2,3,4,2,3,5,1,4,3,4,4,31,50.0,neutral or dissatisfied
1601,Male,Loyal Customer,45,Business travel,Eco,4773,3,2,4,0,3,4,2,3,2,4,4,2,1,2,4,1.0,neutral or dissatisfied
1602,Female,Loyal Customer,38,Business travel,Business,2287,3,2,2,2,3,4,3,3,5,1,5,4,3,2,60,49.0,neutral or dissatisfied
1603,Female,Loyal Customer,31,Personal Travel,Business,3706,1,3,3,3,5,1,4,4,3,3,3,3,3,4,7,13.0,neutral or dissatisfied
1604,Male,Loyal Customer,58,Business travel,Business,2223,3,4,3,3,2,3,5,2,3,2,3,4,2,4,14,8.0,satisfied
1605,Male,disloyal Customer,30,Business travel,Business,4534,5,2,5,4,3,2,5,2,4,3,2,2,3,3,4,4.0,satisfied
1606,Female,Loyal Customer,45,Personal Travel,Eco,1091,3,3,3,4,1,3,3,2,4,3,4,3,4,3,29,24.0,neutral or dissatisfied
1607,Male,Loyal Customer,72,Business travel,Business,4179,4,3,1,3,4,4,3,4,4,3,3,4,3,3,10,0.0,neutral or dissatisfied
1608,Female,Loyal Customer,36,Business travel,Eco Plus,3637,5,4,5,1,3,5,4,3,4,3,3,1,4,3,8,10.0,satisfied
1609,Male,Loyal Customer,8,Personal Travel,Business,4449,4,4,4,2,3,3,2,2,3,4,3,4,4,4,0,0.0,neutral or dissatisfied
1610,Male,Loyal Customer,76,Business travel,Business,708,2,3,4,3,3,5,2,3,5,5,1,5,2,3,18,6.0,satisfied
1611,Female,Loyal Customer,28,Personal Travel,Eco,4479,3,4,5,1,2,2,3,3,4,4,4,5,3,4,18,20.0,satisfied
1612,Male,Loyal Customer,67,Personal Travel,Eco,4548,4,3,5,3,5,5,3,2,0,3,3,2,3,4,2,24.0,neutral or dissatisfied
1613,Female,Loyal Customer,66,Business travel,Eco,1514,5,4,2,5,3,4,1,5,3,2,5,3,3,4,28,36.0,neutral or dissatisfied
1614,Female,disloyal Customer,48,Business travel,Eco,3142,4,4,1,3,3,3,4,3,3,3,3,3,1,4,9,9.0,satisfied
1615,Male,Loyal Customer,13,Business travel,Eco,2953,0,5,4,3,2,5,3,5,3,5,3,1,2,4,20,44.0,neutral or dissatisfied
1616,Male,Loyal Customer,81,Business travel,Business,292,2,3,3,2,4,2,4,2,4,3,4,3,5,3,10,0.0,satisfied
1617,Female,Loyal Customer,60,Business travel,Business,2650,3,3,3,3,3,5,1,4,3,4,4,1,4,3,20,24.0,neutral or dissatisfied
1618,Female,Loyal Customer,40,Business travel,Eco Plus,3312,2,2,2,3,3,3,2,2,2,4,4,4,3,2,8,22.0,neutral or dissatisfied
1619,Male,Loyal Customer,73,Business travel,Business,1065,0,2,4,3,4,2,2,5,5,4,3,4,4,3,19,11.0,satisfied
1620,Female,disloyal Customer,68,Personal Travel,Eco,1839,2,2,3,4,3,2,3,1,2,4,2,4,2,2,8,10.0,neutral or dissatisfied
1621,Male,Loyal Customer,66,Business travel,Eco,2947,3,4,3,4,2,5,3,5,2,2,5,4,3,4,0,0.0,neutral or dissatisfied
1622,Male,Loyal Customer,20,Personal Travel,Eco,4652,2,4,1,3,0,4,4,3,2,2,4,3,3,5,29,27.0,neutral or dissatisfied
1623,Female,Loyal Customer,56,Personal Travel,Eco,349,2,3,4,4,3,3,3,3,4,3,3,3,2,3,1,4.0,neutral or dissatisfied
1624,Male,disloyal Customer,29,Personal Travel,Eco Plus,4683,3,3,3,2,2,4,2,4,4,4,4,3,2,3,0,0.0,satisfied
1625,Female,Loyal Customer,13,Personal Travel,Business,4090,3,2,4,4,2,3,5,2,2,4,2,5,5,4,3,0.0,satisfied
1626,Female,Loyal Customer,33,Personal Travel,Eco,4237,2,2,1,2,5,3,3,4,3,3,3,5,3,4,14,14.0,satisfied
1627,Female,disloyal Customer,15,Business travel,Eco,285,5,2,3,3,4,4,2,4,3,4,2,3,4,2,2,0.0,satisfied
1628,Female,Loyal Customer,15,Business travel,Business,2860,3,2,2,4,1,3,1,3,2,3,3,4,4,3,2,0.0,neutral or dissatisfied
1629,Male,Loyal Customer,63,Personal Travel,Eco,1874,2,4,3,2,3,1,3,3,4,2,2,2,4,4,12,0.0,neutral or dissatisfied
1630,Male,Loyal Customer,46,Business travel,Business,4599,2,5,4,2,2,3,4,5,5,2,4,3,4,3,18,7.0,neutral or dissatisfied
1631,Female,Loyal Customer,38,Personal Travel,Business,3717,3,1,3,3,3,3,2,4,3,3,5,3,3,4,27,34.0,satisfied
1632,Female,disloyal Customer,21,Personal Travel,Eco,3266,4,3,3,5,2,3,4,2,4,3,4,3,2,1,20,20.0,neutral or dissatisfied
1633,Male,Loyal Customer,67,Business travel,Eco Plus,187,2,3,3,1,2,2,3,4,3,4,4,2,4,4,2,1.0,neutral or dissatisfied
1634,Female,Loyal Customer,56,Business travel,Business,4381,4,3,1,3,4,1,1,3,5,4,3,1,5,5,2,0.0,satisfied
1635,Male,Loyal Customer,52,Business travel,Eco,2474,3,2,2,2,4,3,4,2,5,3,3,2,5,4,3,5.0,satisfied
1636,Female,Loyal Customer,21,Business travel,Business,842,5,4,4,3,5,2,3,4,3,3,4,4,4,3,1,0.0,satisfied
1637,Male,disloyal Customer,16,Business travel,Business,4376,3,3,2,3,3,4,2,2,3,3,3,2,2,2,2,0.0,neutral or dissatisfied
1638,Female,Loyal Customer,16,Personal Travel,Business,4525,2,4,4,4,1,4,4,3,4,1,1,3,3,3,9,17.0,satisfied
1639,Male,Loyal Customer,8,Business travel,Eco,2508,4,2,4,3,4,3,4,4,4,2,3,4,1,4,12,8.0,neutral or dissatisfied
1640,Male,Loyal Customer,82,Business travel,Business,3324,4,1,4,4,4,4,2,5,2,4,4,4,2,3,3,13.0,satisfied
1641,Female,Loyal Customer,35,Personal Travel,Business,3071,3,3,3,4,4,3,4,4,1,3,2,2,2,2,0,0.0,satisfied
1642,Male,Loyal Customer,58,Business travel,Eco,1551,2,2,3,3,2,3,3,2,2,2,2,0,4,3,16,22.0,satisfied
1643,Male,Loyal Customer,83,Personal Travel,Business,3754,4,4,3,3,2,3,3,2,4,5,3,2,4,2,5,7.0,neutral or dissatisfied
1644,Female,Loyal Customer,80,Business travel,Business,4989,3,1,4,3,4,5,3,5,3,5,1,3,5,3,3,7.0,satisfied
1645,Male,Loyal Customer,32,Personal Travel,Business,4674,1,2,1,4,2,4,3,3,2,4,4,4,5,4,31,,neutral or dissatisfied
1646,Male,Loyal Customer,45,Business travel,Eco,3450,3,2,4,2,3,3,4,2,3,3,4,2,3,3,8,13.0,satisfied
1647,Male,Loyal Customer,43,Business travel,Eco,1833,2,3,2,3,5,4,4,2,5,3,4,1,3,2,4,15.0,satisfied
1648,Female,Loyal Customer,9,Business travel,Eco,4546,1,3,3,3,5,4,1,4,2,3,3,2,3,2,18,11.0,satisfied
1649,Female,Loyal Customer,66,Business travel,Business,4640,3,3,3,3,4,3,1,3,3,3,2,2,2,2,11,22.0,satisfied
1650,Female,disloyal Customer,51,Business travel,Business,77,4,4,3,2,2,3,1,4,3,4,2,5,5,3,3,1.0,neutral or dissatisfied
1651,Male,Loyal Customer,35,Personal Travel,Eco,1725,4,4,2,2,2,3,2,3,5,4,4,3,0,4,54,40.0,neutral or dissatisfied
1652,Male,Loyal Customer,50,Personal Travel,Business,2784,4,3,3,4,4,2,2,2,2,3,4,4,5,3,15,20.0,neutral or dissatisfied
1653,Male,Loyal Customer,64,Business travel,Business,2910,3,5,4,3,5,3,3,1,2,0,2,4,2,5,0,6.0,satisfied
1654,Female,Loyal Customer,8,Business travel,Business,3577,4,5,1,4,2,3,3,2,3,4,2,3,3,2,12,16.0,satisfied
1655,Male,Loyal Customer,57,Personal Travel,Business,2592,3,3,2,3,2,3,3,3,3,3,3,3,0,5,3,1.0,neutral or dissatisfied
1656,Male,Loyal Customer,74,Personal Travel,Business,117,2,3,4,2,3,4,3,2,4,2,3,3,4,3,10,3.0,satisfied
1657,Female,Loyal Customer,63,Business travel,Eco Plus,870,2,3,4,3,1,5,4,4,4,3,4,4,4,3,23,19.0,neutral or dissatisfied
1658,Female,Loyal Customer,55,Business travel,Eco,3824,2,3,3,2,2,4,1,2,2,3,4,3,2,3,7,8.0,satisfied
1659,Female,disloyal Customer,14,Personal Travel,Eco,3482,5,2,2,4,2,3,4,1,4,1,3,4,4,5,13,11.0,neutral or dissatisfied
1660,Male,Loyal Customer,65,Business travel,Business,3274,4,2,4,3,4,3,4,3,3,2,4,4,4,3,2,0.0,satisfied
1661,Female,Loyal Customer,65,Business travel,Eco,2232,2,1,2,4,3,4,2,4,3,2,3,3,3,5,11,9.0,neutral or dissatisfied
1662,Female,disloyal Customer,45,Personal Travel,Eco,1410,3,3,3,5,4,4,4,5,4,2,3,4,1,4,5,0.0,neutral or dissatisfied
1663,Male,disloyal Customer,52,Business travel,Eco Plus,1574,3,4,2,1,1,3,4,1,3,4,4,3,3,2,24,19.0,neutral or dissatisfied
1664,Female,Loyal Customer,55,Personal Travel,Business,3460,3,3,3,2,1,3,3,5,5,2,4,5,4,2,9,14.0,satisfied
1665,Female,Loyal Customer,16,Business travel,Eco,2546,2,3,2,2,4,2,1,3,4,3,4,4,2,3,2,0.0,satisfied
1666,Male,Loyal Customer,27,Personal Travel,Business,697,5,3,4,5,2,4,4,3,4,4,3,3,4,3,15,17.0,satisfied
1667,Female,Loyal Customer,68,Personal Travel,Eco,2027,3,2,3,3,2,2,3,4,0,3,3,2,2,3,22,18.0,neutral or dissatisfied
1668,Female,Loyal Customer,82,Personal Travel,Eco,4128,3,3,2,2,4,4,4,5,3,4,2,2,3,3,4,6.0,neutral or dissatisfied
1669,Female,Loyal Customer,28,Personal Travel,Eco,3015,3,4,4,5,2,2,0,1,4,4,4,4,2,5,19,12.0,satisfied
1670,Female,Loyal Customer,38,Personal Travel,Eco,4337,2,3,2,2,3,4,3,3,4,4,3,1,3,3,21,20.0,satisfied
1671,Female,Loyal Customer,78,Business travel,Eco,2567,3,4,3,1,3,3,2,3,5,4,1,5,4,4,42,36.0,neutral or dissatisfied
1672,Female,Loyal Customer,19,Personal Travel,Eco,2453,4,4,2,2,3,2,5,4,4,4,3,1,5,3,7,9.0,satisfied
1673,Male,Loyal Customer,27,Personal Travel,Business,4749,5,4,4,3,4,3,2,5,2,3,2,2,3,3,1,0.0,neutral or dissatisfied
1674,Female,Loyal Customer,11,Business travel,Business,2561,2,2,4,3,2,5,5,3,4,4,0,4,1,5,15,15.0,satisfied
1675,Female,Loyal Customer,25,Business travel,Eco,719,1,3,4,2,3,1,4,3,4,2,3,3,4,4,13,3.0,satisfied
1676,Female,disloyal Customer,56,Business travel,Eco Plus,2040,3,5,3,2,4,3,3,4,2,3,4,3,3,5,4,0.0,satisfied
1677,Male,Loyal Customer,34,Business travel,Eco,3255,4,3,0,3,5,2,4,3,3,3,4,2,3,4,4,2.0,satisfied
1678,Male,Loyal Customer,83,Personal Travel,Business,1759,3,3,3,4,2,5,2,1,4,3,4,3,3,2,0,5.0,neutral or dissatisfied
1679,Female,Loyal Customer,76,Business travel,Eco,2080,4,2,5,3,3,4,2,4,3,5,5,4,4,5,12,0.0,neutral or dissatisfied
1680,Female,Loyal Customer,76,Business travel,Business,4370,2,3,3,2,3,3,4,4,4,3,3,2,3,3,4,0.0,satisfied
1681,Female,Loyal Customer,63,Business travel,Business,2203,2,4,1,3,3,4,2,4,3,1,2,3,4,5,5,13.0,satisfied
1682,Male,Loyal Customer,61,Business travel,Business,1559,1,3,3,4,2,3,2,2,1,3,4,3,4,2,1,0.0,neutral or dissatisfied
1683,Male,Loyal Customer,46,Personal Travel,Business,583,3,2,4,5,4,3,3,4,3,4,4,3,4,1,18,4.0,satisfied
1684,Female,Loyal Customer,84,Business travel,Eco,2044,1,3,2,2,4,3,2,5,3,2,2,4,4,3,42,39.0,neutral or dissatisfied
1685,Male,Loyal Customer,14,Business travel,Business,3844,4,4,3,4,5,3,5,5,4,3,3,4,1,5,1,0.0,satisfied
1686,Female,Loyal Customer,63,Business travel,Business,1534,5,4,2,3,2,3,4,4,4,3,4,3,3,3,7,3.0,neutral or dissatisfied
1687,Male,Loyal Customer,17,Personal Travel,Eco,2379,3,4,4,1,1,3,3,4,2,3,4,1,3,4,7,8.0,neutral or dissatisfied
1688,Male,disloyal Customer,33,Personal Travel,Business,3300,1,3,3,1,5,1,2,2,3,2,4,4,3,2,25,12.0,satisfied
1689,Female,Loyal Customer,26,Business travel,Business,4643,3,2,2,4,3,4,4,2,4,4,2,2,2,4,2,2.0,satisfied
1690,Male,Loyal Customer,53,Business travel,Business,4080,5,3,3,5,2,5,5,4,4,5,2,5,2,3,25,22.0,neutral or dissatisfied
1691,Female,Loyal Customer,68,Business travel,Business,1466,4,4,2,2,3,3,4,1,4,2,2,2,4,3,11,11.0,satisfied
1692,Female,Loyal Customer,13,Business travel,Eco,863,4,3,5,3,1,4,2,3,2,2,4,3,4,3,27,33.0,neutral or dissatisfied
1693,Female,Loyal Customer,53,Personal Travel,Business,3370,2,4,4,1,3,3,2,5,3,3,4,4,3,2,9,16.0,neutral or dissatisfied
1694,Male,Loyal Customer,24,Business travel,Business,1310,2,4,3,4,3,3,3,4,1,5,3,3,2,1,8,,satisfied
1695,Male,Loyal Customer,13,Business travel,Business,1992,3,4,3,3,4,3,4,4,4,3,5,3,4,2,17,2.0,satisfied
1696,Female,Loyal Customer,39,Business travel,Business,565,1,3,4,1,4,3,3,3,3,3,3,3,4,3,1,3.0,neutral or dissatisfied
1697,Male,Loyal Customer,52,Business travel,Business,3883,5,4,3,3,4,2,4,3,3,2,3,5,4,4,0,5.0,satisfied
1698,Male,Loyal Customer,22,Business travel,Business,842,3,1,4,1,3,4,4,5,3,5,2,3,2,5,6,2.0,satisfied
1699,Male,Loyal Customer,37,Business travel,Business,1934,4,3,5,4,5,3,3,5,4,3,3,3,5,3,41,41.0,satisfied
1700,Female,Loyal Customer,81,Business travel,Business,2064,2,4,2,2,4,2,4,4,4,3,4,3,3,2,0,10.0,neutral or dissatisfied
1701,Male,disloyal Customer,34,Business travel,Eco,260,1,3,5,3,2,3,2,3,3,2,5,4,2,2,14,13.0,satisfied
1702,Male,Loyal Customer,84,Business travel,Business,3890,5,4,4,2,2,2,3,3,4,2,4,3,5,4,10,20.0,neutral or dissatisfied
1703,Female,Loyal Customer,72,Personal Travel,Business,3111,2,3,3,0,2,3,2,4,4,3,4,3,4,4,6,6.0,satisfied
1704,Male,Loyal Customer,35,Business travel,Eco,2731,3,2,3,4,4,3,4,3,1,3,5,1,3,4,16,19.0,neutral or dissatisfied
1705,Female,Loyal Customer,51,Business travel,Business,930,3,1,3,4,2,2,2,3,2,4,2,4,4,4,14,21.0,neutral or dissatisfied
1706,Female,Loyal Customer,62,Business travel,Eco,313,3,3,3,2,3,5,3,4,4,1,5,3,5,3,6,0.0,neutral or dissatisfied
1707,Female,Loyal Customer,43,Personal Travel,Business,325,2,4,2,3,2,4,3,3,5,2,4,3,3,5,1,4.0,satisfied
1708,Female,Loyal Customer,38,Personal Travel,Business,3144,3,4,4,3,2,3,4,5,5,2,3,3,1,2,54,50.0,satisfied
1709,Male,Loyal Customer,32,Personal Travel,Eco Plus,3751,2,1,2,4,2,3,2,2,2,3,2,5,3,3,1,10.0,neutral or dissatisfied
1710,Male,Loyal Customer,17,Business travel,Business,3986,4,4,3,5,3,4,4,3,4,2,4,4,4,2,12,10.0,satisfied
1711,Male,disloyal Customer,8,Personal Travel,Business,4011,4,2,3,3,4,3,2,5,4,3,4,5,3,3,7,5.0,satisfied
1712,Male,Loyal Customer,33,Business travel,Eco,1997,3,3,1,3,2,5,2,4,4,2,1,4,2,2,2,0.0,neutral or dissatisfied
1713,Female,disloyal Customer,69,Personal Travel,Eco Plus,56,2,2,4,3,1,3,3,3,1,3,4,1,3,3,9,9.0,satisfied
1714,Female,Loyal Customer,25,Personal Travel,Business,1262,5,3,3,3,5,5,5,4,3,2,1,4,4,2,10,14.0,neutral or dissatisfied
1715,Female,disloyal Customer,21,Business travel,Eco,3945,2,3,4,2,4,2,2,3,3,2,2,1,5,2,11,11.0,neutral or dissatisfied
1716,Female,disloyal Customer,32,Business travel,Business,3831,1,4,3,4,4,2,1,5,3,3,3,4,2,1,1,18.0,neutral or dissatisfied
1717,Female,Loyal Customer,53,Business travel,Eco,2562,3,5,3,4,5,5,2,4,1,4,5,4,2,4,6,3.0,satisfied
1718,Male,Loyal Customer,23,Business travel,Business,168,3,3,2,1,3,3,3,2,3,4,3,5,3,2,2,,satisfied
1719,Male,disloyal Customer,24,Personal Travel,Eco,3894,4,2,3,2,3,2,5,3,2,4,4,3,2,5,0,0.0,neutral or dissatisfied
1720,Female,Loyal Customer,15,Business travel,Business,4087,4,4,3,4,4,3,4,4,4,4,2,3,3,4,3,5.0,satisfied
1721,Male,Loyal Customer,32,Personal Travel,Eco,1173,3,5,4,1,4,5,2,4,4,3,3,4,3,3,4,0.0,neutral or dissatisfied
1722,Female,Loyal Customer,23,Personal Travel,Business,4031,4,4,3,2,4,2,3,4,4,5,3,2,4,4,10,20.0,neutral or dissatisfied
1723,Female,disloyal Customer,71,Business travel,Eco,3216,4,4,5,5,4,3,5,4,3,4,5,3,2,4,5,3.0,satisfied
1724,Female,Loyal Customer,77,Business travel,Eco,4445,5,1,4,3,2,1,3,4,3,2,2,3,2,3,6,19.0,neutral or dissatisfied
1725,Female,Loyal Customer,35,Business travel,Eco,3151,3,3,2,4,3,3,3,2,3,2,2,3,2,3,2,12.0,neutral or dissatisfied
1726,Female,Loyal Customer,13,Personal Travel,Eco Plus,492,2,3,2,5,5,4,3,3,4,3,4,2,2,4,1,6.0,satisfied
1727,Female,disloyal Customer,13,Business travel,Business,3252,3,2,4,2,4,2,4,3,3,4,3,3,3,4,0,0.0,neutral or dissatisfied
1728,Female,Loyal Customer,32,Business travel,Eco,583,0,3,2,3,1,2,3,3,2,3,3,4,3,2,9,1.0,neutral or dissatisfied
1729,Male,Loyal Customer,43,Business travel,Business,1330,3,3,4,5,2,2,4,3,4,2,4,5,4,5,2,0.0,satisfied
1730,Male,Loyal Customer,48,Personal Travel,Eco,4370,4,2,4,4,5,3,4,4,4,4,2,3,2,2,45,37.0,satisfied
1731,Female,disloyal Customer,30,Business travel,Eco,4842,4,3,4,5,4,4,4,2,4,2,1,3,3,1,1,0.0,satisfied
1732,Female,disloyal Customer,34,Business travel,Business,2402,3,3,2,2,3,4,3,1,5,3,4,0,4,5,6,8.0,satisfied
1733,Female,Loyal Customer,29,Personal Travel,Business,1491,4,4,4,5,3,4,2,5,5,3,3,5,1,4,6,8.0,satisfied
1734,Female,Loyal Customer,47,Business travel,Eco,1992,4,3,3,3,3,3,3,2,5,2,2,2,3,3,0,0.0,satisfied
1735,Female,Loyal Customer,61,Business travel,Eco,1248,5,3,2,3,2,3,2,4,2,5,4,4,3,4,17,14.0,neutral or dissatisfied
1736,Female,disloyal Customer,10,Business travel,Eco,2887,3,4,3,4,2,2,2,4,4,3,5,3,3,2,11,5.0,neutral or dissatisfied
1737,Female,Loyal Customer,44,Business travel,Eco,2134,3,4,4,3,4,4,3,2,3,2,5,4,2,1,9,20.0,satisfied
1738,Male,Loyal Customer,57,Business travel,Business,339,0,3,2,3,3,5,4,3,3,3,5,2,3,3,3,0.0,satisfied
1739,Male,Loyal Customer,59,Business travel,Eco Plus,3069,4,1,3,4,4,2,3,3,2,1,2,4,1,2,4,19.0,neutral or dissatisfied
1740,Male,Loyal Customer,50,Business travel,Eco,3236,4,4,5,1,4,2,2,4,3,3,3,5,4,2,0,4.0,satisfied
1741,Male,Loyal Customer,47,Business travel,Eco,3351,3,2,4,2,5,2,2,2,4,4,4,3,4,3,14,0.0,satisfied
1742,Female,Loyal Customer,60,Business travel,Eco,4728,2,3,3,4,4,4,5,3,5,5,3,2,3,3,10,5.0,satisfied
1743,Male,disloyal Customer,36,Business travel,Eco,3535,4,3,3,4,4,3,4,3,4,3,3,1,5,3,8,11.0,neutral or dissatisfied
1744,Male,Loyal Customer,51,Business travel,Eco,3394,3,4,2,3,3,4,2,4,4,2,0,5,2,4,1,0.0,satisfied
1745,Male,Loyal Customer,31,Personal Travel,Eco,1097,3,5,2,3,2,3,5,3,3,3,5,3,2,4,16,14.0,satisfied
1746,Female,Loyal Customer,41,Personal Travel,Eco,2349,3,2,1,3,3,4,3,2,3,5,1,3,3,4,8,26.0,satisfied
1747,Female,Loyal Customer,16,Business travel,Eco,2200,3,2,3,4,4,3,5,3,2,4,4,5,5,0,12,9.0,neutral or dissatisfied
1748,Male,disloyal Customer,34,Personal Travel,Business,4806,2,3,4,1,4,2,3,4,4,4,3,4,3,2,4,0.0,satisfied
1749,Female,Loyal Customer,18,Personal Travel,Business,2398,4,3,3,2,5,4,4,1,4,4,3,4,5,2,0,7.0,satisfied
1750,Female,Loyal Customer,24,Business travel,Eco,3458,2,2,2,3,2,3,4,5,5,4,3,5,3,5,14,3.0,neutral or dissatisfied
1751,Female,Loyal Customer,39,Personal Travel,Eco,2726,2,3,3,3,3,3,5,3,3,1,3,1,2,2,17,22.0,satisfied
1752,Female,Loyal Customer,46,Personal Travel,Eco,331,4,4,4,1,3,4,3,4,5,1,4,5,5,1,7,11.0,neutral or dissatisfied
1753,Female,Loyal Customer,80,Business travel,Eco,4681,2,2,4,2,5,2,5,3,3,1,4,5,3,4,0,14.0,neutral or dissatisfied
1754,Male,Loyal Customer,9,Business travel,Business,3366,4,2,3,3,3,4,3,2,5,2,3,3,3,3,49,52.0,satisfied
1755,Female,Loyal Customer,77,Business travel,Business,1190,3,2,5,4,3,3,3,2,5,2,2,4,4,5,3,2.0,satisfied
1756,Male,Loyal Customer,32,Business travel,Eco,345,1,3,5,3,3,3,3,2,4,5,2,4,5,2,60,60.0,neutral or dissatisfied
1757,Male,Loyal Customer,63,Personal Travel,Eco Plus,4687,5,4,2,2,3,4,4,2,3,2,4,2,3,3,10,27.0,satisfied
1758,Female,Loyal Customer,59,Business travel,Business,1570,3,3,3,4,1,4,3,4,3,3,3,4,4,2,18,18.0,satisfied
1759,Female,disloyal Customer,82,Business travel,Business,134,3,3,4,3,2,3,5,3,3,3,2,2,3,2,4,3.0,neutral or dissatisfied
1760,Female,Loyal Customer,15,Business travel,Business,3097,4,5,2,4,3,3,5,2,2,3,2,5,2,2,7,7.0,neutral or dissatisfied
1761,Male,disloyal Customer,82,Personal Travel,Business,131,5,2,4,3,3,0,3,3,4,3,3,3,2,2,11,14.0,satisfied
1762,Male,Loyal Customer,11,Business travel,Eco,1117,3,2,3,2,3,2,2,4,3,2,2,4,2,3,0,0.0,satisfied
1763,Male,Loyal Customer,75,Personal Travel,Business,4472,4,4,3,5,4,3,4,5,4,4,3,1,3,3,19,11.0,satisfied
1764,Female,Loyal Customer,57,Business travel,Business,239,3,4,2,4,3,2,1,2,3,2,5,3,3,3,16,11.0,neutral or dissatisfied
1765,Female,Loyal Customer,44,Business travel,Eco,3773,3,3,2,2,3,2,4,5,2,2,3,4,4,5,0,0.0,neutral or dissatisfied
1766,Female,Loyal Customer,38,Business travel,Eco,3108,1,5,1,3,3,4,2,2,4,3,1,2,4,4,0,0.0,satisfied
1767,Female,Loyal Customer,14,Business travel,Eco,1564,3,3,5,3,3,5,5,1,3,4,4,2,3,4,5,1.0,satisfied
1768,Male,Loyal Customer,69,Business travel,Business,1464,5,1,4,4,3,2,2,5,4,2,4,2,3,3,6,5.0,neutral or dissatisfied
1769,Male,Loyal Customer,63,Personal Travel,Business,2400,4,3,4,2,4,4,2,2,2,3,4,2,2,4,26,25.0,neutral or dissatisfied
1770,Male,Loyal Customer,80,Business travel,Business,2688,2,2,3,4,3,4,4,5,2,3,3,2,3,4,0,2.0,satisfied
1771,Male,disloyal Customer,63,Business travel,Eco Plus,4457,4,5,0,4,3,2,4,2,3,3,5,4,3,2,1,0.0,neutral or dissatisfied
1772,Male,disloyal Customer,81,Personal Travel,Business,1342,3,4,2,2,2,2,3,3,3,3,4,2,3,2,3,16.0,satisfied
1773,Male,Loyal Customer,76,Personal Travel,Eco,2971,1,1,3,3,4,5,3,2,3,1,5,1,5,3,5,14.0,satisfied
1774,Male,Loyal Customer,40,Business travel,Eco,3447,4,4,2,4,5,2,4,5,5,3,5,2,5,3,8,12.0,satisfied
1775,Female,Loyal Customer,61,Personal Travel,Eco,112,2,4,1,2,2,3,4,4,4,2,5,3,3,2,6,11.0,neutral or dissatisfied
1776,Male,Loyal Customer,27,Business travel,Business,4483,5,3,2,2,3,5,3,2,2,1,3,4,4,4,22,13.0,satisfied
1777,Male,Loyal Customer,69,Business travel,Business,4960,4,3,3,4,3,3,3,3,5,2,2,2,4,5,12,8.0,satisfied
1778,Male,Loyal Customer,54,Business travel,Eco,478,3,5,3,3,3,5,2,4,3,2,3,2,3,5,4,1.0,neutral or dissatisfied
1779,Male,Loyal Customer,41,Personal Travel,Business,1346,4,1,4,1,3,2,3,3,5,5,3,4,5,2,1,0.0,satisfied
1780,Female,disloyal Customer,55,Personal Travel,Eco,3942,5,3,5,3,1,3,4,5,3,4,3,4,2,4,37,34.0,satisfied
1781,Male,Loyal Customer,28,Business travel,Business,4055,4,4,4,5,4,4,3,3,4,4,3,4,4,3,9,27.0,neutral or dissatisfied
1782,Male,disloyal Customer,55,Business travel,Eco Plus,822,3,3,3,5,4,3,2,3,4,3,3,4,3,3,22,22.0,satisfied
1783,Male,disloyal Customer,44,Business travel,Eco,4591,5,4,5,2,4,3,5,1,2,3,2,1,2,4,2,14.0,neutral or dissatisfied
1784,Female,Loyal Customer,32,Business travel,Business,1680,3,3,1,2,2,4,1,2,5,5,4,2,3,5,28,39.0,neutral or dissatisfied
1785,Female,Loyal Customer,83,Business travel,Eco,1503,4,2,1,2,3,2,4,4,2,2,2,4,5,3,6,0.0,neutral or dissatisfied
1786,Male,disloyal Customer,11,Business travel,Eco,1818,2,2,2,5,2,5,3,3,3,3,3,5,5,3,18,18.0,neutral or dissatisfied
1787,Male,disloyal Customer,66,Business travel,Eco,3374,1,4,4,4,1,4,4,4,3,5,2,3,2,5,0,0.0,neutral or dissatisfied
1788,Male,Loyal Customer,23,Business travel,Business,1071,3,2,3,5,2,3,2,3,3,2,3,3,3,3,34,41.0,satisfied
1789,Male,Loyal Customer,24,Business travel,Business,2737,3,1,2,4,2,3,3,1,3,3,3,2,3,0,26,29.0,neutral or dissatisfied
1790,Female,Loyal Customer,19,Personal Travel,Eco,422,3,3,2,2,3,5,4,3,2,3,2,5,3,4,6,19.0,neutral or dissatisfied
1791,Female,Loyal Customer,14,Business travel,Business,777,1,2,2,2,1,3,3,5,4,2,3,2,5,2,5,6.0,neutral or dissatisfied
1792,Female,Loyal Customer,16,Business travel,Eco,3854,4,2,2,2,2,3,1,2,3,4,3,5,3,3,3,9.0,neutral or dissatisfied
1793,Male,Loyal Customer,71,Business travel,Business,1949,2,3,5,2,2,4,5,3,3,2,3,3,2,4,8,3.0,satisfied
1794,Male,Loyal Customer,79,Business travel,Eco,3978,4,4,3,2,4,2,4,1,4,4,3,2,3,1,35,24.0,satisfied
1795,Male,Loyal Customer,52,Business travel,Business,3701,4,3,5,2,5,3,3,3,5,3,4,1,3,4,5,10.0,neutral or dissatisfied
1796,Male,Loyal Customer,8,Business travel,Eco,4984,3,2,2,4,3,3,3,3,1,4,3,3,4,2,1,2.0,satisfied
1797,Female,Loyal Customer,74,Business travel,Business,730,2,4,4,3,2,2,5,4,5,3,4,3,3,2,3,7.0,satisfied
1798,Male,Loyal Customer,53,Business travel,Business,4676,5,4,3,4,2,1,2,3,3,3,2,3,4,4,8,19.0,neutral or dissatisfied
1799,Male,Loyal Customer,47,Business travel,Business,4465,4,5,4,3,4,3,2,2,2,4,3,3,4,2,3,5.0,neutral or dissatisfied
1800,Female,Loyal Customer,80,Business travel,Eco,2201,3,5,3,2,2,4,4,2,4,1,3,5,3,2,13,19.0,neutral or dissatisfied
1801,Male,Loyal Customer,38,Business travel,Business,719,5,2,4,3,4,2,4,3,3,2,3,4,3,4,11,19.0,satisfied
1802,Male,Loyal Customer,35,Business travel,Eco,710,3,4,4,1,3,2,2,2,4,4,3,3,4,4,2,1.0,satisfied
1803,Male,Loyal Customer,67,Business travel,Business,2578,2,3,2,0,3,5,4,2,3,4,2,4,3,3,2,0.0,satisfied
1804,Male,Loyal Customer,48,Personal Travel,Eco,102,2,2,4,4,1,4,4,4,4,3,4,2,3,4,6,21.0,neutral or dissatisfied
1805,Male,Loyal Customer,62,Business travel,Eco,523,3,3,3,4,4,3,2,3,3,4,5,4,4,5,15,18.0,satisfied
1806,Male,Loyal Customer,61,Personal Travel,Business,2681,4,5,2,3,2,4,4,4,2,3,3,4,3,2,1,3.0,satisfied
1807,Male,Loyal Customer,72,Personal Travel,Business,2837,5,4,4,3,3,3,4,3,4,4,2,5,5,1,8,1.0,satisfied
1808,Male,Loyal Customer,31,Business travel,Business,4309,3,2,4,2,3,5,3,2,3,3,3,1,2,4,6,7.0,neutral or dissatisfied
1809,Male,disloyal Customer,12,Business travel,Eco,4873,4,3,2,4,1,4,4,3,4,2,3,2,4,2,42,44.0,neutral or dissatisfied
1810,Female,Loyal Customer,44,Personal Travel,Eco Plus,1376,3,4,3,4,3,2,4,4,5,5,2,2,4,4,29,22.0,neutral or dissatisfied
1811,Male,Loyal Customer,57,Business travel,Business,1684,2,1,1,3,2,2,4,5,3,4,4,4,4,4,7,12.0,satisfied
1812,Female,Loyal Customer,70,Business travel,Eco,1034,2,1,1,3,2,3,3,2,4,3,1,3,3,3,5,,neutral or dissatisfied
1813,Female,Loyal Customer,27,Business travel,Eco,1161,2,3,3,2,3,4,3,3,3,3,3,4,2,4,15,0.0,satisfied
1814,Male,Loyal Customer,65,Business travel,Eco,2222,2,3,4,2,4,3,3,4,3,4,5,1,4,5,5,1.0,neutral or dissatisfied
1815,Female,Loyal Customer,71,Personal Travel,Eco,4965,5,1,2,3,3,2,5,5,1,2,5,5,2,3,3,10.0,neutral or dissatisfied
1816,Male,Loyal Customer,70,Business travel,Eco Plus,4472,3,3,5,2,2,4,4,2,3,3,4,3,2,5,8,1.0,satisfied
1817,Male,Loyal Customer,70,Business travel,Eco,4569,3,4,3,3,2,4,3,3,3,3,2,4,4,2,5,24.0,neutral or dissatisfied
1818,Male,Loyal Customer,84,Business travel,Eco,2285,5,3,3,5,2,3,3,4,2,3,5,3,3,4,20,23.0,neutral or dissatisfied
1819,Male,Loyal Customer,58,Business travel,Business,3303,2,3,3,3,1,3,5,4,1,1,4,2,3,4,11,28.0,satisfied
1820,Male,disloyal Customer,35,Personal Travel,Eco,3627,3,4,4,0,3,2,4,4,1,2,5,4,2,3,1,0.0,satisfied
1821,Male,Loyal Customer,41,Personal Travel,Eco Plus,1253,5,3,2,2,1,3,3,4,5,3,4,3,4,4,5,0.0,neutral or dissatisfied
1822,Female,Loyal Customer,65,Personal Travel,Eco,2339,3,1,3,2,3,3,4,4,3,4,4,3,4,3,22,21.0,neutral or dissatisfied
1823,Male,Loyal Customer,25,Business travel,Business,2773,5,2,2,3,1,4,3,3,2,3,3,4,1,4,14,4.0,neutral or dissatisfied
1824,Female,Loyal Customer,54,Business travel,Eco,1896,4,3,2,1,2,3,4,2,3,4,5,3,3,2,8,5.0,satisfied
1825,Female,Loyal Customer,51,Business travel,Business,2391,4,2,3,3,4,3,5,3,3,1,1,2,4,2,13,25.0,satisfied
1826,Female,Loyal Customer,58,Business travel,Eco,2232,4,5,3,3,3,3,4,3,4,3,3,3,2,2,10,8.0,neutral or dissatisfied
1827,Male,Loyal Customer,39,Personal Travel,Business,352,3,4,4,2,1,1,5,5,3,3,2,5,3,3,36,24.0,neutral or dissatisfied
1828,Female,Loyal Customer,64,Business travel,Eco,3853,2,2,3,3,2,5,3,3,5,3,3,2,3,2,36,38.0,neutral or dissatisfied
1829,Female,disloyal Customer,12,Business travel,Business,4506,3,3,4,3,3,1,3,3,5,4,4,3,4,5,13,23.0,neutral or dissatisfied
1830,Female,Loyal Customer,65,Business travel,Business,3784,2,4,3,3,2,4,4,2,4,3,2,4,3,3,5,0.0,satisfied
1831,Male,Loyal Customer,70,Personal Travel,Business,4671,3,2,5,3,3,3,1,5,3,3,3,5,2,3,0,0.0,satisfied
1832,Female,Loyal Customer,76,Business travel,Business,2187,3,4,3,3,3,3,3,2,4,4,2,3,3,2,0,0.0,neutral or dissatisfied
1833,Female,Loyal Customer,78,Personal Travel,Business,326,5,5,3,3,3,3,4,3,2,2,4,2,3,5,22,13.0,satisfied
1834,Male,Loyal Customer,34,Personal Travel,Eco,1374,4,4,4,3,2,2,4,5,4,2,3,4,3,3,14,13.0,neutral or dissatisfied
1835,Male,Loyal Customer,10,Personal Travel,Eco,4277,5,3,3,4,3,4,1,4,3,4,4,2,5,3,5,16.0,neutral or dissatisfied
1836,Male,Loyal Customer,57,Business travel,Eco,738,1,4,4,2,3,2,2,2,2,2,3,3,2,3,8,5.0,neutral or dissatisfied
1837,Female,Loyal Customer,14,Business travel,Eco,2758,2,2,5,3,5,4,3,2,3,5,3,4,4,3,16,19.0,satisfied
1838,Male,Loyal Customer,28,Business travel,Business,56,3,5,2,5,3,2,4,3,4,1,4,2,5,3,9,13.0,satisfied
1839,Male,Loyal Customer,61,Personal Travel,Eco,1652,5,3,5,3,3,3,4,3,1,3,4,3,5,2,4,0.0,neutral or dissatisfied
1840,Female,Loyal Customer,53,Personal Travel,Eco,610,3,4,2,3,3,3,3,2,2,5,3,4,5,4,11,3.0,neutral or dissatisfied
1841,Male,Loyal Customer,54,Business travel,Business,611,1,3,4,2,3,3,4,2,3,5,3,4,3,2,4,11.0,neutral or dissatisfied
1842,Male,Loyal Customer,65,Business travel,Eco,865,3,4,4,2,2,4,4,0,4,3,4,3,3,4,7,7.0,satisfied
1843,Female,Loyal Customer,19,Business travel,Eco,2714,2,4,4,3,4,3,3,4,5,4,3,3,1,2,2,3.0,satisfied
1844,Female,Loyal Customer,68,Business travel,Eco,3465,1,2,3,4,4,4,4,4,4,4,3,2,3,3,4,4.0,neutral or dissatisfied
1845,Female,disloyal Customer,52,Business travel,Eco,1476,5,2,3,4,5,4,2,5,0,2,4,3,4,2,3,2.0,satisfied
1846,Female,Loyal Customer,39,Business travel,Business,4098,3,3,2,3,4,4,4,4,2,4,5,3,2,2,11,12.0,satisfied
1847,Male,Loyal Customer,43,Personal Travel,Eco,1990,3,4,3,4,4,4,2,3,5,2,3,3,2,4,11,3.0,neutral or dissatisfied
1848,Female,Loyal Customer,46,Business travel,Business,3697,3,1,3,2,4,5,4,4,3,1,2,5,3,4,26,29.0,satisfied
1849,Female,Loyal Customer,49,Business travel,Eco,2672,3,3,3,4,2,2,4,2,0,4,4,2,1,5,23,15.0,satisfied
1850,Male,Loyal Customer,33,Business travel,Business,3630,2,4,1,3,2,4,3,2,5,4,5,4,5,4,12,30.0,neutral or dissatisfied
1851,Male,Loyal Customer,24,Business travel,Eco,4894,3,2,3,3,2,5,4,3,2,2,4,3,4,3,38,1135.0,satisfied
1852,Male,Loyal Customer,20,Personal Travel,Eco,4971,3,4,4,3,4,4,5,4,4,3,3,3,4,2,1,,neutral or dissatisfied
1853,Male,Loyal Customer,33,Business travel,Business,2956,5,2,4,2,5,5,2,2,2,2,5,2,4,1,14,6.0,neutral or dissatisfied
1854,Male,Loyal Customer,27,Business travel,Business,4814,4,2,3,2,4,5,4,2,5,2,1,3,3,4,29,37.0,satisfied
1855,Male,Loyal Customer,47,Business travel,Business,3521,2,3,5,3,3,3,4,3,2,3,4,5,4,3,7,,satisfied
1856,Female,Loyal Customer,78,Business travel,Eco,1380,4,5,2,4,5,3,3,4,3,4,3,0,2,3,21,25.0,neutral or dissatisfied
1857,Male,Loyal Customer,15,Business travel,Eco,4679,4,2,3,3,3,4,4,3,4,2,4,1,1,3,4,0.0,satisfied
1858,Female,Loyal Customer,31,Business travel,Business,768,2,1,1,3,2,3,3,5,3,2,4,3,3,2,7,0.0,neutral or dissatisfied
1859,Female,Loyal Customer,10,Business travel,Eco,2367,3,1,3,2,3,5,5,3,4,5,3,3,5,4,11,23.0,neutral or dissatisfied
1860,Female,Loyal Customer,83,Business travel,Eco,808,4,4,5,4,4,4,0,4,4,4,3,4,5,5,32,,satisfied
1861,Female,Loyal Customer,61,Business travel,Business,3932,3,2,3,3,2,3,5,2,3,4,3,3,3,2,31,28.0,neutral or dissatisfied
1862,Male,Loyal Customer,25,Business travel,Eco,4483,4,4,1,3,1,2,2,4,2,4,5,1,3,1,20,35.0,neutral or dissatisfied
1863,Female,Loyal Customer,39,Business travel,Business,4102,2,3,4,4,3,3,3,3,2,4,4,4,1,3,1,1.0,satisfied
1864,Male,Loyal Customer,63,Personal Travel,Business,556,5,3,3,4,4,2,2,3,3,3,3,3,4,2,21,30.0,neutral or dissatisfied
1865,Female,disloyal Customer,81,Business travel,Business,1390,1,3,4,1,0,4,5,5,4,4,5,4,4,5,46,33.0,satisfied
1866,Male,Loyal Customer,51,Business travel,Business,1733,4,2,3,3,4,0,3,3,4,3,3,2,3,4,8,6.0,neutral or dissatisfied
1867,Male,Loyal Customer,28,Business travel,Eco,622,3,3,2,2,1,5,3,2,3,3,3,1,1,5,10,8.0,satisfied
1868,Female,Loyal Customer,61,Personal Travel,Eco,2675,4,2,3,3,4,3,4,2,4,4,4,3,1,4,8,1.0,neutral or dissatisfied
1869,Male,Loyal Customer,60,Business travel,Business,218,2,4,4,0,1,1,4,3,1,3,5,4,3,3,9,2.0,neutral or dissatisfied
1870,Female,Loyal Customer,57,Personal Travel,Eco,3086,4,2,3,3,1,3,3,3,4,3,3,3,2,3,4,5.0,satisfied
1871,Male,Loyal Customer,10,Business travel,Business,2894,3,3,3,4,4,3,2,3,3,3,4,3,4,4,43,42.0,satisfied
1872,Male,Loyal Customer,62,Personal Travel,Business,2998,2,2,2,3,4,3,2,2,4,3,1,2,4,2,2,1.0,satisfied
1873,Female,Loyal Customer,8,Business travel,Eco,4568,2,2,3,2,3,5,5,5,4,2,5,3,2,4,9,5.0,satisfied
1874,Female,Loyal Customer,77,Business travel,Eco,3942,3,3,3,5,5,4,4,5,2,3,2,5,3,5,11,19.0,neutral or dissatisfied
1875,Male,disloyal Customer,75,Business travel,Eco,1335,1,5,2,4,2,4,3,3,3,2,3,5,2,3,7,0.0,satisfied
1876,Male,Loyal Customer,50,Business travel,Business,2879,5,3,3,2,2,3,4,2,5,3,3,3,4,3,2,2.0,neutral or dissatisfied
1877,Male,Loyal Customer,57,Personal Travel,Business,4022,4,2,3,3,3,4,1,5,4,4,2,4,5,4,17,14.0,satisfied
1878,Female,disloyal Customer,12,Personal Travel,Business,4262,5,3,4,1,3,2,3,4,3,5,1,2,3,5,22,18.0,neutral or dissatisfied
1879,Female,Loyal Customer,75,Business travel,Eco,3233,5,1,4,4,3,3,3,3,2,4,2,4,5,2,2,0.0,satisfied
1880,Male,Loyal Customer,28,Business travel,Business,468,3,3,4,1,2,2,4,5,4,4,3,3,4,3,22,22.0,neutral or dissatisfied
1881,Male,Loyal Customer,27,Business travel,Eco,2201,2,5,1,4,4,5,2,3,2,2,5,2,3,3,8,4.0,satisfied
1882,Male,disloyal Customer,62,Business travel,Business,4301,0,3,2,4,4,3,4,2,3,4,5,4,4,3,2,4.0,satisfied
1883,Male,Loyal Customer,80,Business travel,Business,415,3,4,2,3,5,4,5,3,3,2,4,3,2,1,9,33.0,satisfied
1884,Female,Loyal Customer,45,Business travel,Business,2970,5,2,2,2,2,3,1,1,4,4,3,5,3,2,6,7.0,satisfied
1885,Female,disloyal Customer,46,Business travel,Eco,2726,2,3,2,4,3,5,3,2,3,2,4,4,3,2,2,5.0,neutral or dissatisfied
1886,Male,Loyal Customer,49,Personal Travel,Eco,1153,3,3,4,3,4,1,4,4,3,2,5,2,5,3,2,0.0,neutral or dissatisfied
1887,Female,disloyal Customer,29,Personal Travel,Eco Plus,1753,2,2,4,3,3,3,4,3,2,4,3,3,3,3,16,17.0,neutral or dissatisfied
1888,Male,disloyal Customer,53,Personal Travel,Eco,4889,3,3,3,2,3,2,1,2,3,5,3,2,2,2,20,20.0,neutral or dissatisfied
1889,Male,disloyal Customer,81,Business travel,Eco,2998,4,4,4,3,1,1,4,3,3,4,3,4,2,3,12,6.0,neutral or dissatisfied
1890,Male,Loyal Customer,36,Personal Travel,Business,4701,1,4,3,3,3,2,3,2,3,3,4,3,4,5,9,2.0,satisfied
1891,Male,Loyal Customer,67,Business travel,Eco,2383,2,3,3,2,4,4,3,3,3,2,2,2,3,2,36,39.0,satisfied
1892,Male,Loyal Customer,67,Business travel,Eco,4236,5,4,4,4,3,3,5,3,3,3,3,1,1,3,1,0.0,neutral or dissatisfied
1893,Female,Loyal Customer,73,Business travel,Eco,3118,4,3,2,5,2,3,3,4,4,3,4,4,4,3,0,0.0,satisfied
1894,Female,Loyal Customer,63,Personal Travel,Business,4562,3,3,3,4,1,4,4,3,4,3,1,3,2,2,15,25.0,neutral or dissatisfied
1895,Male,disloyal Customer,78,Business travel,Business,1667,5,5,2,4,3,3,3,3,2,2,4,3,3,1,0,12.0,satisfied
1896,Female,Loyal Customer,62,Personal Travel,Eco,1941,1,2,2,5,3,4,3,3,4,4,4,4,3,5,6,0.0,satisfied
1897,Female,Loyal Customer,83,Business travel,Business,250,4,1,2,2,5,4,4,1,5,4,1,2,2,1,1,9.0,satisfied
1898,Female,Loyal Customer,62,Personal Travel,Business,1177,3,2,2,2,1,4,4,3,4,5,3,1,1,1,9,0.0,neutral or dissatisfied
1899,Female,Loyal Customer,72,Personal Travel,Business,735,4,3,3,3,2,3,2,4,1,1,3,3,4,4,1,0.0,satisfied
1900,Male,Loyal Customer,76,Personal Travel,Eco,955,0,4,3,3,2,4,3,3,3,2,2,2,4,1,4,0.0,satisfied
1901,Female,Loyal Customer,83,Business travel,Business,1576,3,2,3,3,4,2,3,4,5,3,2,3,3,4,21,17.0,neutral or dissatisfied
1902,Female,Loyal Customer,53,Business travel,Eco,4375,4,5,3,2,4,3,1,4,3,3,3,2,4,4,0,0.0,neutral or dissatisfied
1903,Female,Loyal Customer,62,Personal Travel,Eco,1923,3,3,5,3,5,4,2,5,5,3,4,2,1,2,2,0.0,neutral or dissatisfied
1904,Male,Loyal Customer,82,Business travel,Eco,4141,4,3,2,3,4,3,4,2,1,2,5,1,4,3,10,7.0,neutral or dissatisfied
1905,Male,Loyal Customer,36,Business travel,Business,4082,4,2,2,4,4,3,3,3,3,2,4,3,4,3,20,13.0,satisfied
1906,Male,Loyal Customer,16,Personal Travel,Eco Plus,4905,2,5,2,3,3,5,5,4,4,5,2,4,4,2,13,14.0,neutral or dissatisfied
1907,Male,Loyal Customer,75,Business travel,Business,2567,4,3,3,1,4,5,4,3,3,1,4,4,4,3,17,17.0,satisfied
1908,Male,disloyal Customer,56,Personal Travel,Business,4248,2,2,4,3,3,3,4,3,3,1,4,3,4,3,27,38.0,neutral or dissatisfied
1909,Male,Loyal Customer,40,Business travel,Business,2126,3,5,4,5,4,2,5,4,2,2,0,5,3,3,4,0.0,neutral or dissatisfied
1910,Female,Loyal Customer,62,Personal Travel,Business,3180,4,3,4,3,5,1,4,4,3,3,5,2,3,4,1,10.0,satisfied
1911,Male,Loyal Customer,9,Business travel,Eco,4064,2,4,3,4,3,4,3,2,4,3,3,4,2,3,8,17.0,satisfied
1912,Female,Loyal Customer,44,Business travel,Business,754,4,5,3,2,3,5,2,1,1,3,3,2,4,4,6,2.0,neutral or dissatisfied
1913,Male,disloyal Customer,27,Personal Travel,Eco,334,2,4,5,4,3,4,4,3,4,2,1,2,2,3,10,8.0,satisfied
1914,Female,Loyal Customer,29,Business travel,Business,865,2,4,0,2,3,1,5,2,3,3,5,4,3,4,4,6.0,satisfied
1915,Male,Loyal Customer,82,Business travel,Eco Plus,3619,4,3,3,3,3,3,3,4,4,3,4,3,3,4,7,15.0,satisfied
1916,Female,Loyal Customer,49,Business travel,Eco,2394,2,4,3,3,3,3,1,2,4,5,4,4,2,1,1,0.0,satisfied
1917,Male,Loyal Customer,17,Business travel,Business,1436,2,3,5,4,4,3,2,3,5,5,2,1,3,4,54,51.0,neutral or dissatisfied
1918,Male,Loyal Customer,35,Business travel,Eco,3850,4,3,1,2,4,5,5,1,5,3,4,4,4,2,11,14.0,satisfied
1919,Male,Loyal Customer,25,Business travel,Business,124,3,3,3,1,5,4,3,1,2,4,4,4,2,3,13,13.0,satisfied
1920,Female,Loyal Customer,77,Personal Travel,Eco Plus,907,1,3,2,4,3,4,5,2,5,3,3,3,3,4,73,73.0,satisfied
1921,Male,Loyal Customer,29,Business travel,Eco,2375,4,4,1,3,3,3,3,3,0,4,2,4,4,3,5,0.0,satisfied
1922,Female,disloyal Customer,34,Business travel,Eco,4581,3,4,3,3,3,4,3,2,3,3,3,4,0,3,20,16.0,neutral or dissatisfied
1923,Female,Loyal Customer,33,Business travel,Business,3757,1,4,4,4,3,2,5,3,3,4,2,2,5,4,6,3.0,satisfied
1924,Male,disloyal Customer,20,Business travel,Eco Plus,3434,0,4,4,3,4,4,3,1,3,4,2,2,3,3,26,19.0,neutral or dissatisfied
1925,Male,Loyal Customer,67,Business travel,Eco,3568,4,5,2,3,1,3,3,3,4,3,4,3,2,2,0,8.0,neutral or dissatisfied
1926,Male,Loyal Customer,51,Personal Travel,Eco,1595,2,4,4,3,4,2,4,3,3,3,3,1,3,4,4,1.0,satisfied
1927,Male,Loyal Customer,41,Business travel,Business,2266,2,3,3,3,5,4,3,2,5,4,3,3,2,4,3,0.0,satisfied
1928,Male,disloyal Customer,37,Business travel,Business,4434,4,3,4,3,4,1,4,3,3,3,2,4,3,3,2,17.0,satisfied
1929,Male,Loyal Customer,59,Personal Travel,Eco,3661,4,5,4,5,4,3,4,1,3,2,3,4,2,3,5,8.0,satisfied
1930,Female,disloyal Customer,14,Business travel,Eco,3013,2,2,3,4,4,4,4,2,5,1,3,4,4,2,8,9.0,satisfied
1931,Male,Loyal Customer,79,Business travel,Eco,460,4,5,4,4,2,5,3,4,4,3,2,4,5,5,2,1.0,satisfied
1932,Male,Loyal Customer,51,Business travel,Eco,3679,5,2,2,4,2,4,1,1,3,4,4,3,4,3,22,17.0,neutral or dissatisfied
1933,Female,Loyal Customer,24,Business travel,Eco,1860,4,4,4,0,2,2,2,4,4,1,4,1,3,3,8,2.0,neutral or dissatisfied
1934,Female,Loyal Customer,48,Business travel,Business,1957,4,3,4,3,2,3,2,2,5,2,2,3,3,4,8,0.0,satisfied
1935,Male,Loyal Customer,73,Personal Travel,Eco,3385,3,3,4,4,4,4,4,3,2,4,4,4,4,0,2,0.0,neutral or dissatisfied
1936,Male,Loyal Customer,20,Business travel,Business,1998,3,2,2,3,5,5,2,5,2,3,1,3,2,2,14,2.0,satisfied
1937,Male,Loyal Customer,47,Business travel,Eco,2885,3,4,3,3,3,4,2,3,3,3,4,3,4,5,1,8.0,neutral or dissatisfied
1938,Female,Loyal Customer,53,Business travel,Business,112,3,2,3,2,4,4,2,5,3,4,4,4,3,0,19,14.0,satisfied
1939,Female,Loyal Customer,70,Personal Travel,Eco,965,2,1,3,3,3,3,4,3,4,3,2,3,2,2,8,14.0,neutral or dissatisfied
1940,Male,Loyal Customer,51,Personal Travel,Eco,2712,2,4,3,2,4,2,4,3,2,3,3,3,3,3,1,0.0,neutral or dissatisfied
1941,Male,Loyal Customer,64,Personal Travel,Eco,4790,1,5,5,4,1,2,3,4,2,2,3,3,2,2,2,5.0,neutral or dissatisfied
1942,Male,Loyal Customer,67,Business travel,Business,3815,3,2,2,5,3,3,3,4,2,3,5,3,5,2,7,0.0,neutral or dissatisfied
1943,Female,Loyal Customer,76,Personal Travel,Eco,2116,3,4,3,5,3,4,4,3,2,2,5,4,2,2,5,0.0,neutral or dissatisfied
1944,Male,Loyal Customer,35,Business travel,Business,4845,2,4,1,2,3,3,3,3,2,2,4,2,3,3,11,7.0,satisfied
1945,Male,Loyal Customer,61,Business travel,Business,1413,4,3,4,2,3,4,5,1,1,2,2,3,2,4,4,,neutral or dissatisfied
1946,Male,disloyal Customer,26,Business travel,Eco,4466,2,4,4,2,2,2,3,2,3,4,3,4,2,4,18,8.0,satisfied
1947,Male,Loyal Customer,72,Personal Travel,Eco,2046,2,3,5,2,2,2,2,5,2,3,4,3,4,2,12,23.0,neutral or dissatisfied
1948,Female,Loyal Customer,81,Business travel,Business,480,4,4,4,2,2,5,4,5,3,2,1,3,3,4,8,8.0,satisfied
1949,Male,disloyal Customer,29,Business travel,Eco Plus,62,4,2,3,2,1,4,3,3,5,4,1,3,5,3,19,19.0,neutral or dissatisfied
1950,Male,Loyal Customer,50,Business travel,Business,4903,2,2,3,4,2,3,2,1,1,3,2,4,4,4,2,0.0,neutral or dissatisfied
1951,Female,Loyal Customer,71,Business travel,Eco,3228,3,4,3,2,2,2,4,2,4,4,4,3,3,4,9,11.0,satisfied
1952,Female,disloyal Customer,9,Personal Travel,Eco,789,2,4,3,4,1,4,5,2,5,2,4,3,4,3,18,26.0,neutral or dissatisfied
1953,Male,disloyal Customer,61,Personal Travel,Eco,4960,3,3,3,5,4,4,3,3,4,5,4,2,3,3,6,0.0,satisfied
1954,Male,Loyal Customer,71,Business travel,Eco,253,3,5,1,3,2,4,2,2,4,5,4,3,2,4,3,0.0,neutral or dissatisfied
1955,Female,Loyal Customer,74,Business travel,Eco Plus,1706,4,5,3,4,1,3,5,4,5,4,3,1,2,5,4,2.0,satisfied
1956,Male,Loyal Customer,22,Business travel,Eco,3757,3,3,3,2,3,2,4,3,4,4,3,3,2,3,8,6.0,satisfied
1957,Female,disloyal Customer,66,Personal Travel,Business,313,3,1,5,2,2,3,3,5,4,4,4,4,5,3,9,2.0,satisfied
1958,Female,disloyal Customer,68,Business travel,Business,4534,2,3,3,3,5,5,3,3,3,3,5,3,3,4,4,7.0,satisfied
1959,Female,Loyal Customer,7,Business travel,Eco,3406,3,2,2,3,3,2,4,3,2,1,4,4,4,1,22,31.0,satisfied
1960,Male,Loyal Customer,62,Business travel,Business,4751,4,3,3,5,1,3,2,4,4,2,3,4,4,2,2,2.0,satisfied
1961,Female,Loyal Customer,55,Business travel,Eco,4194,4,2,3,2,4,5,2,4,5,3,4,3,3,3,1,0.0,satisfied
1962,Female,Loyal Customer,82,Business travel,Business,4133,2,2,3,2,3,3,5,2,3,2,5,2,3,2,19,11.0,satisfied
1963,Male,Loyal Customer,10,Business travel,Eco,1176,4,1,2,3,3,3,2,4,3,5,3,4,5,3,8,27.0,satisfied
1964,Female,Loyal Customer,82,Personal Travel,Eco,1064,2,3,3,2,5,2,4,3,3,4,3,4,4,3,14,11.0,neutral or dissatisfied
1965,Female,Loyal Customer,51,Business travel,Eco,1248,3,0,2,2,2,4,5,4,2,5,3,3,1,5,13,17.0,satisfied
1966,Female,Loyal Customer,28,Business travel,Eco Plus,812,3,3,3,2,4,2,3,3,2,4,4,2,1,3,0,0.0,satisfied
1967,Male,Loyal Customer,37,Business travel,Business,3338,2,4,4,3,3,1,2,5,4,1,2,3,4,1,4,0.0,neutral or dissatisfied
1968,Male,Loyal Customer,66,Business travel,Eco,341,3,2,2,5,3,2,4,2,3,4,4,3,2,3,5,13.0,satisfied
1969,Female,Loyal Customer,84,Business travel,Business,2170,3,2,3,2,2,3,5,2,3,3,2,2,3,4,11,,satisfied
1970,Male,Loyal Customer,31,Business travel,Eco,2930,1,3,4,4,2,1,4,2,3,5,3,3,1,4,17,11.0,neutral or dissatisfied
1971,Female,disloyal Customer,83,Personal Travel,Eco,2717,3,2,3,4,3,2,2,3,3,5,3,2,3,4,1,3.0,neutral or dissatisfied
1972,Female,Loyal Customer,56,Business travel,Business,2461,1,3,5,2,1,4,4,4,2,4,5,4,4,2,21,16.0,neutral or dissatisfied
1973,Female,Loyal Customer,21,Personal Travel,Business,1154,5,2,3,3,3,3,2,3,4,4,4,3,3,3,14,18.0,neutral or dissatisfied
1974,Male,Loyal Customer,53,Business travel,Business,590,3,3,2,4,3,2,2,4,4,3,3,3,2,2,2,0.0,neutral or dissatisfied
1975,Female,Loyal Customer,69,Business travel,Business,4941,3,3,2,3,1,3,3,3,2,3,3,3,3,2,10,10.0,neutral or dissatisfied
1976,Male,Loyal Customer,11,Business travel,Eco,2350,3,3,2,3,4,5,3,3,4,5,2,2,3,3,2,7.0,satisfied
1977,Female,Loyal Customer,13,Personal Travel,Business,2994,4,5,2,2,5,5,2,2,3,3,2,2,3,4,21,18.0,satisfied
1978,Male,Loyal Customer,7,Personal Travel,Eco Plus,2858,4,3,4,4,2,3,3,5,4,3,5,5,1,5,13,3.0,neutral or dissatisfied
1979,Male,Loyal Customer,51,Business travel,Eco Plus,1876,1,4,2,3,2,4,4,3,3,3,2,3,4,3,4,1.0,neutral or dissatisfied
1980,Female,Loyal Customer,11,Business travel,Eco,3628,4,2,3,3,4,3,3,5,4,4,5,1,3,4,0,0.0,neutral or dissatisfied
1981,Female,Loyal Customer,79,Business travel,Eco,1912,4,3,4,3,3,1,1,3,3,4,3,4,3,1,55,52.0,satisfied
1982,Female,Loyal Customer,16,Business travel,Business,2100,3,3,2,4,3,1,3,4,3,2,3,2,2,3,3,3.0,satisfied
1983,Male,Loyal Customer,12,Personal Travel,Eco,4027,3,3,4,5,4,2,5,3,4,4,3,4,5,5,17,17.0,neutral or dissatisfied
1984,Female,Loyal Customer,27,Business travel,Eco,1625,0,4,1,2,3,1,4,5,4,4,5,5,4,3,0,7.0,neutral or dissatisfied
1985,Female,Loyal Customer,66,Business travel,Eco Plus,3512,2,2,3,3,5,3,3,4,3,3,2,3,3,3,10,4.0,satisfied
1986,Female,Loyal Customer,77,Personal Travel,Business,3345,4,3,2,1,3,3,3,4,3,2,4,4,4,5,11,11.0,satisfied
1987,Female,Loyal Customer,26,Personal Travel,Business,201,4,2,3,5,3,4,4,2,3,5,3,4,5,5,9,19.0,satisfied
1988,Male,Loyal Customer,47,Personal Travel,Eco Plus,3436,4,2,2,3,4,4,3,5,1,5,4,5,4,4,0,2.0,neutral or dissatisfied
1989,Male,disloyal Customer,67,Business travel,Eco,4016,3,3,5,3,0,4,4,5,3,5,3,4,5,3,29,36.0,satisfied
1990,Female,disloyal Customer,69,Business travel,Business,1388,5,3,1,3,4,2,2,3,2,2,3,2,4,3,0,0.0,satisfied
1991,Female,disloyal Customer,18,Business travel,Eco,4576,4,5,4,3,2,4,3,3,3,3,4,1,3,5,6,12.0,satisfied
1992,Male,Loyal Customer,72,Business travel,Business,148,3,5,4,2,4,2,3,4,2,3,2,2,4,5,4,,satisfied
1993,Male,Loyal Customer,74,Business travel,Eco,939,5,2,3,4,5,4,4,1,2,5,5,2,5,3,13,2.0,neutral or dissatisfied
1994,Female,Loyal Customer,64,Business travel,Business,4731,2,3,3,4,3,5,1,4,2,4,3,4,4,1,0,5.0,neutral or dissatisfied
1995,Female,Loyal Customer,48,Business travel,Business,4284,1,4,5,4,2,4,3,4,4,3,3,4,2,3,9,11.0,neutral or dissatisfied
1996,Male,Loyal Customer,37,Business travel,Business,3788,3,3,5,2,3,3,4,3,4,3,4,2,3,4,5,5.0,satisfied
1997,Female,Loyal Customer,76,Business travel,Business,3039,2,2,3,2,1,4,4,1,3,4,2,4,4,5,30,23.0,satisfied
1998,Female,Loyal Customer,74,Business travel,Business,1045,3,5,3,3,5,2,3,4,5,4,3,2,3,3,2,14.0,neutral or dissatisfied
1999,Male,Loyal Customer,47,Business travel,Business,2471,4,4,2,4,3,1,1,2,5,5,3,2,4,3,24,30.0,satisfied
2000,Male,Loyal Customer,64,Business travel,Business,2850,3,3,2,4,5,4,4,1,4,5,5,1,3,4,10,5.0,neutral or dissatisfied
2001,Female,Loyal Customer,38,Personal Travel,Eco,493,3,5,4,2,3,5,5,4,4,4,4,3,3,2,7,18.0,neutral or dissatisfied
2002,Male,Loyal Customer,64,Personal Travel,Eco,2994,3,4,3,4,3,2,2,5,4,2,2,2,4,3,4,14.0,neutral or dissatisfied
2003,Male,disloyal Customer,13,Business travel,Eco,491,0,3,1,2,4,3,3,3,4,2,4,4,4,3,1,0.0,neutral or dissatisfied
2004,Male,Loyal Customer,77,Business travel,Business,673,1,2,4,2,2,4,4,5,1,2,4,2,3,3,19,13.0,satisfied
2005,Female,Loyal Customer,47,Business travel,Business,891,3,2,3,3,3,3,4,4,0,3,1,4,1,5,11,14.0,satisfied
2006,Male,Loyal Customer,53,Business travel,Eco,998,2,4,2,2,4,3,4,2,1,2,2,2,0,4,13,12.0,neutral or dissatisfied
2007,Male,Loyal Customer,21,Business travel,Eco,456,3,4,2,2,3,4,4,3,3,4,5,4,3,3,4,25.0,neutral or dissatisfied
2008,Male,Loyal Customer,48,Personal Travel,Eco Plus,4785,5,3,3,5,2,3,2,4,5,4,3,3,3,3,2,0.0,neutral or dissatisfied
2009,Female,Loyal Customer,7,Business travel,Eco Plus,4022,3,5,5,5,4,3,3,3,3,3,3,3,3,5,6,18.0,neutral or dissatisfied
2010,Female,Loyal Customer,76,Business travel,Eco,2564,2,3,3,5,5,2,4,4,3,4,3,3,3,2,3,0.0,satisfied
2011,Male,Loyal Customer,65,Personal Travel,Eco,1874,2,4,4,3,5,3,3,3,4,2,2,3,5,1,13,12.0,neutral or dissatisfied
2012,Male,Loyal Customer,42,Business travel,Business,997,5,3,2,4,2,3,4,4,4,1,1,4,3,2,33,27.0,neutral or dissatisfied
2013,Male,disloyal Customer,72,Business travel,Eco,4747,5,5,3,3,2,3,3,4,2,2,2,5,4,4,10,10.0,satisfied
2014,Female,Loyal Customer,70,Business travel,Eco Plus,3997,4,4,4,3,2,3,3,3,4,4,2,2,5,4,16,10.0,neutral or dissatisfied
2015,Female,Loyal Customer,16,Personal Travel,Eco,3772,1,3,2,4,4,3,3,4,4,5,3,3,2,3,0,0.0,satisfied
2016,Male,Loyal Customer,11,Business travel,Business,2379,3,3,3,4,2,2,2,1,5,5,2,2,5,3,88,78.0,neutral or dissatisfied
2017,Male,Loyal Customer,26,Business travel,Business,185,3,3,4,4,2,3,2,2,3,3,2,1,4,2,12,0.0,neutral or dissatisfied
2018,Female,Loyal Customer,7,Personal Travel,Business,3210,3,2,3,2,2,3,3,3,5,4,3,1,3,1,7,6.0,satisfied
2019,Female,Loyal Customer,51,Business travel,Business,2463,2,1,3,3,2,2,3,4,3,2,4,2,0,5,8,18.0,satisfied
2020,Male,Loyal Customer,48,Personal Travel,Eco,1522,3,3,3,2,4,1,4,2,5,5,2,3,5,3,31,32.0,neutral or dissatisfied
2021,Male,Loyal Customer,48,Business travel,Eco,1609,2,2,2,3,4,4,3,3,3,4,3,5,5,3,0,0.0,satisfied
2022,Female,Loyal Customer,12,Business travel,Business,336,2,2,2,5,2,4,5,4,4,4,5,4,2,4,1,21.0,satisfied
2023,Female,Loyal Customer,78,Business travel,Eco,4364,5,3,3,2,3,2,5,3,4,1,2,2,5,5,26,8.0,neutral or dissatisfied
2024,Female,disloyal Customer,83,Personal Travel,Business,866,4,3,4,5,0,4,3,3,5,4,5,4,1,3,13,15.0,neutral or dissatisfied
2025,Male,Loyal Customer,53,Business travel,Eco,4074,3,3,4,4,2,2,3,3,5,5,4,2,4,2,10,3.0,neutral or dissatisfied
2026,Male,disloyal Customer,7,Business travel,Business,4866,3,5,3,2,4,3,5,3,2,3,3,3,3,3,3,3.0,satisfied
2027,Female,Loyal Customer,37,Personal Travel,Eco,277,3,4,3,3,2,3,2,4,3,3,3,3,2,3,1,0.0,neutral or dissatisfied
2028,Female,Loyal Customer,63,Business travel,Eco,3136,5,5,3,2,2,3,2,2,5,3,5,5,3,3,6,1.0,neutral or dissatisfied
2029,Female,Loyal Customer,65,Personal Travel,Eco,380,4,3,3,2,5,4,5,1,3,2,2,3,3,2,2,4.0,neutral or dissatisfied
2030,Male,disloyal Customer,25,Business travel,Eco,4163,4,4,3,3,2,3,4,4,4,3,3,1,2,4,20,19.0,neutral or dissatisfied
2031,Female,Loyal Customer,71,Business travel,Business,2560,3,3,4,3,5,3,4,5,2,2,5,4,4,5,1,0.0,satisfied
2032,Male,Loyal Customer,82,Personal Travel,Eco,156,3,2,5,2,5,4,4,2,3,4,3,4,2,5,25,15.0,satisfied
2033,Male,Loyal Customer,46,Personal Travel,Business,3873,5,5,2,3,3,3,3,5,2,4,3,4,3,2,11,17.0,satisfied
2034,Female,Loyal Customer,36,Business travel,Business,3839,4,2,4,2,4,3,2,4,4,3,2,2,5,5,26,25.0,neutral or dissatisfied
2035,Female,Loyal Customer,48,Personal Travel,Eco,4628,2,1,4,2,1,3,3,2,4,3,1,3,2,2,6,0.0,neutral or dissatisfied
2036,Female,Loyal Customer,9,Personal Travel,Eco,2450,3,2,3,2,1,4,5,2,5,3,4,3,1,3,11,0.0,satisfied
2037,Female,Loyal Customer,47,Personal Travel,Eco,4668,4,1,2,5,2,4,5,2,2,3,3,5,3,4,21,23.0,satisfied
2038,Male,disloyal Customer,9,Business travel,Business,3343,1,2,3,3,4,2,4,3,4,4,4,4,3,4,27,25.0,satisfied
2039,Female,Loyal Customer,9,Business travel,Eco,2653,2,2,5,4,3,2,4,3,3,4,3,5,3,5,25,26.0,satisfied
2040,Male,disloyal Customer,50,Business travel,Business,1823,3,3,3,3,3,4,5,4,1,4,3,2,4,2,3,23.0,satisfied
2041,Male,Loyal Customer,46,Business travel,Eco,1500,1,1,2,4,2,3,1,4,4,4,2,3,4,3,60,66.0,satisfied
2042,Female,Loyal Customer,83,Business travel,Eco,3123,1,4,3,4,3,1,3,2,5,4,4,2,3,3,3,3.0,neutral or dissatisfied
2043,Female,Loyal Customer,46,Business travel,Eco,3710,3,1,2,3,2,2,2,2,5,3,2,4,4,4,0,0.0,neutral or dissatisfied
2044,Female,disloyal Customer,83,Business travel,Eco,226,4,3,3,5,2,3,5,4,3,3,4,4,4,3,4,16.0,neutral or dissatisfied
2045,Male,Loyal Customer,69,Business travel,Eco,2088,4,3,4,3,2,3,3,3,4,4,3,3,4,3,10,10.0,neutral or dissatisfied
2046,Female,Loyal Customer,33,Business travel,Business,275,5,4,2,4,3,4,4,3,4,3,2,3,3,3,18,37.0,satisfied
2047,Male,Loyal Customer,79,Business travel,Eco Plus,2013,3,3,0,4,2,2,3,4,2,4,3,3,4,4,24,18.0,satisfied
2048,Female,Loyal Customer,44,Business travel,Eco Plus,4004,3,4,3,2,3,4,4,4,2,2,3,1,3,2,19,9.0,satisfied
2049,Female,Loyal Customer,53,Personal Travel,Business,3469,2,3,2,3,1,4,3,2,3,1,3,3,3,2,23,34.0,neutral or dissatisfied
2050,Female,Loyal Customer,14,Personal Travel,Business,666,3,2,2,1,4,2,3,1,3,3,5,3,4,3,1,2.0,neutral or dissatisfied
2051,Male,disloyal Customer,23,Business travel,Business,3598,4,3,2,3,3,3,4,3,3,2,3,3,4,2,16,25.0,neutral or dissatisfied
2052,Male,Loyal Customer,47,Business travel,Eco,119,4,4,3,3,3,4,4,2,3,5,3,2,4,3,2,0.0,neutral or dissatisfied
2053,Male,Loyal Customer,28,Personal Travel,Eco Plus,111,3,4,3,3,3,3,3,3,3,2,3,2,4,4,2,0.0,satisfied
2054,Female,Loyal Customer,53,Business travel,Eco,4566,4,3,4,3,4,4,4,3,2,4,3,1,1,2,6,0.0,neutral or dissatisfied
2055,Female,disloyal Customer,13,Personal Travel,Business,211,4,3,4,4,1,3,4,2,5,2,3,3,4,3,7,0.0,neutral or dissatisfied
2056,Male,disloyal Customer,26,Business travel,Business,1364,3,3,3,2,3,4,3,5,1,3,2,1,2,5,0,0.0,neutral or dissatisfied
2057,Female,Loyal Customer,58,Business travel,Eco,703,5,3,2,5,2,3,5,3,3,2,4,4,4,1,23,9.0,neutral or dissatisfied
2058,Female,disloyal Customer,54,Business travel,Business,2932,2,5,3,4,3,5,4,3,3,2,5,3,2,2,9,9.0,neutral or dissatisfied
2059,Male,Loyal Customer,83,Personal Travel,Business,2635,3,3,3,2,3,2,3,3,3,3,3,4,5,4,0,0.0,neutral or dissatisfied
2060,Male,Loyal Customer,77,Personal Travel,Business,4202,2,3,1,4,3,5,4,4,2,3,4,2,1,1,14,7.0,satisfied
2061,Female,disloyal Customer,70,Personal Travel,Business,4936,4,3,5,4,4,2,4,3,2,4,2,5,4,3,10,14.0,neutral or dissatisfied
2062,Female,Loyal Customer,7,Business travel,Business,3742,2,3,4,3,4,5,4,5,3,4,3,5,3,5,5,6.0,satisfied
2063,Male,Loyal Customer,53,Personal Travel,Eco,2360,3,1,2,2,4,4,3,2,3,1,2,3,4,3,9,19.0,neutral or dissatisfied
2064,Female,Loyal Customer,24,Business travel,Business,280,1,3,1,5,3,2,0,2,4,4,2,3,5,2,2,16.0,neutral or dissatisfied
2065,Female,Loyal Customer,27,Business travel,Business,4615,4,4,3,4,4,4,2,1,1,2,2,3,3,1,8,9.0,neutral or dissatisfied
2066,Female,Loyal Customer,23,Personal Travel,Eco,2826,4,2,2,2,4,3,4,3,5,3,3,4,4,2,12,15.0,satisfied
2067,Female,Loyal Customer,42,Business travel,Eco Plus,1126,4,3,3,3,3,4,2,4,3,1,2,4,5,3,15,19.0,neutral or dissatisfied
2068,Female,Loyal Customer,16,Personal Travel,Eco,2731,4,5,1,3,3,3,4,3,0,1,1,1,3,5,8,23.0,neutral or dissatisfied
2069,Male,disloyal Customer,48,Business travel,Eco,1989,4,3,2,3,3,3,4,4,3,1,2,2,4,3,10,0.0,satisfied
2070,Male,Loyal Customer,19,Business travel,Eco,1782,4,1,3,2,5,3,3,4,3,3,3,3,5,3,7,3.0,satisfied
2071,Male,Loyal Customer,46,Business travel,Eco,2293,4,1,3,3,4,4,1,3,2,3,2,4,4,3,6,0.0,satisfied
2072,Female,Loyal Customer,55,Personal Travel,Eco,3780,4,3,3,2,3,2,2,4,5,3,3,3,3,2,5,0.0,neutral or dissatisfied
2073,Male,Loyal Customer,21,Business travel,Eco,860,2,2,3,3,3,2,4,3,4,1,3,1,4,1,12,9.0,satisfied
2074,Male,Loyal Customer,15,Personal Travel,Eco,4821,3,3,5,3,4,4,5,3,4,1,2,4,3,5,5,0.0,neutral or dissatisfied
2075,Female,Loyal Customer,69,Business travel,Business,358,3,3,2,2,4,4,1,3,3,3,3,5,4,4,3,6.0,satisfied
2076,Male,Loyal Customer,64,Personal Travel,Business,778,3,4,2,3,3,2,3,3,4,4,5,0,3,4,16,20.0,satisfied
2077,Male,Loyal Customer,27,Business travel,Business,3397,1,2,1,4,4,2,2,5,1,3,3,4,3,3,0,0.0,neutral or dissatisfied
2078,Male,Loyal Customer,76,Business travel,Business,768,2,3,2,2,4,1,3,2,3,5,3,5,3,4,11,13.0,neutral or dissatisfied
2079,Male,Loyal Customer,24,Personal Travel,Business,3899,3,3,1,2,3,4,3,3,5,3,4,4,3,2,1,15.0,neutral or dissatisfied
2080,Male,Loyal Customer,79,Personal Travel,Eco,3686,4,3,4,2,3,4,5,3,4,3,2,3,5,3,9,11.0,satisfied
2081,Female,Loyal Customer,15,Business travel,Eco,2177,3,3,3,2,4,2,3,5,2,3,3,4,3,4,18,8.0,satisfied
2082,Male,Loyal Customer,58,Business travel,Business,2299,5,0,4,3,3,4,4,4,3,2,3,3,2,5,18,12.0,neutral or dissatisfied
2083,Male,Loyal Customer,8,Business travel,Business,4999,2,3,5,4,5,5,4,2,2,3,3,4,2,4,8,2.0,satisfied
2084,Female,Loyal Customer,22,Personal Travel,Business,3986,3,3,2,2,3,2,3,2,3,4,2,3,3,4,2,13.0,satisfied
2085,Male,Loyal Customer,38,Business travel,Eco,3178,4,4,3,4,3,3,3,4,2,4,4,3,3,3,1,0.0,neutral or dissatisfied
2086,Female,disloyal Customer,13,Personal Travel,Business,748,4,4,4,3,5,1,3,3,2,3,5,2,4,2,10,2.0,satisfied
2087,Female,Loyal Customer,42,Personal Travel,Business,2968,4,3,3,1,1,4,2,2,4,5,1,2,2,3,25,16.0,neutral or dissatisfied
2088,Female,Loyal Customer,25,Personal Travel,Business,247,4,3,4,3,3,3,2,4,2,4,4,5,1,3,7,3.0,neutral or dissatisfied
2089,Male,Loyal Customer,14,Business travel,Eco,1296,3,4,4,4,2,3,3,4,2,3,3,2,1,4,1,0.0,neutral or dissatisfied
2090,Male,Loyal Customer,82,Business travel,Business,3504,5,4,4,1,3,3,2,2,4,5,3,1,4,4,15,9.0,neutral or dissatisfied
2091,Female,Loyal Customer,83,Business travel,Eco,2067,4,3,3,5,2,3,3,2,2,2,4,5,4,5,13,19.0,neutral or dissatisfied
2092,Male,Loyal Customer,82,Business travel,Eco,4973,2,5,5,2,3,3,3,1,3,5,5,3,4,4,35,33.0,neutral or dissatisfied
2093,Female,disloyal Customer,19,Business travel,Eco Plus,4699,3,2,3,1,3,4,3,3,2,2,3,3,3,3,51,51.0,neutral or dissatisfied
2094,Male,Loyal Customer,36,Business travel,Eco,519,1,2,4,3,3,3,4,4,2,3,4,3,3,5,1,6.0,satisfied
2095,Male,Loyal Customer,32,Personal Travel,Business,4422,5,3,3,4,4,3,3,4,4,1,3,3,1,2,6,12.0,neutral or dissatisfied
2096,Female,Loyal Customer,32,Business travel,Business,4328,3,3,4,3,0,3,2,4,3,3,4,2,5,3,17,13.0,neutral or dissatisfied
2097,Female,Loyal Customer,39,Business travel,Eco,575,4,0,2,3,3,3,4,2,2,4,3,5,4,2,11,20.0,neutral or dissatisfied
2098,Female,Loyal Customer,46,Personal Travel,Business,1957,3,2,1,5,3,4,4,3,4,2,3,3,4,2,10,10.0,satisfied
2099,Female,Loyal Customer,44,Business travel,Eco,4745,1,3,4,3,3,4,3,5,5,3,3,2,2,2,1,0.0,neutral or dissatisfied
2100,Male,disloyal Customer,29,Business travel,Eco,133,5,3,2,5,3,2,2,3,3,3,3,0,3,2,3,10.0,satisfied
2101,Female,Loyal Customer,83,Personal Travel,Business,340,3,2,2,4,2,5,3,4,4,3,1,4,3,3,4,7.0,satisfied
2102,Female,Loyal Customer,83,Personal Travel,Business,2574,2,3,4,3,1,3,3,4,3,2,2,3,5,3,5,7.0,satisfied
2103,Male,Loyal Customer,32,Personal Travel,Eco,4767,4,3,4,3,3,3,4,4,3,3,5,3,4,3,20,18.0,neutral or dissatisfied
2104,Male,Loyal Customer,24,Personal Travel,Eco Plus,1430,5,4,3,3,2,2,4,4,3,5,5,2,3,3,6,6.0,neutral or dissatisfied
2105,Female,disloyal Customer,48,Business travel,Eco,3875,3,2,0,3,3,5,3,4,4,2,1,3,4,1,8,3.0,neutral or dissatisfied
2106,Male,Loyal Customer,35,Business travel,Business,3482,3,4,4,4,2,5,5,2,4,3,3,3,2,3,20,19.0,satisfied
2107,Female,Loyal Customer,83,Business travel,Eco,772,3,2,4,3,4,5,3,5,2,3,2,4,2,2,5,2.0,neutral or dissatisfied
2108,Male,Loyal Customer,40,Personal Travel,Business,1474,2,2,4,1,3,3,5,1,2,3,3,3,3,1,5,6.0,satisfied
2109,Male,disloyal Customer,10,Personal Travel,Business,3139,2,5,4,4,3,4,5,4,3,3,3,2,2,3,3,15.0,satisfied
2110,Male,Loyal Customer,16,Business travel,Eco,2434,5,2,3,4,3,5,4,3,2,3,4,5,1,3,0,0.0,satisfied
2111,Male,Loyal Customer,12,Business travel,Eco Plus,1224,3,2,3,1,3,3,4,3,3,3,2,3,3,3,12,18.0,satisfied
2112,Female,disloyal Customer,36,Business travel,Business,1042,2,2,2,3,3,4,3,2,3,3,4,2,3,4,20,21.0,neutral or dissatisfied
2113,Female,Loyal Customer,31,Business travel,Eco,2808,3,2,2,4,4,3,3,4,3,1,3,3,2,2,1,10.0,neutral or dissatisfied
2114,Female,Loyal Customer,73,Personal Travel,Business,4149,4,3,3,4,1,5,4,4,3,1,2,3,3,2,8,21.0,satisfied
2115,Female,Loyal Customer,76,Business travel,Business,2094,1,4,3,2,2,5,2,3,5,1,4,4,4,3,10,6.0,satisfied
2116,Male,Loyal Customer,17,Business travel,Business,4630,3,3,4,4,4,3,3,3,3,3,3,3,3,3,5,0.0,satisfied
2117,Female,Loyal Customer,80,Personal Travel,Eco,3352,5,3,1,3,4,5,5,5,3,4,3,3,3,5,1,0.0,satisfied
2118,Female,disloyal Customer,52,Business travel,Business,2046,5,2,1,3,4,3,4,3,3,2,5,4,3,3,13,20.0,neutral or dissatisfied
2119,Female,Loyal Customer,30,Business travel,Eco,3549,4,2,3,2,3,3,4,3,4,3,3,4,5,3,0,2.0,neutral or dissatisfied
2120,Female,Loyal Customer,38,Business travel,Business,2271,4,1,2,0,2,3,2,3,3,2,5,4,5,2,1,0.0,satisfied
2121,Female,disloyal Customer,41,Business travel,Business,3795,4,4,3,2,2,3,3,5,2,2,1,1,3,2,2,14.0,neutral or dissatisfied
2122,Female,Loyal Customer,20,Business travel,Business,4914,3,4,2,4,3,2,4,2,5,5,3,1,2,1,12,10.0,satisfied
2123,Female,disloyal Customer,74,Business travel,Business,3950,4,3,4,3,4,3,3,4,4,2,2,2,3,3,21,19.0,neutral or dissatisfied
2124,Female,Loyal Customer,7,Business travel,Eco,753,5,3,2,4,3,2,2,1,2,2,2,3,2,3,10,8.0,neutral or dissatisfied
2125,Female,disloyal Customer,12,Business travel,Eco,404,2,4,5,4,3,2,4,2,1,2,2,2,2,4,27,37.0,satisfied
2126,Male,Loyal Customer,28,Business travel,Eco Plus,4052,4,3,4,3,3,3,4,3,4,3,4,2,4,3,71,65.0,neutral or dissatisfied
2127,Male,Loyal Customer,18,Business travel,Business,4243,3,5,2,3,3,4,3,3,5,2,3,3,3,3,1,11.0,neutral or dissatisfied
2128,Female,Loyal Customer,11,Personal Travel,Eco,2858,3,2,5,1,3,4,4,3,4,3,2,2,3,3,1,5.0,satisfied
2129,Male,Loyal Customer,36,Business travel,Eco,1262,3,3,3,1,2,4,5,3,4,2,4,0,4,3,5,15.0,satisfied
2130,Male,disloyal Customer,36,Business travel,Business,4409,3,2,3,2,4,2,5,2,4,2,2,2,4,4,21,27.0,neutral or dissatisfied
2131,Female,Loyal Customer,16,Personal Travel,Eco,2269,3,4,3,4,4,2,3,5,3,2,5,2,3,5,22,24.0,neutral or dissatisfied
2132,Female,Loyal Customer,70,Business travel,Eco Plus,1497,4,1,4,3,2,3,2,2,1,3,2,3,3,3,0,5.0,neutral or dissatisfied
2133,Female,Loyal Customer,75,Business travel,Eco,1862,4,5,4,2,3,4,3,4,2,4,3,4,3,2,4,4.0,neutral or dissatisfied
2134,Male,Loyal Customer,63,Personal Travel,Eco,1515,3,4,2,2,4,3,5,4,4,4,5,3,4,3,3,0.0,satisfied
2135,Male,Loyal Customer,47,Business travel,Eco,1447,2,5,3,2,2,2,5,2,4,5,3,1,4,3,2,7.0,neutral or dissatisfied
2136,Female,Loyal Customer,80,Business travel,Eco,1662,2,3,3,4,3,5,3,3,3,2,4,5,3,2,8,8.0,neutral or dissatisfied
2137,Female,Loyal Customer,34,Personal Travel,Eco,3387,3,2,4,3,3,2,5,3,3,2,3,3,2,3,42,52.0,satisfied
2138,Male,disloyal Customer,40,Business travel,Eco Plus,132,2,4,4,4,2,2,4,5,3,2,3,3,4,1,0,9.0,neutral or dissatisfied
2139,Female,Loyal Customer,8,Business travel,Business,1846,4,4,3,1,5,3,1,3,3,3,2,3,4,4,7,11.0,neutral or dissatisfied
2140,Male,Loyal Customer,62,Business travel,Eco,890,3,2,2,4,3,3,4,5,3,2,4,2,1,2,1,8.0,satisfied
2141,Female,Loyal Customer,14,Business travel,Eco,3258,4,1,2,2,4,3,3,4,3,2,5,4,3,3,10,13.0,neutral or dissatisfied
2142,Female,Loyal Customer,58,Personal Travel,Business,4973,2,1,2,3,2,3,2,4,2,4,1,1,4,3,6,10.0,satisfied
2143,Female,Loyal Customer,68,Business travel,Eco,3949,2,3,4,4,5,2,3,4,4,4,2,4,3,2,5,0.0,satisfied
2144,Female,Loyal Customer,23,Business travel,Eco,1282,4,5,2,3,5,3,4,1,3,4,3,3,5,3,2,4.0,neutral or dissatisfied
2145,Male,Loyal Customer,54,Business travel,Eco,2590,3,2,3,4,1,3,2,4,4,3,2,3,5,2,13,16.0,neutral or dissatisfied
2146,Male,Loyal Customer,30,Personal Travel,Eco,148,3,3,3,2,3,1,3,2,3,2,4,4,2,5,2,4.0,neutral or dissatisfied
2147,Male,Loyal Customer,38,Business travel,Business,2093,4,3,3,3,4,4,3,4,5,3,3,3,3,5,14,16.0,satisfied
2148,Female,Loyal Customer,48,Business travel,Eco,1428,4,5,3,1,2,2,4,3,4,4,3,4,4,4,3,4.0,neutral or dissatisfied
2149,Female,Loyal Customer,26,Business travel,Eco,2533,2,5,2,3,3,2,3,2,4,4,5,2,3,3,14,30.0,satisfied
2150,Female,Loyal Customer,69,Business travel,Eco,2071,5,3,3,3,1,4,1,5,4,4,1,2,4,3,1,2.0,neutral or dissatisfied
2151,Male,Loyal Customer,37,Business travel,Business,3429,3,4,3,4,2,4,3,3,5,4,4,3,2,3,6,11.0,satisfied
2152,Male,Loyal Customer,43,Personal Travel,Business,2761,5,4,3,2,3,3,2,2,3,3,3,1,1,4,10,10.0,satisfied
2153,Female,Loyal Customer,70,Business travel,Eco,4697,2,2,4,2,2,1,2,4,3,4,3,2,4,5,0,2.0,neutral or dissatisfied
2154,Female,Loyal Customer,24,Business travel,Business,389,3,4,4,2,3,3,4,2,3,3,2,3,3,2,1,0.0,satisfied
2155,Female,Loyal Customer,42,Business travel,Business,4725,3,2,2,3,1,3,4,5,1,4,3,4,5,4,19,15.0,satisfied
2156,Male,Loyal Customer,84,Business travel,Eco,3962,1,3,3,2,4,3,2,3,3,4,3,3,4,1,2,0.0,satisfied
2157,Male,disloyal Customer,38,Business travel,Eco,3578,4,4,5,1,2,4,2,2,4,5,3,2,2,3,2,0.0,satisfied
2158,Female,Loyal Customer,16,Personal Travel,Eco,4136,1,3,3,2,5,5,3,4,4,4,4,3,4,3,0,1.0,neutral or dissatisfied
2159,Female,Loyal Customer,29,Business travel,Eco,299,3,4,3,3,2,4,2,4,5,3,2,2,3,3,7,1.0,satisfied
2160,Male,Loyal Customer,81,Personal Travel,Eco Plus,1105,4,4,4,3,4,3,3,1,4,5,2,3,4,4,2,0.0,satisfied
2161,Female,Loyal Customer,66,Business travel,Eco,53,2,1,3,4,4,5,3,3,4,2,1,2,2,5,30,47.0,satisfied
2162,Male,Loyal Customer,70,Business travel,Eco,4002,2,1,3,4,2,3,4,4,4,5,3,2,4,2,0,,satisfied
2163,Male,disloyal Customer,26,Business travel,Eco,1805,4,4,2,3,2,0,4,3,4,3,4,2,4,4,47,63.0,neutral or dissatisfied
2164,Female,Loyal Customer,72,Business travel,Eco,1839,3,4,3,1,2,2,2,3,3,3,2,1,4,5,3,3.0,neutral or dissatisfied
2165,Female,Loyal Customer,37,Business travel,Business,3072,3,3,4,3,3,1,3,4,3,3,2,4,4,3,5,3.0,neutral or dissatisfied
2166,Female,Loyal Customer,69,Personal Travel,Business,2144,4,3,4,3,2,3,5,4,1,2,5,4,5,3,47,50.0,neutral or dissatisfied
2167,Male,Loyal Customer,75,Personal Travel,Eco,3204,2,4,1,3,4,3,1,3,5,5,5,2,3,3,2,5.0,neutral or dissatisfied
2168,Female,Loyal Customer,23,Personal Travel,Eco,4685,2,4,5,4,2,1,4,3,3,3,5,4,5,3,0,0.0,neutral or dissatisfied
2169,Female,Loyal Customer,80,Personal Travel,Eco,1693,4,3,3,3,3,2,2,3,2,3,4,3,4,3,25,20.0,neutral or dissatisfied
2170,Female,Loyal Customer,56,Business travel,Eco,4464,2,4,4,3,4,2,5,3,3,3,4,2,3,5,5,10.0,satisfied
2171,Male,disloyal Customer,64,Business travel,Eco,2685,5,3,2,3,4,3,4,2,5,3,3,2,3,5,11,0.0,satisfied
2172,Female,Loyal Customer,66,Business travel,Business,1906,3,3,1,4,2,2,4,2,3,1,2,3,4,3,19,24.0,satisfied
2173,Female,disloyal Customer,20,Personal Travel,Eco,4599,4,3,2,2,4,4,2,3,3,3,2,4,3,5,2,1.0,satisfied
2174,Female,Loyal Customer,65,Business travel,Eco,2466,4,2,3,2,4,3,3,2,5,1,3,4,1,3,1,7.0,satisfied
2175,Male,Loyal Customer,23,Business travel,Business,682,3,2,4,3,2,5,4,3,4,3,4,2,4,4,0,9.0,neutral or dissatisfied
2176,Female,Loyal Customer,28,Business travel,Eco,1468,2,5,3,2,2,3,1,5,3,5,3,4,3,2,27,32.0,satisfied
2177,Male,Loyal Customer,16,Business travel,Eco,4235,3,2,3,3,4,5,3,3,1,2,4,3,3,2,4,0.0,neutral or dissatisfied
2178,Male,disloyal Customer,21,Personal Travel,Eco,2601,4,3,4,3,4,3,4,3,4,4,3,2,2,3,26,15.0,neutral or dissatisfied
2179,Female,Loyal Customer,83,Business travel,Business,2822,2,4,3,3,1,3,2,3,2,2,4,4,4,4,48,36.0,neutral or dissatisfied
2180,Male,disloyal Customer,32,Business travel,Business,3425,2,3,3,3,2,5,4,5,4,3,4,3,5,3,0,0.0,satisfied
2181,Female,Loyal Customer,37,Personal Travel,Eco,1012,5,4,5,5,4,1,3,5,3,2,5,4,2,1,1,0.0,satisfied
2182,Male,Loyal Customer,44,Business travel,Eco,508,2,3,3,4,2,3,5,3,4,4,4,2,4,2,2,2.0,satisfied
2183,Female,Loyal Customer,62,Business travel,Eco,2229,3,2,2,3,4,1,3,4,4,4,5,2,5,1,43,37.0,neutral or dissatisfied
2184,Female,Loyal Customer,51,Business travel,Business,4603,3,4,4,3,5,1,3,5,1,3,3,4,4,4,2,0.0,satisfied
2185,Female,disloyal Customer,48,Business travel,Eco,679,3,2,4,5,3,1,4,2,3,4,5,3,3,3,19,19.0,satisfied
2186,Male,Loyal Customer,72,Business travel,Business,3608,5,5,3,2,2,4,0,4,3,4,4,3,3,3,22,25.0,satisfied
2187,Male,Loyal Customer,45,Business travel,Business,4897,3,3,3,2,3,2,3,1,4,3,1,2,3,3,4,0.0,satisfied
2188,Male,Loyal Customer,66,Business travel,Business,528,3,2,5,3,4,3,3,3,4,4,5,3,3,2,3,0.0,neutral or dissatisfied
2189,Male,Loyal Customer,78,Business travel,Eco,709,3,3,4,3,3,4,1,3,3,2,2,2,3,3,10,12.0,neutral or dissatisfied
2190,Female,Loyal Customer,59,Business travel,Eco,4351,2,2,3,4,4,4,4,1,2,1,3,3,3,5,8,8.0,satisfied
2191,Male,Loyal Customer,9,Personal Travel,Business,587,2,3,2,4,2,4,3,4,2,2,4,2,3,4,14,13.0,satisfied
2192,Male,Loyal Customer,27,Business travel,Eco,3731,2,3,3,2,2,5,3,3,1,4,2,3,1,2,34,39.0,neutral or dissatisfied
2193,Male,Loyal Customer,55,Business travel,Eco,3996,5,2,2,1,4,5,4,2,3,3,3,5,3,3,0,0.0,neutral or dissatisfied
2194,Male,disloyal Customer,44,Business travel,Eco,1599,4,2,4,2,2,2,3,4,4,3,4,3,5,3,41,47.0,satisfied
2195,Female,Loyal Customer,29,Business travel,Eco,1493,3,5,3,4,0,4,3,4,3,3,2,3,2,4,18,36.0,neutral or dissatisfied
2196,Female,Loyal Customer,33,Personal Travel,Eco,2631,4,3,5,2,3,3,4,1,4,3,3,4,5,2,25,27.0,neutral or dissatisfied
2197,Male,Loyal Customer,13,Business travel,Business,2557,1,3,5,1,3,3,3,0,3,4,3,2,4,3,5,2.0,neutral or dissatisfied
2198,Female,disloyal Customer,25,Business travel,Business,4307,5,2,2,3,4,2,1,3,3,5,4,2,4,3,6,0.0,neutral or dissatisfied
2199,Female,Loyal Customer,68,Business travel,Eco Plus,2982,4,4,2,2,5,3,3,2,2,2,5,3,3,2,8,5.0,satisfied
2200,Male,Loyal Customer,7,Personal Travel,Eco,4842,5,2,1,1,3,3,3,5,3,4,2,4,4,3,7,9.0,satisfied
2201,Male,Loyal Customer,72,Business travel,Eco,1237,4,2,1,3,4,5,4,3,4,3,3,4,5,3,0,0.0,neutral or dissatisfied
2202,Male,Loyal Customer,33,Personal Travel,Eco,1441,3,3,3,3,3,2,3,4,5,2,3,2,4,4,8,8.0,neutral or dissatisfied
2203,Male,Loyal Customer,70,Business travel,Eco,1243,4,3,2,5,3,1,2,3,3,4,3,3,4,3,0,0.0,satisfied
2204,Male,Loyal Customer,26,Business travel,Eco,3270,2,3,5,3,3,3,2,1,4,5,5,3,3,2,5,,satisfied
2205,Male,Loyal Customer,71,Personal Travel,Eco,215,3,2,4,4,3,2,5,3,5,2,4,5,3,3,12,12.0,neutral or dissatisfied
2206,Female,Loyal Customer,51,Business travel,Business,4308,3,3,3,3,2,3,4,2,2,3,3,3,3,3,8,,neutral or dissatisfied
2207,Male,Loyal Customer,73,Business travel,Eco,3870,5,2,3,2,5,4,5,2,4,1,2,5,4,4,8,8.0,satisfied
2208,Female,Loyal Customer,11,Business travel,Eco Plus,4941,2,2,5,2,0,3,5,2,3,3,4,3,3,3,16,17.0,satisfied
2209,Male,Loyal Customer,69,Business travel,Business,4794,2,3,5,4,4,3,2,2,4,3,3,4,3,4,14,25.0,satisfied
2210,Male,Loyal Customer,28,Business travel,Business,400,3,5,2,4,3,3,2,3,2,5,2,4,3,2,9,3.0,neutral or dissatisfied
2211,Female,Loyal Customer,34,Business travel,Eco,3751,4,4,2,1,3,4,3,3,4,2,4,3,5,4,10,15.0,satisfied
2212,Female,Loyal Customer,10,Business travel,Eco,2542,2,5,3,2,2,2,4,4,3,4,4,3,4,4,0,6.0,satisfied
2213,Female,Loyal Customer,81,Business travel,Business,3690,4,2,3,2,1,4,2,1,4,3,3,3,4,3,6,4.0,neutral or dissatisfied
2214,Male,Loyal Customer,57,Business travel,Business,4374,5,5,2,4,4,2,4,3,5,5,2,3,1,4,9,4.0,satisfied
2215,Male,Loyal Customer,83,Personal Travel,Business,2936,4,3,3,1,4,4,4,3,5,3,5,4,4,4,7,17.0,satisfied
2216,Male,Loyal Customer,51,Business travel,Business,65,3,4,5,4,3,2,2,3,5,3,4,4,4,5,22,12.0,satisfied
2217,Male,Loyal Customer,19,Personal Travel,Eco,4330,3,4,1,3,4,4,2,3,2,4,4,4,4,2,9,3.0,neutral or dissatisfied
2218,Female,Loyal Customer,33,Business travel,Eco,2214,5,3,3,3,2,3,4,3,3,4,3,2,4,2,10,2.0,neutral or dissatisfied
2219,Male,disloyal Customer,41,Business travel,Eco,2320,3,4,1,2,3,3,5,2,4,4,2,2,2,4,12,7.0,satisfied
2220,Male,Loyal Customer,18,Personal Travel,Business,2941,4,4,2,4,4,4,3,3,4,4,3,2,3,3,3,2.0,satisfied
2221,Female,Loyal Customer,79,Personal Travel,Business,4562,5,1,3,3,3,2,4,3,3,1,2,3,5,2,33,44.0,satisfied
2222,Male,Loyal Customer,81,Personal Travel,Business,2656,4,3,2,1,4,3,3,5,2,4,3,4,2,5,22,19.0,satisfied
2223,Male,Loyal Customer,50,Business travel,Eco,1077,2,4,4,2,1,4,3,3,0,4,2,2,2,5,26,42.0,satisfied
2224,Male,Loyal Customer,52,Personal Travel,Eco Plus,3677,2,3,3,1,2,3,3,3,1,2,3,3,2,3,7,14.0,neutral or dissatisfied
2225,Male,Loyal Customer,61,Personal Travel,Business,3183,3,4,3,4,4,4,3,2,3,3,3,4,3,2,20,16.0,satisfied
2226,Female,disloyal Customer,59,Personal Travel,Eco Plus,374,4,2,3,5,5,4,5,3,3,1,3,3,5,2,3,0.0,neutral or dissatisfied
2227,Female,Loyal Customer,11,Personal Travel,Business,2686,3,3,3,4,3,3,3,3,4,3,3,3,4,4,3,4.0,neutral or dissatisfied
2228,Female,Loyal Customer,48,Business travel,Business,3937,5,3,3,3,2,5,1,3,4,4,2,4,5,5,9,9.0,satisfied
2229,Male,Loyal Customer,67,Business travel,Eco,4426,3,3,3,1,5,4,4,3,5,4,2,3,1,5,19,10.0,satisfied
2230,Female,Loyal Customer,69,Business travel,Business,1451,3,2,3,2,3,2,4,1,2,4,3,2,2,3,2,0.0,neutral or dissatisfied
2231,Female,disloyal Customer,53,Business travel,Eco,2636,2,4,1,2,4,2,4,2,1,2,3,3,3,3,1,0.0,neutral or dissatisfied
2232,Male,Loyal Customer,76,Personal Travel,Business,4129,4,3,3,3,3,3,3,3,2,1,2,3,5,3,9,23.0,neutral or dissatisfied
2233,Female,Loyal Customer,52,Business travel,Eco,2939,3,3,2,5,3,4,2,5,5,4,5,5,3,4,15,16.0,satisfied
2234,Male,Loyal Customer,36,Business travel,Business,2126,1,5,3,5,2,1,2,1,3,3,4,5,3,2,21,19.0,neutral or dissatisfied
2235,Female,Loyal Customer,41,Personal Travel,Business,962,3,4,1,2,5,2,3,2,4,4,2,5,4,2,17,12.0,neutral or dissatisfied
2236,Female,Loyal Customer,60,Business travel,Business,262,2,4,3,1,4,3,3,1,3,5,3,2,3,3,13,9.0,satisfied
2237,Male,Loyal Customer,76,Personal Travel,Eco Plus,3465,3,3,3,2,5,2,3,4,3,1,3,5,5,4,0,0.0,satisfied
2238,Male,disloyal Customer,24,Business travel,Eco,4821,3,3,4,4,2,2,5,5,1,5,3,5,5,5,5,6.0,satisfied
2239,Male,Loyal Customer,29,Business travel,Eco,3024,2,2,2,3,1,3,4,4,3,2,3,3,5,2,17,23.0,neutral or dissatisfied
2240,Female,Loyal Customer,57,Business travel,Business,3913,2,3,3,3,3,3,5,4,3,4,4,3,4,4,8,20.0,satisfied
2241,Male,Loyal Customer,66,Business travel,Business,3401,2,0,4,3,5,3,2,2,4,3,5,4,3,3,8,14.0,satisfied
2242,Female,disloyal Customer,38,Business travel,Business,1771,2,3,2,2,3,2,2,4,4,3,4,3,4,3,1,,satisfied
2243,Male,Loyal Customer,57,Business travel,Eco,2637,2,3,3,2,4,3,3,2,5,1,4,2,1,1,32,41.0,neutral or dissatisfied
2244,Male,Loyal Customer,7,Business travel,Business,1386,2,3,1,5,2,2,4,3,3,2,5,1,3,4,8,7.0,satisfied
2245,Female,Loyal Customer,29,Business travel,Business,1154,2,3,2,5,2,5,3,4,3,4,3,1,2,4,11,1.0,satisfied
2246,Female,Loyal Customer,81,Personal Travel,Eco,2965,4,2,3,2,3,5,4,3,3,3,2,3,4,5,55,61.0,neutral or dissatisfied
2247,Female,disloyal Customer,51,Business travel,Eco,3247,3,5,4,1,5,3,5,4,2,4,4,4,3,3,13,8.0,satisfied
2248,Male,Loyal Customer,74,Business travel,Business,4937,4,3,2,3,4,2,3,3,4,2,2,2,4,5,14,14.0,satisfied
2249,Male,Loyal Customer,23,Business travel,Business,1219,5,2,5,3,1,4,4,4,3,4,2,4,4,3,10,,neutral or dissatisfied
2250,Male,Loyal Customer,29,Personal Travel,Business,1486,4,4,3,4,4,4,4,5,5,3,5,4,5,3,23,32.0,satisfied
2251,Female,Loyal Customer,83,Personal Travel,Eco,872,3,3,2,4,2,5,3,4,2,4,1,3,2,1,2,8.0,neutral or dissatisfied
2252,Female,Loyal Customer,84,Personal Travel,Business,4743,4,3,4,2,2,5,4,2,3,4,4,4,1,4,13,2.0,satisfied
2253,Male,Loyal Customer,75,Personal Travel,Eco,3918,4,2,2,4,4,1,2,3,2,2,2,3,5,3,23,23.0,neutral or dissatisfied
2254,Female,Loyal Customer,31,Business travel,Business,1685,3,3,3,3,5,4,2,4,4,3,4,4,3,3,7,15.0,satisfied
2255,Male,disloyal Customer,69,Personal Travel,Eco,4846,3,4,2,4,4,3,4,4,2,4,5,4,3,3,12,11.0,satisfied
2256,Female,Loyal Customer,42,Business travel,Eco Plus,3535,2,4,2,3,3,4,1,3,3,4,2,2,4,3,17,17.0,satisfied
2257,Female,Loyal Customer,72,Personal Travel,Business,2408,4,3,4,4,3,4,4,2,2,5,1,5,3,2,15,22.0,satisfied
2258,Female,Loyal Customer,73,Business travel,Business,1939,3,4,3,0,4,4,2,2,2,2,4,2,2,4,7,5.0,satisfied
2259,Male,disloyal Customer,40,Business travel,Business,2867,5,3,5,4,1,4,5,3,2,2,3,3,5,2,1,1.0,satisfied
2260,Female,Loyal Customer,30,Personal Travel,Eco,471,4,3,2,2,5,3,3,4,4,4,3,5,3,3,37,43.0,neutral or dissatisfied
2261,Male,disloyal Customer,83,Personal Travel,Eco,901,2,3,1,3,2,2,5,4,3,2,4,4,5,4,18,10.0,neutral or dissatisfied
2262,Female,disloyal Customer,42,Personal Travel,Eco,4684,4,4,2,4,3,5,3,1,3,4,4,2,4,5,6,1.0,satisfied
2263,Male,Loyal Customer,40,Business travel,Business,1072,0,3,5,2,2,2,3,4,4,2,4,3,4,3,33,20.0,neutral or dissatisfied
2264,Female,Loyal Customer,58,Business travel,Business,861,5,2,4,2,2,5,4,5,2,2,3,4,4,5,19,35.0,satisfied
2265,Male,Loyal Customer,80,Business travel,Eco,4306,2,4,4,3,4,2,4,1,1,3,4,3,3,3,4,4.0,neutral or dissatisfied
2266,Male,Loyal Customer,17,Business travel,Eco,4726,4,5,4,3,3,3,3,3,2,1,3,2,4,2,10,18.0,satisfied
2267,Female,Loyal Customer,83,Business travel,Eco,4099,3,2,2,2,3,3,3,4,3,2,3,2,5,5,0,0.0,satisfied
2268,Female,Loyal Customer,39,Business travel,Eco,561,4,3,5,3,3,2,3,2,3,1,3,2,5,3,1,10.0,satisfied
2269,Male,Loyal Customer,8,Personal Travel,Eco,4202,3,3,4,3,5,2,5,3,4,4,4,2,5,4,14,12.0,satisfied
2270,Female,Loyal Customer,31,Business travel,Eco,1371,1,4,3,4,5,4,1,4,3,3,2,4,4,3,5,16.0,satisfied
2271,Male,disloyal Customer,43,Personal Travel,Eco,104,3,3,4,2,4,1,2,3,4,3,3,2,3,4,10,9.0,neutral or dissatisfied
2272,Male,Loyal Customer,59,Personal Travel,Eco,4608,3,5,2,2,3,5,4,3,4,3,3,3,2,4,9,1.0,neutral or dissatisfied
2273,Male,Loyal Customer,51,Business travel,Eco,1374,1,3,2,3,1,3,4,3,2,3,2,5,5,3,22,30.0,neutral or dissatisfied
2274,Male,disloyal Customer,17,Business travel,Eco Plus,3309,3,5,3,3,4,2,2,2,0,2,4,4,3,5,11,11.0,neutral or dissatisfied
2275,Male,Loyal Customer,45,Business travel,Business,415,2,5,4,3,4,4,1,2,2,4,4,5,3,4,16,7.0,satisfied
2276,Male,Loyal Customer,25,Business travel,Eco,987,4,4,2,2,4,0,5,4,3,1,4,2,3,3,8,0.0,neutral or dissatisfied
2277,Male,Loyal Customer,28,Personal Travel,Eco,4409,3,3,3,3,2,3,2,4,4,1,2,4,2,5,13,,neutral or dissatisfied
2278,Male,disloyal Customer,62,Business travel,Business,2980,5,3,3,2,4,3,3,4,3,4,3,4,3,1,6,6.0,neutral or dissatisfied
2279,Male,Loyal Customer,69,Business travel,Eco,4993,3,3,1,3,5,2,3,5,3,3,4,4,2,2,2,3.0,neutral or dissatisfied
2280,Female,Loyal Customer,19,Personal Travel,Business,942,3,4,2,3,2,3,2,4,5,1,4,4,2,4,1,2.0,satisfied
2281,Female,Loyal Customer,53,Business travel,Business,4459,3,2,4,3,4,5,4,5,3,3,5,2,2,3,4,3.0,satisfied
2282,Male,Loyal Customer,39,Personal Travel,Business,4378,1,3,1,4,2,3,3,3,4,1,3,4,3,3,14,17.0,neutral or dissatisfied
2283,Male,Loyal Customer,33,Business travel,Eco,4624,3,3,5,2,3,4,2,3,5,4,2,4,4,4,1,6.0,satisfied
2284,Female,Loyal Customer,62,Personal Travel,Eco,296,4,1,4,0,2,2,2,4,1,4,3,3,3,4,2,1.0,satisfied
2285,Female,disloyal Customer,26,Business travel,Eco,567,4,4,3,2,3,2,5,3,5,5,2,2,2,2,14,18.0,neutral or dissatisfied
2286,Female,Loyal Customer,66,Business travel,Business,2672,3,4,3,2,3,3,3,2,0,3,2,3,3,3,8,12.0,satisfied
2287,Female,disloyal Customer,38,Personal Travel,Eco,622,1,2,2,0,3,0,4,2,2,2,3,2,4,3,2,10.0,neutral or dissatisfied
2288,Female,Loyal Customer,14,Personal Travel,Business,364,4,4,2,5,4,2,3,3,3,2,3,3,5,4,1,0.0,neutral or dissatisfied
2289,Female,disloyal Customer,68,Business travel,Business,4066,3,1,3,4,4,2,1,5,1,2,5,4,4,4,6,3.0,satisfied
2290,Male,Loyal Customer,73,Business travel,Business,3490,4,3,2,4,2,1,4,5,3,3,4,4,4,1,11,15.0,neutral or dissatisfied
2291,Male,Loyal Customer,50,Business travel,Eco,4227,3,3,3,3,3,4,4,3,3,1,4,4,5,4,2,18.0,satisfied
2292,Male,Loyal Customer,63,Personal Travel,Business,4682,1,3,2,3,2,3,5,3,4,3,3,2,3,1,9,18.0,neutral or dissatisfied
2293,Male,Loyal Customer,18,Personal Travel,Eco,755,4,3,3,3,3,3,1,1,4,2,4,2,2,3,23,32.0,neutral or dissatisfied
2294,Female,Loyal Customer,33,Business travel,Eco,4163,3,3,4,4,3,4,0,2,3,2,4,2,3,2,2,23.0,neutral or dissatisfied
2295,Female,Loyal Customer,34,Business travel,Business,266,5,3,1,3,2,1,4,2,4,5,5,4,5,3,17,,neutral or dissatisfied
2296,Female,Loyal Customer,66,Business travel,Eco,1890,3,3,3,3,4,2,3,3,4,4,3,3,4,4,10,26.0,neutral or dissatisfied
2297,Male,Loyal Customer,34,Personal Travel,Business,1522,3,4,1,3,3,4,2,3,3,4,3,3,5,3,21,26.0,neutral or dissatisfied
2298,Male,Loyal Customer,63,Business travel,Business,1222,3,2,1,5,3,5,3,3,3,4,2,3,3,2,4,0.0,satisfied
2299,Male,Loyal Customer,30,Business travel,Business,3606,2,5,2,3,4,4,3,4,3,3,5,4,3,2,10,0.0,satisfied
2300,Female,Loyal Customer,53,Personal Travel,Eco,649,2,2,5,2,3,4,2,2,2,3,3,2,3,3,0,0.0,neutral or dissatisfied
2301,Male,Loyal Customer,23,Business travel,Eco Plus,4055,3,3,4,3,4,3,3,5,4,1,5,2,2,3,2,7.0,neutral or dissatisfied
2302,Male,Loyal Customer,50,Business travel,Eco,4374,2,4,5,4,5,3,4,4,2,2,3,4,3,4,14,12.0,satisfied
2303,Female,disloyal Customer,13,Business travel,Eco,3345,3,3,4,3,5,3,3,4,3,3,4,3,3,3,15,15.0,neutral or dissatisfied
2304,Female,Loyal Customer,64,Business travel,Business,451,5,5,3,3,3,5,3,3,1,2,3,4,3,5,6,21.0,satisfied
2305,Female,Loyal Customer,9,Personal Travel,Eco Plus,3003,4,4,4,2,2,4,4,4,3,4,4,4,4,3,10,10.0,neutral or dissatisfied
2306,Male,Loyal Customer,84,Business travel,Business,3162,3,3,2,3,2,4,1,4,2,3,4,2,3,4,5,20.0,satisfied
2307,Male,Loyal Customer,72,Business travel,Business,1896,5,5,4,2,1,2,3,5,4,3,5,0,5,3,10,16.0,satisfied
2308,Male,Loyal Customer,52,Business travel,Eco Plus,1867,2,2,4,3,4,4,3,4,3,2,4,3,2,4,25,33.0,satisfied
2309,Male,disloyal Customer,77,Personal Travel,Business,2372,5,2,4,2,4,2,3,4,3,3,2,2,3,4,17,16.0,neutral or dissatisfied
2310,Female,Loyal Customer,70,Business travel,Business,4979,2,4,4,4,3,3,2,3,3,4,4,4,1,2,24,24.0,neutral or dissatisfied
2311,Male,Loyal Customer,18,Business travel,Business,68,5,4,3,5,1,4,2,5,3,2,3,5,2,2,7,7.0,neutral or dissatisfied
2312,Male,Loyal Customer,65,Business travel,Business,2568,5,3,5,2,3,3,3,2,3,2,2,2,4,5,4,,satisfied
2313,Female,Loyal Customer,36,Business travel,Eco,1618,1,3,3,3,5,2,4,3,3,3,4,4,4,3,16,21.0,neutral or dissatisfied
2314,Male,Loyal Customer,73,Personal Travel,Eco,2766,5,3,5,3,4,4,5,4,3,3,3,4,4,2,14,24.0,neutral or dissatisfied
2315,Male,Loyal Customer,74,Personal Travel,Eco Plus,69,3,4,4,4,4,3,5,2,3,3,3,3,5,3,13,32.0,neutral or dissatisfied
2316,Male,Loyal Customer,81,Personal Travel,Business,4593,2,3,3,3,5,3,1,2,4,3,3,3,4,2,1,0.0,neutral or dissatisfied
2317,Male,disloyal Customer,42,Business travel,Eco,2312,4,2,2,3,3,4,2,2,1,4,1,1,3,4,5,,satisfied
2318,Male,Loyal Customer,22,Business travel,Eco,4849,2,2,2,3,1,5,4,4,2,3,3,3,4,3,1,8.0,satisfied
2319,Female,disloyal Customer,16,Personal Travel,Eco,813,4,5,2,3,2,4,5,3,5,1,4,3,3,3,10,10.0,satisfied
2320,Female,Loyal Customer,19,Business travel,Eco,2939,2,2,3,5,3,4,2,4,3,4,3,4,2,4,4,0.0,satisfied
2321,Male,disloyal Customer,84,Personal Travel,Eco,3415,3,3,2,2,3,3,3,5,2,4,1,4,3,3,3,9.0,satisfied
2322,Male,Loyal Customer,52,Business travel,Eco,3991,4,4,4,3,3,3,2,3,3,1,3,2,3,5,68,62.0,neutral or dissatisfied
2323,Male,Loyal Customer,34,Business travel,Eco,94,3,4,3,4,3,4,4,3,4,3,4,1,3,3,10,11.0,satisfied
2324,Female,Loyal Customer,42,Business travel,Business,3192,3,2,3,3,2,3,2,4,4,4,3,1,2,2,10,23.0,neutral or dissatisfied
2325,Female,Loyal Customer,20,Business travel,Business,781,4,2,2,3,3,4,3,2,2,3,3,5,3,2,26,31.0,neutral or dissatisfied
2326,Female,Loyal Customer,51,Business travel,Eco,2165,1,5,2,5,5,2,2,3,3,4,3,3,4,2,23,28.0,neutral or dissatisfied
2327,Male,Loyal Customer,40,Business travel,Business,314,2,2,1,1,5,5,1,5,3,4,4,1,2,3,0,11.0,satisfied
2328,Male,Loyal Customer,69,Business travel,Business,333,3,2,5,2,5,3,5,3,4,3,2,2,3,5,45,45.0,satisfied
2329,Male,disloyal Customer,8,Business travel,Eco Plus,3843,4,3,1,4,2,3,3,4,3,5,4,3,3,3,27,29.0,neutral or dissatisfied
2330,Male,disloyal Customer,79,Personal Travel,Business,3602,3,3,2,2,3,3,5,3,2,4,3,3,1,3,6,5.0,neutral or dissatisfied
2331,Male,Loyal Customer,11,Business travel,Business,4481,4,4,5,2,3,5,5,3,3,3,5,5,3,3,6,12.0,satisfied
2332,Female,disloyal Customer,39,Personal Travel,Eco,3516,3,1,3,2,4,2,1,4,3,3,3,3,2,4,1,0.0,neutral or dissatisfied
2333,Male,Loyal Customer,33,Business travel,Business,2999,2,3,3,2,3,2,4,2,5,3,2,3,3,4,5,0.0,neutral or dissatisfied
2334,Female,Loyal Customer,62,Business travel,Business,627,5,4,3,4,3,4,2,3,3,2,4,3,3,4,20,20.0,satisfied
2335,Female,disloyal Customer,58,Business travel,Business,3837,2,4,4,4,5,3,3,2,5,2,4,4,1,2,48,52.0,satisfied
2336,Female,Loyal Customer,22,Personal Travel,Business,1188,3,2,3,3,3,3,1,5,3,2,4,5,4,5,16,31.0,neutral or dissatisfied
2337,Male,Loyal Customer,45,Business travel,Business,577,3,2,1,4,3,3,1,4,1,3,4,4,5,3,26,19.0,satisfied
2338,Female,Loyal Customer,48,Personal Travel,Eco,3674,4,3,4,1,3,3,2,2,4,4,2,5,2,3,1,1.0,neutral or dissatisfied
2339,Male,Loyal Customer,43,Business travel,Business,2960,2,2,3,3,4,3,3,1,4,3,2,4,3,5,27,29.0,neutral or dissatisfied
2340,Male,Loyal Customer,8,Personal Travel,Business,791,4,4,4,4,4,5,3,4,4,3,5,1,2,4,0,0.0,satisfied
2341,Male,Loyal Customer,20,Personal Travel,Eco,2768,5,3,2,4,5,4,2,3,3,5,4,2,2,2,0,0.0,satisfied
2342,Male,Loyal Customer,46,Personal Travel,Business,3470,4,2,2,5,2,4,3,5,3,5,3,4,5,4,4,0.0,satisfied
2343,Female,Loyal Customer,27,Business travel,Business,2519,3,2,3,2,3,3,4,5,3,2,1,3,3,3,31,35.0,neutral or dissatisfied
2344,Female,Loyal Customer,49,Personal Travel,Business,3603,3,2,2,4,3,4,4,4,1,4,2,3,4,4,0,0.0,satisfied
2345,Female,Loyal Customer,19,Business travel,Business,2547,5,1,0,3,3,1,3,3,4,2,2,2,5,3,16,25.0,satisfied
2346,Male,disloyal Customer,64,Personal Travel,Business,1799,2,4,3,4,4,3,4,3,3,3,3,5,4,5,11,14.0,neutral or dissatisfied
2347,Male,Loyal Customer,21,Business travel,Business,1155,4,2,4,4,4,3,2,4,4,1,4,5,5,5,2,1.0,satisfied
2348,Female,disloyal Customer,57,Business travel,Eco,1328,3,3,3,2,2,5,4,4,3,2,2,3,2,4,0,0.0,satisfied
2349,Male,Loyal Customer,72,Business travel,Eco Plus,4055,3,4,4,1,5,5,2,2,3,4,3,3,4,4,13,16.0,satisfied
2350,Female,disloyal Customer,34,Personal Travel,Eco,1896,3,4,3,5,1,3,5,2,5,3,2,4,3,2,3,1.0,neutral or dissatisfied
2351,Female,Loyal Customer,17,Business travel,Business,3595,2,3,3,4,4,2,4,5,5,2,3,4,5,3,20,24.0,satisfied
2352,Female,Loyal Customer,7,Business travel,Eco,1828,3,4,3,3,2,2,4,3,4,2,5,1,2,3,61,70.0,neutral or dissatisfied
2353,Female,Loyal Customer,35,Business travel,Eco,2651,3,5,4,3,2,3,4,4,1,2,5,4,2,3,22,16.0,neutral or dissatisfied
2354,Male,Loyal Customer,16,Personal Travel,Business,3054,5,3,2,1,3,5,3,2,2,3,4,4,3,3,49,46.0,satisfied
2355,Male,disloyal Customer,75,Business travel,Eco Plus,2414,4,3,4,3,3,4,2,5,4,4,3,3,4,1,5,15.0,neutral or dissatisfied
2356,Male,Loyal Customer,82,Business travel,Eco,3732,4,2,2,2,0,4,2,4,2,3,2,2,1,3,10,21.0,neutral or dissatisfied
2357,Male,disloyal Customer,83,Business travel,Business,4624,4,2,2,3,4,4,5,3,3,4,3,2,3,3,1,0.0,satisfied
2358,Male,Loyal Customer,78,Business travel,Eco Plus,4315,5,4,4,3,4,2,3,3,3,2,1,0,2,4,8,2.0,neutral or dissatisfied
2359,Female,Loyal Customer,52,Business travel,Business,4611,2,4,2,0,3,2,2,4,3,3,4,2,4,2,10,4.0,satisfied
2360,Male,Loyal Customer,32,Personal Travel,Business,198,3,4,3,4,3,4,4,3,2,5,3,1,3,2,25,26.0,neutral or dissatisfied
2361,Female,Loyal Customer,41,Personal Travel,Business,3808,1,2,5,3,3,2,4,4,4,3,3,2,5,2,3,0.0,satisfied
2362,Female,Loyal Customer,27,Business travel,Business,3646,4,5,4,3,1,2,3,4,3,4,1,3,2,3,15,15.0,neutral or dissatisfied
2363,Female,Loyal Customer,72,Business travel,Eco Plus,2091,4,3,2,3,1,2,2,3,4,2,3,2,4,2,1,1.0,satisfied
2364,Male,disloyal Customer,41,Business travel,Eco,1605,2,2,2,3,4,4,4,2,3,3,3,4,2,5,7,3.0,neutral or dissatisfied
2365,Female,Loyal Customer,37,Business travel,Business,313,5,2,3,3,4,3,4,3,5,2,2,5,3,4,0,0.0,satisfied
2366,Male,Loyal Customer,60,Business travel,Eco,4201,2,5,4,3,4,3,4,4,5,3,3,3,2,5,0,0.0,satisfied
2367,Male,Loyal Customer,36,Personal Travel,Eco,4208,3,2,2,4,3,2,3,4,5,3,3,4,5,3,2,0.0,neutral or dissatisfied
2368,Male,Loyal Customer,34,Business travel,Eco,424,3,2,2,3,4,4,2,5,5,4,4,1,4,4,36,49.0,satisfied
2369,Male,Loyal Customer,24,Business travel,Eco Plus,2931,5,5,4,5,4,3,4,5,3,2,4,3,4,2,1,0.0,satisfied
2370,Male,Loyal Customer,12,Personal Travel,Eco,2778,2,4,1,2,2,4,3,4,3,3,2,1,4,5,18,18.0,neutral or dissatisfied
2371,Male,Loyal Customer,9,Business travel,Eco,903,3,2,2,3,3,3,2,3,2,4,3,1,3,3,14,10.0,satisfied
2372,Female,Loyal Customer,38,Business travel,Business,2765,4,2,3,5,3,4,4,4,3,2,3,2,4,3,9,16.0,satisfied
2373,Male,Loyal Customer,84,Business travel,Eco,4068,4,1,3,3,3,3,2,3,3,0,5,3,3,5,17,8.0,neutral or dissatisfied
2374,Male,Loyal Customer,27,Business travel,Business,1666,4,3,1,4,4,3,1,4,3,2,4,3,4,5,3,4.0,satisfied
2375,Female,Loyal Customer,57,Personal Travel,Business,3642,4,4,3,3,5,3,5,5,2,4,3,3,3,2,2,0.0,satisfied
2376,Female,Loyal Customer,32,Personal Travel,Business,4853,2,5,4,3,0,3,1,4,4,3,3,2,3,3,6,0.0,neutral or dissatisfied
2377,Female,Loyal Customer,30,Business travel,Business,2301,5,1,2,4,3,4,3,4,3,2,3,3,1,5,0,0.0,satisfied
2378,Male,Loyal Customer,19,Business travel,Eco,579,3,2,5,4,3,3,2,3,3,3,2,2,3,3,4,0.0,satisfied
2379,Female,disloyal Customer,50,Business travel,Eco,1521,3,3,3,1,4,3,2,3,3,3,2,3,5,4,16,20.0,neutral or dissatisfied
2380,Female,Loyal Customer,58,Business travel,Eco,725,4,5,2,3,1,3,5,3,3,1,3,3,3,4,1,0.0,neutral or dissatisfied
2381,Male,Loyal Customer,34,Business travel,Eco,1796,2,4,5,2,0,4,3,2,2,3,1,1,2,5,6,0.0,neutral or dissatisfied
2382,Male,Loyal Customer,48,Business travel,Business,3239,3,3,2,4,4,3,4,4,2,4,2,2,3,4,19,4.0,satisfied
2383,Female,Loyal Customer,44,Business travel,Eco,1053,2,2,3,5,4,2,4,0,4,3,3,4,2,3,2,3.0,neutral or dissatisfied
2384,Male,Loyal Customer,28,Personal Travel,Business,2595,5,1,2,5,1,3,2,3,3,1,5,4,3,1,9,12.0,satisfied
2385,Male,disloyal Customer,60,Personal Travel,Business,4990,5,3,4,3,3,4,4,3,1,5,2,2,3,4,3,4.0,satisfied
2386,Female,disloyal Customer,50,Business travel,Eco,1359,3,3,2,2,5,2,4,5,4,2,4,2,4,3,10,7.0,satisfied
2387,Female,Loyal Customer,12,Business travel,Eco,4405,4,3,3,3,2,2,4,3,3,3,3,3,4,5,7,9.0,neutral or dissatisfied
2388,Female,Loyal Customer,45,Business travel,Business,1556,3,3,3,2,3,2,2,3,2,4,4,4,5,4,2,0.0,neutral or dissatisfied
2389,Female,Loyal Customer,37,Business travel,Business,3089,3,2,2,5,4,3,4,2,2,3,2,4,3,3,12,0.0,satisfied
2390,Female,Loyal Customer,69,Business travel,Business,827,3,2,4,4,1,1,3,5,3,3,1,2,2,2,16,5.0,neutral or dissatisfied
2391,Male,Loyal Customer,30,Business travel,Eco,1377,3,5,2,3,2,4,4,2,1,1,5,4,3,3,25,24.0,satisfied
2392,Male,Loyal Customer,81,Personal Travel,Business,4345,1,2,3,4,1,3,3,5,4,4,2,4,3,4,3,9.0,satisfied
2393,Female,Loyal Customer,54,Business travel,Business,2969,3,3,3,2,3,1,5,2,4,2,5,3,3,3,12,4.0,satisfied
2394,Male,Loyal Customer,17,Business travel,Eco,2869,3,3,3,2,2,2,4,4,4,4,3,2,3,2,28,21.0,neutral or dissatisfied
2395,Male,Loyal Customer,38,Business travel,Eco,2578,3,4,4,1,3,3,3,3,4,4,2,4,3,0,2,7.0,satisfied
2396,Female,Loyal Customer,75,Business travel,Business,1261,3,2,1,3,4,1,3,3,2,2,3,3,3,2,0,0.0,neutral or dissatisfied
2397,Female,Loyal Customer,26,Business travel,Eco,4649,3,4,4,3,5,4,3,4,4,2,5,3,4,1,0,1.0,satisfied
2398,Male,Loyal Customer,61,Business travel,Business,1997,4,2,2,4,5,3,3,5,3,3,2,4,3,2,3,3.0,satisfied
2399,Male,Loyal Customer,68,Personal Travel,Business,106,4,3,2,3,3,4,4,3,2,4,3,3,4,3,1,0.0,satisfied
2400,Female,Loyal Customer,61,Personal Travel,Eco,4538,5,5,2,4,3,2,3,3,4,2,4,3,5,5,9,23.0,neutral or dissatisfied
2401,Male,Loyal Customer,14,Personal Travel,Business,280,4,2,3,4,3,4,5,3,4,3,4,4,1,1,11,4.0,satisfied
2402,Female,Loyal Customer,36,Business travel,Business,4439,3,4,2,1,2,2,3,3,5,2,5,2,3,2,12,27.0,neutral or dissatisfied
2403,Female,Loyal Customer,34,Business travel,Eco,1366,4,4,5,4,3,3,3,2,5,4,4,2,3,4,5,9.0,satisfied
2404,Female,Loyal Customer,33,Business travel,Eco,392,1,3,3,3,2,4,3,0,2,2,2,3,3,3,3,5.0,neutral or dissatisfied
2405,Male,Loyal Customer,75,Business travel,Eco,1140,5,3,3,4,4,3,5,1,4,2,5,5,4,3,19,8.0,satisfied
2406,Female,Loyal Customer,7,Business travel,Eco,3287,3,5,2,4,2,4,2,3,4,2,1,0,2,4,26,28.0,neutral or dissatisfied
2407,Male,disloyal Customer,49,Personal Travel,Business,2751,5,3,4,4,2,3,3,2,3,2,4,4,3,3,21,21.0,neutral or dissatisfied
2408,Female,Loyal Customer,83,Business travel,Eco,807,2,3,5,3,3,3,4,3,3,4,2,3,4,5,5,4.0,satisfied
2409,Male,disloyal Customer,75,Business travel,Business,1535,2,3,4,3,3,4,2,3,5,3,4,2,3,5,1,0.0,satisfied
2410,Male,Loyal Customer,54,Business travel,Eco,1093,3,3,2,4,1,4,5,2,3,2,5,2,2,2,1,8.0,satisfied
2411,Female,Loyal Customer,84,Business travel,Business,3283,3,4,2,1,3,3,2,2,5,1,1,4,4,4,11,18.0,satisfied
2412,Male,Loyal Customer,38,Business travel,Business,4327,3,3,3,2,2,5,3,4,2,3,4,4,4,5,6,0.0,satisfied
2413,Female,Loyal Customer,54,Business travel,Business,1312,3,1,2,3,4,3,5,3,3,2,4,2,3,5,1,0.0,satisfied
2414,Female,Loyal Customer,49,Business travel,Eco,4481,2,4,5,2,4,3,3,5,4,2,4,3,4,2,21,19.0,neutral or dissatisfied
2415,Male,Loyal Customer,10,Business travel,Business,2070,1,2,2,3,0,3,3,3,2,2,2,5,4,3,17,19.0,neutral or dissatisfied
2416,Male,Loyal Customer,10,Personal Travel,Eco,459,3,4,3,3,4,3,3,1,2,3,3,4,3,1,2,3.0,satisfied
2417,Female,Loyal Customer,76,Business travel,Eco,1645,2,3,2,3,3,3,3,2,4,2,2,1,4,3,13,13.0,satisfied
2418,Male,Loyal Customer,20,Business travel,Eco,4375,1,4,3,3,1,2,4,3,1,3,4,4,2,3,17,20.0,neutral or dissatisfied
2419,Male,Loyal Customer,34,Business travel,Business,4052,3,2,5,4,4,2,3,3,4,4,2,2,3,4,5,19.0,neutral or dissatisfied
2420,Male,Loyal Customer,55,Personal Travel,Business,3656,3,2,3,4,2,3,0,3,5,2,3,3,4,2,0,0.0,satisfied
2421,Male,Loyal Customer,51,Business travel,Eco,2023,5,3,3,3,4,5,3,2,5,2,4,2,5,3,4,12.0,satisfied
2422,Female,Loyal Customer,47,Business travel,Eco,3889,4,1,2,3,2,4,3,3,4,4,2,3,3,3,23,37.0,satisfied
2423,Male,Loyal Customer,83,Business travel,Business,3565,5,4,4,3,1,4,3,3,3,3,3,2,2,3,12,24.0,satisfied
2424,Female,Loyal Customer,68,Business travel,Eco Plus,3969,4,1,3,3,5,5,3,3,3,3,2,2,3,4,13,18.0,neutral or dissatisfied
2425,Male,Loyal Customer,80,Business travel,Business,2810,3,4,3,5,1,3,2,2,4,4,3,3,2,3,5,10.0,neutral or dissatisfied
2426,Female,Loyal Customer,58,Business travel,Business,2560,5,3,0,1,2,2,3,3,3,3,3,3,4,4,18,21.0,neutral or dissatisfied
2427,Male,Loyal Customer,83,Business travel,Business,4835,2,3,3,2,2,3,5,3,3,3,2,4,3,2,5,705.0,neutral or dissatisfied
2428,Male,Loyal Customer,53,Personal Travel,Business,4737,3,3,3,2,2,3,3,3,5,1,3,2,2,2,8,5.0,neutral or dissatisfied
2429,Female,Loyal Customer,49,Business travel,Business,2704,3,3,1,3,4,3,4,2,3,2,3,1,3,4,43,41.0,neutral or dissatisfied
2430,Male,Loyal Customer,70,Business travel,Eco,1041,4,3,4,3,3,4,2,4,5,5,2,4,4,1,2,0.0,satisfied
2431,Male,Loyal Customer,74,Business travel,Business,2074,2,3,2,2,4,4,3,5,3,2,3,5,3,4,2,21.0,satisfied
2432,Female,disloyal Customer,12,Business travel,Eco,2549,4,4,5,4,3,1,2,3,3,3,3,2,3,3,24,36.0,satisfied
2433,Male,disloyal Customer,78,Business travel,Eco,3401,4,2,5,3,1,3,5,3,4,5,3,4,4,1,8,4.0,satisfied
2434,Male,Loyal Customer,60,Business travel,Eco,1626,4,3,2,4,4,0,1,4,4,4,3,3,4,3,1,0.0,satisfied
2435,Male,Loyal Customer,77,Business travel,Business,274,4,0,5,4,3,3,4,2,3,3,4,5,2,4,11,10.0,satisfied
2436,Female,Loyal Customer,62,Personal Travel,Eco,4121,5,1,5,1,2,3,4,2,4,2,4,2,3,5,16,16.0,neutral or dissatisfied
2437,Female,disloyal Customer,79,Business travel,Business,4747,3,4,2,4,5,5,4,2,4,2,4,3,1,5,21,23.0,neutral or dissatisfied
2438,Female,Loyal Customer,28,Personal Travel,Eco,459,4,3,2,2,4,5,1,4,5,3,3,1,4,2,25,13.0,neutral or dissatisfied
2439,Female,Loyal Customer,21,Personal Travel,Business,1626,2,2,1,3,4,4,1,2,3,3,2,5,5,4,12,7.0,satisfied
2440,Male,Loyal Customer,22,Business travel,Eco,2196,2,3,3,3,4,2,3,3,2,4,5,2,4,3,3,12.0,neutral or dissatisfied
2441,Male,Loyal Customer,26,Business travel,Business,3814,5,3,2,3,3,2,2,1,2,3,3,4,3,3,5,,neutral or dissatisfied
2442,Male,Loyal Customer,23,Business travel,Eco,3878,2,2,3,2,4,2,2,4,5,2,4,2,4,4,1,0.0,neutral or dissatisfied
2443,Male,disloyal Customer,41,Personal Travel,Business,1749,4,1,2,4,3,5,3,5,1,3,2,3,4,3,10,17.0,satisfied
2444,Male,disloyal Customer,22,Business travel,Business,1596,4,1,2,2,2,2,2,2,2,4,3,2,4,3,1,8.0,neutral or dissatisfied
2445,Female,Loyal Customer,19,Business travel,Eco,2055,4,4,2,4,2,3,2,4,3,3,4,2,3,1,6,23.0,neutral or dissatisfied
2446,Female,Loyal Customer,47,Business travel,Business,1240,1,3,2,1,3,2,3,3,3,3,4,3,1,2,9,8.0,neutral or dissatisfied
2447,Female,Loyal Customer,68,Personal Travel,Eco,2210,4,4,2,3,4,2,1,3,4,2,3,3,3,2,6,1.0,neutral or dissatisfied
2448,Female,Loyal Customer,17,Business travel,Eco,1349,3,3,2,5,3,4,3,3,4,4,5,3,3,4,29,28.0,neutral or dissatisfied
2449,Female,Loyal Customer,46,Business travel,Eco,348,2,3,3,5,3,3,2,3,3,3,2,1,3,4,1,8.0,neutral or dissatisfied
2450,Male,Loyal Customer,58,Business travel,Eco,3582,3,3,3,1,3,1,3,2,5,3,1,3,2,5,0,0.0,neutral or dissatisfied
2451,Female,disloyal Customer,62,Business travel,Eco,3946,4,3,2,2,3,2,5,2,2,2,1,1,4,2,0,0.0,neutral or dissatisfied
2452,Female,disloyal Customer,15,Personal Travel,Eco,1469,4,3,4,2,5,3,2,4,2,2,4,3,5,5,7,7.0,satisfied
2453,Male,Loyal Customer,64,Personal Travel,Business,2034,3,3,3,5,3,3,4,1,5,4,2,1,4,3,23,33.0,neutral or dissatisfied
2454,Male,Loyal Customer,9,Business travel,Eco,2043,2,2,5,3,2,3,3,3,2,2,3,4,3,3,6,2.0,satisfied
2455,Female,Loyal Customer,25,Business travel,Eco,159,2,4,3,4,1,4,4,3,4,2,4,4,5,3,36,35.0,satisfied
2456,Male,Loyal Customer,31,Personal Travel,Business,2751,4,5,3,3,3,2,3,3,5,5,4,4,4,3,5,9.0,satisfied
2457,Female,Loyal Customer,73,Business travel,Business,2319,2,5,2,2,2,3,5,4,0,4,2,2,4,4,9,5.0,satisfied
2458,Female,Loyal Customer,21,Business travel,Business,4706,3,2,4,1,2,4,4,3,3,3,5,2,3,4,0,0.0,satisfied
2459,Male,Loyal Customer,68,Business travel,Eco,1890,5,2,3,2,4,2,4,4,4,2,3,3,3,3,0,14.0,satisfied
2460,Male,disloyal Customer,84,Business travel,Business,3982,4,2,4,5,3,4,2,5,3,3,3,3,4,3,1,5.0,satisfied
2461,Male,Loyal Customer,81,Personal Travel,Eco,1983,4,3,5,3,1,2,3,3,3,3,2,4,5,2,15,24.0,neutral or dissatisfied
2462,Male,Loyal Customer,30,Business travel,Eco,967,2,3,2,4,4,2,3,1,3,3,2,3,5,4,22,27.0,neutral or dissatisfied
2463,Male,Loyal Customer,14,Business travel,Eco,1775,2,2,4,1,1,1,2,3,4,3,3,1,4,3,9,9.0,satisfied
2464,Female,disloyal Customer,24,Personal Travel,Business,4421,4,1,4,3,4,1,3,3,2,1,2,4,3,2,39,35.0,neutral or dissatisfied
2465,Male,Loyal Customer,66,Business travel,Eco,1318,3,3,4,4,2,3,3,4,4,1,3,3,4,2,4,0.0,neutral or dissatisfied
2466,Male,Loyal Customer,22,Personal Travel,Eco,4231,4,0,3,2,3,4,4,1,3,3,5,2,4,3,9,4.0,neutral or dissatisfied
2467,Male,Loyal Customer,57,Business travel,Business,3344,3,3,3,3,3,3,4,4,2,3,4,2,5,5,9,4.0,satisfied
2468,Female,Loyal Customer,36,Business travel,Business,3738,5,2,2,2,3,4,4,3,3,3,3,3,2,5,3,0.0,neutral or dissatisfied
2469,Male,disloyal Customer,66,Business travel,Business,3774,2,4,2,4,3,3,4,4,2,4,2,3,3,2,19,25.0,satisfied
2470,Male,Loyal Customer,54,Business travel,Eco Plus,2608,3,4,2,3,3,1,3,3,3,4,3,2,4,4,19,12.0,satisfied
2471,Female,disloyal Customer,52,Business travel,Business,3029,2,4,3,4,5,4,3,4,4,5,2,3,5,4,60,71.0,satisfied
2472,Male,Loyal Customer,67,Business travel,Business,395,4,3,2,4,3,2,3,2,3,4,5,3,5,5,9,15.0,neutral or dissatisfied
2473,Male,Loyal Customer,81,Personal Travel,Business,3510,4,2,3,3,3,3,2,3,4,3,3,4,2,4,6,11.0,satisfied
2474,Male,Loyal Customer,35,Personal Travel,Business,3571,2,2,3,4,2,1,3,2,3,3,2,3,2,3,16,17.0,neutral or dissatisfied
2475,Male,Loyal Customer,48,Business travel,Business,563,3,3,3,2,3,3,4,3,4,3,3,1,3,4,9,12.0,neutral or dissatisfied
2476,Male,Loyal Customer,55,Business travel,Eco,2615,5,1,3,4,2,4,5,5,3,1,2,3,2,0,13,10.0,neutral or dissatisfied
2477,Female,Loyal Customer,71,Business travel,Business,2569,4,5,3,1,4,4,3,2,4,4,3,1,5,2,46,40.0,neutral or dissatisfied
2478,Male,Loyal Customer,44,Business travel,Eco,1583,2,3,3,2,1,3,2,3,2,4,5,2,3,2,4,1.0,satisfied
2479,Male,disloyal Customer,36,Business travel,Business,377,3,4,4,5,2,3,4,2,2,1,3,2,5,2,2,0.0,neutral or dissatisfied
2480,Male,disloyal Customer,73,Personal Travel,Business,99,5,1,3,4,1,3,1,3,3,5,2,4,3,2,17,20.0,neutral or dissatisfied
2481,Female,Loyal Customer,81,Personal Travel,Eco,1082,3,2,3,4,3,3,4,3,4,3,3,2,4,3,4,0.0,neutral or dissatisfied
2482,Female,Loyal Customer,51,Business travel,Eco,1193,3,1,2,2,3,4,2,2,3,3,2,4,2,3,7,12.0,satisfied
2483,Male,Loyal Customer,15,Personal Travel,Eco,1099,4,4,4,2,4,2,4,5,4,3,5,2,2,3,45,50.0,neutral or dissatisfied
2484,Male,Loyal Customer,29,Business travel,Business,3048,2,3,2,3,2,2,3,4,4,3,5,1,2,4,8,10.0,satisfied
2485,Male,disloyal Customer,43,Business travel,Eco,2134,2,4,2,3,4,1,4,2,1,5,5,3,1,2,3,0.0,neutral or dissatisfied
2486,Male,Loyal Customer,61,Business travel,Eco,605,3,3,2,5,4,4,5,4,5,3,4,2,4,3,9,3.0,satisfied
2487,Male,Loyal Customer,59,Business travel,Business,465,4,4,2,4,3,3,2,3,2,3,3,4,3,3,16,11.0,satisfied
2488,Male,Loyal Customer,70,Business travel,Eco,3294,4,3,2,3,3,2,2,2,2,3,3,2,4,1,13,6.0,neutral or dissatisfied
2489,Female,Loyal Customer,9,Personal Travel,Business,4676,4,3,5,3,3,4,3,2,4,2,3,4,3,3,24,,neutral or dissatisfied
2490,Male,Loyal Customer,43,Business travel,Business,4107,3,3,2,4,2,3,5,2,3,3,5,3,5,3,21,21.0,neutral or dissatisfied
2491,Male,Loyal Customer,61,Business travel,Eco,3800,4,3,1,2,2,2,3,4,2,2,3,3,4,4,23,38.0,neutral or dissatisfied
2492,Male,disloyal Customer,84,Business travel,Eco,1624,3,3,3,1,4,4,3,2,3,4,3,2,3,2,0,14.0,neutral or dissatisfied
2493,Female,disloyal Customer,18,Personal Travel,Eco,3534,4,5,2,4,3,3,3,5,2,2,3,5,3,3,0,12.0,satisfied
2494,Female,Loyal Customer,75,Business travel,Eco,455,4,5,4,3,3,1,2,3,2,2,4,2,4,5,2,1.0,satisfied
2495,Male,Loyal Customer,7,Personal Travel,Business,898,5,1,3,2,5,4,3,3,4,2,0,0,4,1,7,0.0,satisfied
2496,Male,Loyal Customer,22,Personal Travel,Eco,741,3,3,3,1,2,2,3,3,3,2,4,3,3,3,18,19.0,neutral or dissatisfied
2497,Female,Loyal Customer,73,Business travel,Eco Plus,959,3,3,4,4,2,5,5,5,2,1,0,2,4,2,14,13.0,satisfied
2498,Female,Loyal Customer,68,Personal Travel,Business,1821,5,4,4,2,3,3,4,3,2,0,5,3,2,3,4,4.0,neutral or dissatisfied
2499,Male,disloyal Customer,82,Business travel,Business,266,5,3,2,3,3,1,2,3,3,3,1,3,2,2,18,21.0,satisfied
2500,Female,Loyal Customer,53,Personal Travel,Eco,4076,3,4,2,3,4,5,3,4,2,1,2,2,2,4,1,6.0,satisfied
2501,Female,Loyal Customer,55,Business travel,Business,3589,2,0,1,3,3,3,4,4,3,5,1,3,4,3,19,5.0,satisfied
2502,Male,Loyal Customer,48,Business travel,Eco,3189,4,1,5,2,5,3,2,2,4,3,5,3,2,2,6,16.0,neutral or dissatisfied
2503,Female,Loyal Customer,46,Business travel,Eco,918,1,5,2,3,3,4,2,3,3,4,3,3,3,5,7,14.0,satisfied
2504,Male,Loyal Customer,47,Business travel,Eco,4346,1,3,4,4,4,2,3,1,2,3,5,3,3,3,70,66.0,neutral or dissatisfied
2505,Male,Loyal Customer,29,Personal Travel,Eco,81,3,2,2,3,3,1,4,3,2,2,5,2,3,4,25,32.0,neutral or dissatisfied
2506,Male,Loyal Customer,73,Personal Travel,Eco,4972,3,3,2,3,4,5,4,4,5,3,5,5,4,2,6,4.0,neutral or dissatisfied
2507,Male,Loyal Customer,34,Business travel,Eco,3647,2,2,3,4,3,1,3,4,5,4,2,4,3,3,0,0.0,neutral or dissatisfied
2508,Female,Loyal Customer,54,Business travel,Business,1052,3,3,3,4,2,5,5,2,3,4,3,1,3,4,6,5.0,satisfied
2509,Male,Loyal Customer,59,Business travel,Eco,1024,3,1,4,2,4,4,2,2,4,4,5,3,4,2,12,7.0,neutral or dissatisfied
2510,Male,Loyal Customer,48,Personal Travel,Eco,3489,2,2,4,3,3,3,4,3,2,2,4,2,5,3,60,50.0,satisfied
2511,Male,Loyal Customer,54,Business travel,Eco Plus,4050,5,3,2,2,3,3,2,5,3,4,3,2,3,3,0,21.0,satisfied
2512,Female,Loyal Customer,10,Personal Travel,Eco Plus,2359,3,4,1,3,4,5,5,3,4,2,4,0,2,1,3,8.0,neutral or dissatisfied
2513,Female,disloyal Customer,31,Business travel,Eco,347,4,4,2,5,3,2,5,3,1,4,4,3,2,3,1,2.0,satisfied
2514,Female,Loyal Customer,41,Business travel,Eco,2492,1,4,0,3,3,2,4,4,4,4,2,3,3,3,2,16.0,satisfied
2515,Male,Loyal Customer,37,Personal Travel,Eco,2423,1,3,3,5,2,4,1,3,3,1,3,4,2,3,43,30.0,neutral or dissatisfied
2516,Female,Loyal Customer,77,Business travel,Eco,1661,4,4,3,3,4,2,4,3,2,3,4,4,1,2,56,55.0,neutral or dissatisfied
2517,Female,Loyal Customer,76,Business travel,Eco,4519,5,2,2,3,3,2,2,4,4,2,4,4,3,2,16,12.0,neutral or dissatisfied
2518,Female,Loyal Customer,62,Business travel,Business,1745,2,2,2,3,3,3,4,3,5,4,3,4,4,2,0,0.0,neutral or dissatisfied
2519,Male,Loyal Customer,34,Business travel,Business,1255,3,3,3,3,3,4,2,2,3,2,3,4,5,3,3,3.0,satisfied
2520,Female,Loyal Customer,10,Personal Travel,Eco,3397,2,3,2,3,3,5,3,3,4,3,3,4,3,4,7,4.0,satisfied
2521,Male,Loyal Customer,65,Personal Travel,Business,3110,2,3,3,2,4,5,3,4,4,4,2,5,4,3,38,24.0,satisfied
2522,Male,Loyal Customer,75,Personal Travel,Business,3122,3,3,3,3,3,1,2,5,3,3,3,2,4,3,9,1.0,neutral or dissatisfied
2523,Male,Loyal Customer,45,Business travel,Business,2545,2,4,3,2,5,4,4,2,2,4,4,2,3,3,7,0.0,satisfied
2524,Male,disloyal Customer,71,Business travel,Eco,1626,2,4,2,4,3,2,3,5,3,3,5,2,2,3,11,8.0,satisfied
2525,Male,Loyal Customer,79,Personal Travel,Eco Plus,1325,2,2,2,1,3,2,3,3,3,5,2,2,5,4,7,0.0,satisfied
2526,Male,Loyal Customer,49,Business travel,Eco,636,1,1,1,3,3,3,4,3,0,2,5,3,2,3,0,0.0,neutral or dissatisfied
2527,Male,Loyal Customer,23,Personal Travel,Eco Plus,969,4,2,3,1,5,2,5,5,4,3,4,5,4,3,31,30.0,satisfied
2528,Female,Loyal Customer,8,Business travel,Eco,2912,4,2,3,3,3,2,4,3,2,1,1,4,2,4,9,0.0,neutral or dissatisfied
2529,Male,Loyal Customer,66,Business travel,Business,2060,4,4,3,3,3,1,1,3,3,3,3,4,3,3,23,15.0,neutral or dissatisfied
2530,Female,Loyal Customer,50,Business travel,Business,3710,2,4,5,1,3,5,1,2,5,2,3,3,4,1,9,10.0,neutral or dissatisfied
2531,Female,Loyal Customer,18,Personal Travel,Business,4031,4,2,3,4,3,4,3,3,3,1,3,3,3,0,11,11.0,neutral or dissatisfied
2532,Female,Loyal Customer,11,Business travel,Business,2815,4,2,3,0,3,3,4,4,2,1,4,4,2,5,2,0.0,satisfied
2533,Female,Loyal Customer,82,Business travel,Eco,568,3,1,4,3,4,2,3,2,4,2,5,3,3,3,59,65.0,neutral or dissatisfied
2534,Male,Loyal Customer,31,Personal Travel,Business,68,3,3,5,4,3,5,4,5,5,3,5,3,4,3,0,4.0,satisfied
2535,Female,Loyal Customer,32,Business travel,Eco,1180,2,3,3,5,3,3,3,2,2,4,3,5,2,1,2,20.0,satisfied
2536,Female,Loyal Customer,56,Business travel,Eco,1447,3,4,1,1,3,3,4,4,1,4,4,4,5,3,20,34.0,satisfied
2537,Male,Loyal Customer,35,Business travel,Business,414,5,4,3,2,2,1,4,3,5,4,5,2,3,2,2,0.0,satisfied
2538,Male,disloyal Customer,78,Personal Travel,Eco Plus,3903,4,4,2,4,3,4,2,5,4,2,2,2,4,3,0,0.0,neutral or dissatisfied
2539,Female,Loyal Customer,60,Business travel,Eco Plus,1867,3,1,1,4,3,3,4,2,4,2,5,4,2,2,34,34.0,neutral or dissatisfied
2540,Male,Loyal Customer,34,Personal Travel,Eco,3725,4,2,5,4,4,3,2,4,1,3,2,4,3,3,16,26.0,neutral or dissatisfied
2541,Male,Loyal Customer,27,Personal Travel,Eco,1083,2,4,5,5,2,3,4,5,4,3,2,4,2,3,5,3.0,satisfied
2542,Female,Loyal Customer,74,Business travel,Eco Plus,101,4,2,2,2,5,4,3,2,4,5,4,4,4,4,30,40.0,neutral or dissatisfied
2543,Female,disloyal Customer,53,Business travel,Eco,728,2,1,2,3,3,3,3,2,5,3,1,2,2,3,9,11.0,satisfied
2544,Male,Loyal Customer,78,Personal Travel,Eco,2377,4,4,3,3,3,3,4,5,3,4,3,5,3,3,13,7.0,neutral or dissatisfied
2545,Female,Loyal Customer,33,Business travel,Business,2424,5,2,2,1,2,4,4,3,3,3,5,4,5,1,11,2.0,satisfied
2546,Male,Loyal Customer,8,Personal Travel,Eco,2214,2,4,3,3,4,4,5,3,1,3,2,3,4,3,22,30.0,neutral or dissatisfied
2547,Female,disloyal Customer,77,Business travel,Eco,4799,5,3,2,1,2,5,3,3,4,3,5,3,4,3,6,13.0,satisfied
2548,Female,Loyal Customer,25,Business travel,Business,3278,4,3,3,2,3,2,3,5,4,3,1,3,4,3,25,33.0,satisfied
2549,Male,Loyal Customer,72,Business travel,Business,3673,2,4,1,1,3,4,5,1,4,2,4,3,5,5,7,0.0,satisfied
2550,Male,Loyal Customer,62,Business travel,Business,668,2,2,4,3,3,1,5,5,5,3,2,2,3,3,1,0.0,satisfied
2551,Female,Loyal Customer,25,Personal Travel,Business,2354,5,5,4,2,1,4,3,2,2,4,3,4,4,2,3,13.0,neutral or dissatisfied
2552,Male,Loyal Customer,66,Business travel,Business,3126,4,2,3,1,5,2,3,1,3,3,3,1,1,3,1,0.0,satisfied
2553,Male,Loyal Customer,13,Personal Travel,Business,2944,2,3,3,4,2,4,3,2,3,0,3,2,3,3,11,15.0,satisfied
2554,Male,Loyal Customer,37,Business travel,Eco,4737,3,3,4,2,3,5,4,3,4,3,3,5,3,1,28,24.0,neutral or dissatisfied
2555,Female,Loyal Customer,34,Personal Travel,Eco,2404,3,3,3,3,2,3,3,2,4,4,2,3,3,3,2,0.0,neutral or dissatisfied
2556,Male,Loyal Customer,58,Personal Travel,Eco,1890,3,2,5,2,4,3,1,2,4,2,5,3,4,5,7,2.0,neutral or dissatisfied
2557,Female,Loyal Customer,48,Business travel,Business,4724,3,3,2,4,3,3,4,2,3,4,2,3,3,3,0,12.0,neutral or dissatisfied
2558,Female,Loyal Customer,54,Business travel,Eco,1719,5,2,4,3,2,3,4,2,4,2,2,1,3,4,12,19.0,neutral or dissatisfied
2559,Male,Loyal Customer,44,Personal Travel,Business,2872,2,5,3,2,4,4,4,2,3,3,3,3,2,4,9,9.0,satisfied
2560,Female,Loyal Customer,64,Personal Travel,Business,189,4,2,2,1,2,3,5,3,5,3,2,4,3,5,21,38.0,satisfied
2561,Female,disloyal Customer,19,Business travel,Eco,869,3,4,5,5,3,1,3,3,3,2,4,4,1,4,30,16.0,satisfied
2562,Male,Loyal Customer,63,Business travel,Eco,334,2,4,5,5,4,4,3,0,4,4,3,3,3,3,11,6.0,satisfied
2563,Female,Loyal Customer,10,Personal Travel,Eco Plus,2118,4,3,3,5,5,4,4,3,3,4,3,3,2,3,14,26.0,neutral or dissatisfied
2564,Male,Loyal Customer,13,Business travel,Eco,4661,1,3,3,2,2,3,2,4,4,2,3,4,5,4,10,9.0,neutral or dissatisfied
2565,Male,Loyal Customer,63,Business travel,Eco,402,0,3,2,2,2,2,3,3,3,3,4,2,4,3,13,12.0,neutral or dissatisfied
2566,Male,Loyal Customer,19,Business travel,Eco,4878,3,4,3,3,3,2,3,2,5,5,3,4,4,3,13,13.0,neutral or dissatisfied
2567,Female,Loyal Customer,67,Business travel,Eco,4351,3,3,2,2,1,2,4,4,3,4,1,3,2,4,7,4.0,satisfied
2568,Female,Loyal Customer,17,Personal Travel,Business,77,2,1,2,2,4,3,3,2,4,1,2,3,4,3,0,7.0,neutral or dissatisfied
2569,Male,Loyal Customer,18,Business travel,Business,126,1,1,5,5,2,1,2,3,3,4,4,5,2,1,0,0.0,satisfied
2570,Female,Loyal Customer,79,Personal Travel,Eco Plus,4508,5,5,3,3,3,4,3,3,3,0,4,3,4,2,5,26.0,neutral or dissatisfied
2571,Female,Loyal Customer,20,Business travel,Eco Plus,2947,4,0,3,2,3,3,4,4,3,4,3,3,3,5,19,8.0,satisfied
2572,Female,disloyal Customer,78,Business travel,Business,911,3,3,2,4,3,5,3,4,4,2,3,3,2,3,1,14.0,satisfied
2573,Female,Loyal Customer,34,Business travel,Business,4771,5,3,3,2,2,4,2,3,2,4,3,1,2,4,31,,satisfied
2574,Male,Loyal Customer,69,Business travel,Business,2828,4,3,1,1,5,2,2,4,3,3,4,4,4,2,9,4.0,satisfied
2575,Female,disloyal Customer,80,Personal Travel,Eco,3194,5,2,2,2,0,1,3,2,3,3,4,0,4,4,19,21.0,neutral or dissatisfied
2576,Male,Loyal Customer,16,Business travel,Business,3406,2,3,2,2,2,2,3,5,4,4,3,4,2,4,14,20.0,satisfied
2577,Male,disloyal Customer,32,Personal Travel,Eco,1048,2,3,4,3,2,5,3,0,3,2,4,2,4,5,17,,neutral or dissatisfied
2578,Male,Loyal Customer,51,Business travel,Business,1827,4,5,1,3,2,4,3,5,3,2,4,2,3,5,9,,satisfied
2579,Female,Loyal Customer,74,Business travel,Business,686,3,3,2,4,4,4,4,2,2,4,2,3,2,4,23,26.0,satisfied
2580,Female,Loyal Customer,21,Business travel,Business,2668,4,4,1,3,1,3,4,4,4,3,2,2,3,3,7,0.0,satisfied
2581,Male,Loyal Customer,21,Personal Travel,Eco,4937,1,1,2,2,5,4,4,5,4,2,5,3,2,2,0,8.0,neutral or dissatisfied
2582,Male,Loyal Customer,35,Business travel,Business,3156,4,4,2,4,3,2,4,4,4,3,4,2,2,3,14,22.0,neutral or dissatisfied
2583,Male,disloyal Customer,22,Business travel,Business,3475,4,3,4,4,2,4,5,4,3,3,5,2,3,3,5,0.0,satisfied
2584,Female,disloyal Customer,27,Business travel,Eco,1009,4,3,3,3,1,2,2,4,3,3,4,3,4,3,7,0.0,satisfied
2585,Male,Loyal Customer,17,Business travel,Eco,2732,3,3,3,3,3,1,3,2,3,3,4,4,4,4,1,0.0,satisfied
2586,Female,Loyal Customer,71,Business travel,Business,4971,4,5,3,2,2,5,3,2,3,2,1,4,4,3,14,13.0,satisfied
2587,Male,Loyal Customer,69,Business travel,Eco,486,2,3,3,2,3,3,5,3,3,5,2,2,4,3,4,4.0,neutral or dissatisfied
2588,Male,disloyal Customer,18,Personal Travel,Business,1059,3,2,5,5,3,3,3,3,2,3,4,3,1,5,0,3.0,satisfied
2589,Female,Loyal Customer,48,Business travel,Eco,3613,2,2,2,2,4,1,2,3,1,1,2,2,2,3,3,2.0,satisfied
2590,Male,disloyal Customer,57,Business travel,Business,101,2,4,3,3,3,4,3,5,3,3,3,2,4,2,23,23.0,satisfied
2591,Male,Loyal Customer,55,Business travel,Eco,1072,3,3,4,1,3,4,3,4,3,2,4,2,3,4,38,32.0,satisfied
2592,Male,Loyal Customer,83,Personal Travel,Eco Plus,4724,2,1,2,4,4,3,5,2,4,3,3,3,3,3,16,8.0,neutral or dissatisfied
2593,Female,Loyal Customer,57,Business travel,Eco,144,2,4,3,2,3,4,3,4,3,3,4,2,4,3,3,7.0,satisfied
2594,Male,Loyal Customer,60,Business travel,Eco,2174,2,2,2,5,4,4,2,1,3,4,5,3,5,2,0,4.0,satisfied
2595,Male,Loyal Customer,9,Personal Travel,Business,1683,5,3,3,5,4,4,2,1,3,4,5,2,4,5,9,7.0,neutral or dissatisfied
2596,Male,disloyal Customer,13,Business travel,Eco,2023,2,2,3,4,3,1,3,2,5,3,3,4,2,5,1,0.0,neutral or dissatisfied
2597,Female,Loyal Customer,55,Business travel,Business,1327,3,3,3,3,3,2,5,3,3,5,5,4,2,2,15,27.0,neutral or dissatisfied
2598,Female,Loyal Customer,77,Business travel,Business,1414,1,2,2,3,4,5,4,2,1,2,2,5,2,4,1,14.0,satisfied
2599,Female,Loyal Customer,38,Business travel,Eco,3815,4,5,5,3,0,3,4,4,2,5,3,4,5,4,12,21.0,neutral or dissatisfied
2600,Male,Loyal Customer,57,Personal Travel,Eco,177,3,3,4,3,3,3,3,3,5,5,4,2,4,1,5,10.0,neutral or dissatisfied
2601,Female,Loyal Customer,23,Personal Travel,Eco,691,3,4,1,3,3,2,3,4,5,3,3,2,3,3,17,9.0,neutral or dissatisfied
2602,Male,disloyal Customer,42,Personal Travel,Eco,1359,3,5,3,4,3,2,4,4,4,4,3,3,2,1,1,11.0,satisfied
2603,Female,disloyal Customer,65,Personal Travel,Eco,4141,4,3,1,2,2,5,4,2,4,4,2,2,4,3,18,22.0,neutral or dissatisfied
2604,Female,Loyal Customer,58,Personal Travel,Eco,1996,0,5,4,5,4,5,4,4,4,3,3,3,3,5,0,0.0,satisfied
2605,Female,Loyal Customer,15,Business travel,Eco,222,2,2,3,3,2,4,3,2,3,2,1,3,2,2,19,24.0,neutral or dissatisfied
2606,Female,Loyal Customer,75,Business travel,Eco,2625,3,4,3,2,2,4,3,4,4,3,3,4,3,5,38,34.0,neutral or dissatisfied
2607,Female,disloyal Customer,79,Business travel,Business,3155,3,2,2,3,2,4,4,3,4,3,3,4,4,5,4,10.0,neutral or dissatisfied
2608,Male,Loyal Customer,44,Personal Travel,Eco,2315,5,3,3,3,4,3,3,5,4,2,4,3,3,3,7,16.0,satisfied
2609,Female,Loyal Customer,33,Personal Travel,Eco,488,3,4,4,1,1,2,5,4,3,2,2,1,2,4,11,15.0,neutral or dissatisfied
2610,Female,disloyal Customer,48,Personal Travel,Eco Plus,4401,4,4,4,2,5,2,4,2,3,2,4,4,3,3,9,3.0,neutral or dissatisfied
2611,Female,disloyal Customer,69,Business travel,Business,4298,5,2,4,1,5,5,2,3,2,2,4,2,3,3,7,11.0,neutral or dissatisfied
2612,Female,Loyal Customer,42,Business travel,Business,4561,4,2,1,2,2,3,2,5,4,2,3,3,1,3,37,41.0,satisfied
2613,Male,Loyal Customer,9,Personal Travel,Business,4821,2,4,3,2,4,4,3,2,4,2,4,3,3,2,66,61.0,neutral or dissatisfied
2614,Female,Loyal Customer,12,Business travel,Business,1619,2,3,3,3,3,3,2,2,4,3,3,3,2,4,0,0.0,neutral or dissatisfied
2615,Male,Loyal Customer,70,Business travel,Eco,2137,4,1,2,2,5,3,3,2,4,2,0,2,4,3,10,25.0,neutral or dissatisfied
2616,Female,Loyal Customer,68,Business travel,Business,4799,5,3,1,2,4,4,2,2,2,4,2,2,1,2,3,16.0,satisfied
2617,Female,Loyal Customer,67,Business travel,Business,2276,4,3,2,4,5,4,3,2,4,5,5,3,2,4,29,25.0,satisfied
2618,Male,Loyal Customer,16,Business travel,Eco,4331,4,3,5,5,1,2,3,3,3,4,4,4,1,4,28,12.0,neutral or dissatisfied
2619,Female,Loyal Customer,20,Personal Travel,Business,3256,5,4,2,2,3,5,3,4,3,2,3,3,4,4,2,13.0,neutral or dissatisfied
2620,Female,Loyal Customer,37,Personal Travel,Business,4641,4,4,3,4,1,2,3,1,2,3,4,3,2,3,7,23.0,neutral or dissatisfied
2621,Female,Loyal Customer,25,Business travel,Eco,101,2,2,3,3,2,3,2,3,3,2,4,2,2,4,11,23.0,satisfied
2622,Male,disloyal Customer,37,Business travel,Eco,3546,3,3,3,1,5,2,5,2,3,3,5,4,3,5,11,9.0,satisfied
2623,Male,Loyal Customer,50,Personal Travel,Eco Plus,4014,5,4,3,2,4,3,4,2,2,3,3,4,3,3,4,9.0,neutral or dissatisfied
2624,Female,disloyal Customer,28,Business travel,Eco,1031,3,2,4,0,4,2,3,4,1,3,3,3,4,3,32,25.0,neutral or dissatisfied
2625,Female,Loyal Customer,16,Business travel,Eco Plus,3690,5,3,3,3,4,3,2,2,3,2,3,2,4,4,4,12.0,satisfied
2626,Female,Loyal Customer,38,Business travel,Business,1016,3,1,2,2,3,4,2,2,4,2,3,3,4,1,12,8.0,satisfied
2627,Female,disloyal Customer,63,Business travel,Eco,4528,3,3,3,3,2,3,2,4,4,4,3,3,5,2,8,3.0,neutral or dissatisfied
2628,Male,Loyal Customer,55,Business travel,Eco,4547,3,3,2,5,2,5,4,5,4,3,3,3,4,3,9,9.0,satisfied
2629,Female,Loyal Customer,32,Personal Travel,Eco,68,3,1,4,5,2,4,4,3,3,2,3,2,4,3,8,4.0,satisfied
2630,Male,Loyal Customer,31,Business travel,Business,2559,3,2,2,2,0,3,3,2,3,2,3,3,3,3,0,5.0,satisfied
2631,Female,Loyal Customer,52,Business travel,Business,1943,1,1,2,2,3,3,5,3,3,3,5,3,4,3,0,0.0,satisfied
2632,Female,Loyal Customer,20,Business travel,Business,4457,3,4,4,4,3,4,4,2,4,3,2,3,1,2,2,22.0,satisfied
2633,Female,Loyal Customer,72,Personal Travel,Eco,1635,2,1,3,2,2,4,3,3,5,2,4,3,3,4,5,9.0,neutral or dissatisfied
2634,Female,Loyal Customer,74,Business travel,Eco,3616,3,3,3,4,3,2,4,4,3,3,2,4,1,4,7,5.0,satisfied
2635,Male,Loyal Customer,8,Business travel,Business,627,2,4,4,5,4,4,4,3,3,2,4,3,2,3,2,0.0,neutral or dissatisfied
2636,Male,Loyal Customer,82,Business travel,Eco,1101,4,3,2,4,4,2,3,3,3,2,4,5,2,4,42,40.0,satisfied
2637,Male,Loyal Customer,8,Personal Travel,Eco,4926,4,3,4,4,2,4,3,3,3,3,2,3,4,3,11,10.0,satisfied
2638,Female,Loyal Customer,42,Personal Travel,Eco,1954,4,3,4,4,2,4,3,4,3,3,2,2,4,3,15,13.0,neutral or dissatisfied
2639,Male,Loyal Customer,59,Business travel,Business,3840,2,4,4,2,4,4,1,4,3,3,4,4,5,2,7,4.0,neutral or dissatisfied
2640,Female,Loyal Customer,32,Business travel,Eco,4840,3,3,5,3,4,1,2,1,2,4,3,3,2,1,25,,neutral or dissatisfied
2641,Male,Loyal Customer,22,Personal Travel,Eco,4827,2,1,2,2,4,1,5,1,4,3,5,3,2,3,3,10.0,neutral or dissatisfied
2642,Male,Loyal Customer,10,Personal Travel,Eco,146,3,4,2,4,4,4,2,3,5,4,2,4,4,5,11,22.0,neutral or dissatisfied
2643,Male,Loyal Customer,63,Personal Travel,Eco,1201,4,3,4,2,5,1,1,4,3,2,4,2,3,3,2,0.0,satisfied
2644,Male,Loyal Customer,9,Personal Travel,Eco,3587,4,3,4,4,3,4,4,4,5,3,5,1,2,1,13,13.0,neutral or dissatisfied
2645,Male,Loyal Customer,44,Business travel,Business,4637,4,1,2,4,5,4,3,4,3,3,4,3,4,4,10,0.0,neutral or dissatisfied
2646,Male,disloyal Customer,37,Business travel,Eco,4894,4,3,4,2,2,4,4,3,2,4,2,3,4,3,2,0.0,satisfied
2647,Female,disloyal Customer,82,Business travel,Business,3615,3,2,5,2,5,3,3,5,4,3,2,4,4,4,5,20.0,satisfied
2648,Female,Loyal Customer,79,Personal Travel,Eco,565,3,2,3,3,4,4,4,2,2,5,3,3,4,4,12,21.0,neutral or dissatisfied
2649,Female,Loyal Customer,70,Business travel,Eco,3725,4,3,4,2,4,3,5,3,4,2,4,1,3,3,42,46.0,neutral or dissatisfied
2650,Male,Loyal Customer,63,Business travel,Eco,1396,4,2,5,3,4,2,3,2,3,2,2,2,5,4,14,5.0,neutral or dissatisfied
2651,Female,disloyal Customer,49,Personal Travel,Eco,4052,2,2,5,2,2,4,4,3,3,3,3,2,4,3,19,14.0,neutral or dissatisfied
2652,Female,Loyal Customer,34,Business travel,Business,2757,3,4,3,2,2,5,4,2,3,3,3,1,3,1,3,0.0,satisfied
2653,Female,Loyal Customer,19,Personal Travel,Business,960,3,3,4,4,3,4,3,5,2,2,5,3,4,3,3,11.0,neutral or dissatisfied
2654,Male,Loyal Customer,82,Business travel,Eco,4226,1,2,2,4,3,3,5,5,4,3,5,4,3,2,0,10.0,satisfied
2655,Female,Loyal Customer,37,Business travel,Business,4944,3,2,3,3,5,4,4,3,3,2,3,4,2,2,4,4.0,satisfied
2656,Female,disloyal Customer,40,Business travel,Business,2557,2,2,3,1,2,5,2,4,4,3,2,4,3,2,7,14.0,neutral or dissatisfied
2657,Male,disloyal Customer,18,Personal Travel,Eco Plus,4072,3,3,1,4,5,4,5,3,3,1,3,2,5,4,3,0.0,satisfied
2658,Male,Loyal Customer,28,Personal Travel,Business,345,1,4,1,3,3,4,2,0,3,3,3,4,4,3,2,4.0,neutral or dissatisfied
2659,Female,Loyal Customer,56,Business travel,Business,1392,2,2,3,5,3,1,2,2,4,3,5,3,4,1,10,18.0,neutral or dissatisfied
2660,Male,Loyal Customer,40,Business travel,Business,679,3,5,3,3,3,4,4,4,4,3,3,3,2,2,6,18.0,neutral or dissatisfied
2661,Male,Loyal Customer,52,Business travel,Eco,1455,4,4,2,3,3,4,4,4,3,4,2,2,2,3,25,16.0,satisfied
2662,Female,disloyal Customer,23,Personal Travel,Business,1910,2,0,5,3,4,4,3,3,3,3,3,3,3,3,3,14.0,neutral or dissatisfied
2663,Male,Loyal Customer,13,Personal Travel,Eco,2185,2,3,2,3,3,4,3,4,2,3,3,3,3,3,6,25.0,satisfied
2664,Male,Loyal Customer,76,Personal Travel,Eco,1646,3,4,3,5,1,5,3,3,3,3,3,1,3,4,0,0.0,neutral or dissatisfied
2665,Male,Loyal Customer,40,Business travel,Business,2746,3,3,3,3,3,1,3,2,3,4,2,4,3,4,1,0.0,satisfied
2666,Female,Loyal Customer,35,Business travel,Eco,1137,4,3,3,4,4,4,4,4,3,1,2,3,2,3,0,13.0,satisfied
2667,Male,Loyal Customer,29,Business travel,Business,1771,2,3,4,3,1,4,3,3,1,0,4,4,2,2,2,,satisfied
2668,Female,Loyal Customer,58,Business travel,Eco,4208,3,3,4,4,4,4,2,4,4,4,3,2,3,3,5,4.0,satisfied
2669,Male,disloyal Customer,50,Business travel,Business,2833,5,4,4,1,4,5,2,1,4,2,2,4,4,1,3,13.0,satisfied
2670,Female,Loyal Customer,37,Business travel,Business,183,3,1,4,5,5,2,3,3,3,1,4,1,4,4,0,0.0,neutral or dissatisfied
2671,Female,Loyal Customer,79,Business travel,Business,1674,3,2,2,3,3,5,3,4,2,3,1,4,2,2,9,11.0,satisfied
2672,Female,Loyal Customer,77,Personal Travel,Business,4155,1,5,4,3,1,4,2,4,2,2,3,4,2,5,2,0.0,satisfied
2673,Female,Loyal Customer,22,Business travel,Eco,941,2,3,2,4,4,3,1,3,2,3,3,2,2,1,12,19.0,neutral or dissatisfied
2674,Male,Loyal Customer,57,Personal Travel,Business,4612,4,5,3,3,4,2,4,4,3,4,4,4,4,4,5,12.0,satisfied
2675,Female,Loyal Customer,82,Personal Travel,Eco Plus,1514,3,5,3,2,2,3,2,3,3,3,3,5,3,1,3,5.0,satisfied
2676,Female,Loyal Customer,45,Business travel,Business,3169,4,2,3,0,3,4,2,2,4,4,4,2,3,2,21,21.0,neutral or dissatisfied
2677,Female,Loyal Customer,9,Business travel,Eco,2401,3,2,2,5,4,4,5,3,4,2,2,5,4,4,20,20.0,satisfied
2678,Female,Loyal Customer,17,Personal Travel,Eco,3145,2,3,3,3,5,3,4,3,5,0,4,1,5,4,24,24.0,neutral or dissatisfied
2679,Female,Loyal Customer,59,Business travel,Business,3996,4,4,5,2,3,4,4,4,3,3,5,3,2,4,11,11.0,satisfied
2680,Male,disloyal Customer,77,Business travel,Eco,787,2,4,2,2,4,3,4,3,2,3,2,0,5,4,19,26.0,satisfied
2681,Male,disloyal Customer,17,Business travel,Eco,1793,2,5,3,5,3,5,5,3,5,1,3,4,4,4,18,5.0,satisfied
2682,Male,Loyal Customer,49,Personal Travel,Eco,2863,3,3,2,2,3,5,4,2,3,4,4,1,5,4,8,23.0,neutral or dissatisfied
2683,Male,Loyal Customer,45,Personal Travel,Eco Plus,1339,5,4,4,4,4,2,3,4,1,1,2,1,5,3,10,12.0,neutral or dissatisfied
2684,Female,Loyal Customer,29,Personal Travel,Eco,1907,2,2,2,3,2,3,2,4,3,3,4,3,3,3,18,36.0,neutral or dissatisfied
2685,Female,disloyal Customer,56,Personal Travel,Business,4434,3,0,3,2,3,4,2,4,1,4,3,4,2,4,27,29.0,neutral or dissatisfied
2686,Male,Loyal Customer,75,Business travel,Eco,1183,3,3,2,4,3,4,3,2,3,3,2,3,4,4,10,10.0,satisfied
2687,Male,Loyal Customer,25,Personal Travel,Business,989,4,2,4,4,1,2,2,3,3,3,3,3,2,3,1,6.0,neutral or dissatisfied
2688,Female,Loyal Customer,11,Personal Travel,Eco,2937,4,4,3,2,4,4,2,2,4,2,3,5,3,3,1,0.0,neutral or dissatisfied
2689,Female,disloyal Customer,35,Business travel,Eco,543,3,1,3,3,4,3,3,3,4,3,4,2,2,3,8,1.0,neutral or dissatisfied
2690,Female,Loyal Customer,31,Personal Travel,Eco,55,4,2,4,3,3,3,5,5,3,4,3,2,3,2,24,24.0,satisfied
2691,Female,Loyal Customer,63,Personal Travel,Eco,4354,4,3,2,3,3,2,2,4,3,2,5,4,1,4,16,17.0,satisfied
2692,Female,Loyal Customer,48,Business travel,Business,1418,5,3,2,5,3,4,3,2,4,2,3,3,3,4,9,17.0,satisfied
2693,Female,Loyal Customer,8,Business travel,Eco,646,4,3,3,3,4,3,2,3,2,4,4,5,3,4,27,28.0,satisfied
2694,Male,disloyal Customer,33,Business travel,Business,3297,3,5,1,3,3,4,3,3,3,5,3,2,3,3,3,15.0,satisfied
2695,Female,Loyal Customer,64,Personal Travel,Eco,2430,2,5,1,3,2,3,4,3,4,5,2,1,3,5,0,0.0,satisfied
2696,Male,Loyal Customer,44,Business travel,Eco,2302,1,2,2,2,2,3,2,2,2,0,5,1,2,3,6,21.0,neutral or dissatisfied
2697,Male,Loyal Customer,50,Business travel,Business,2219,3,5,2,1,3,4,3,4,3,4,3,4,4,5,3,1.0,satisfied
2698,Male,Loyal Customer,27,Business travel,Eco,770,3,5,3,3,2,2,3,1,3,2,2,4,3,2,1,7.0,neutral or dissatisfied
2699,Male,Loyal Customer,31,Personal Travel,Business,4299,3,3,4,4,3,5,4,1,5,5,4,4,5,3,6,16.0,satisfied
2700,Male,Loyal Customer,17,Personal Travel,Eco,56,4,3,4,3,2,3,3,5,2,2,4,4,4,2,3,0.0,neutral or dissatisfied
2701,Female,disloyal Customer,13,Personal Travel,Eco Plus,2441,1,3,5,3,2,3,5,3,3,2,2,4,4,2,4,16.0,satisfied
2702,Female,Loyal Customer,9,Business travel,Eco,1388,3,2,3,2,5,3,3,5,5,3,3,2,3,2,19,25.0,satisfied
2703,Male,Loyal Customer,55,Business travel,Eco,3226,5,2,3,3,5,3,4,2,4,3,4,1,5,3,16,30.0,neutral or dissatisfied
2704,Female,Loyal Customer,19,Business travel,Business,2767,4,4,3,3,3,4,3,1,3,3,3,1,3,3,15,16.0,neutral or dissatisfied
2705,Male,Loyal Customer,51,Business travel,Business,1955,4,3,3,4,4,2,4,2,3,4,4,1,5,1,0,0.0,neutral or dissatisfied
2706,Male,Loyal Customer,81,Business travel,Business,2696,3,2,3,3,4,3,5,5,4,4,3,1,5,3,1,0.0,neutral or dissatisfied
2707,Female,Loyal Customer,61,Personal Travel,Business,1173,3,2,4,3,3,3,3,2,4,2,1,2,3,3,8,4.0,neutral or dissatisfied
2708,Male,Loyal Customer,51,Business travel,Business,698,1,2,4,4,3,5,3,5,5,5,3,2,3,1,16,16.0,satisfied
2709,Female,Loyal Customer,16,Business travel,Eco,4531,4,3,4,4,3,4,3,4,4,2,3,4,2,4,20,25.0,neutral or dissatisfied
2710,Female,Loyal Customer,45,Business travel,Eco,3087,0,4,5,4,4,5,3,3,2,2,3,3,2,4,22,28.0,neutral or dissatisfied
2711,Male,Loyal Customer,76,Personal Travel,Business,3286,3,2,3,1,4,3,2,2,1,5,3,5,4,4,5,0.0,neutral or dissatisfied
2712,Male,Loyal Customer,36,Business travel,Eco,4994,3,4,2,4,5,5,3,2,3,3,3,2,3,5,10,10.0,satisfied
2713,Female,Loyal Customer,71,Business travel,Eco,4525,3,3,3,3,3,5,2,4,1,2,3,3,4,2,18,20.0,neutral or dissatisfied
2714,Female,disloyal Customer,62,Business travel,Business,2945,5,3,3,3,5,4,2,5,5,3,4,4,3,2,15,0.0,satisfied
2715,Female,Loyal Customer,27,Business travel,Eco,3972,5,4,2,2,3,4,0,3,2,4,4,2,4,3,25,32.0,neutral or dissatisfied
2716,Male,Loyal Customer,18,Business travel,Business,2661,4,4,2,5,5,3,5,4,3,3,2,3,3,3,6,5.0,neutral or dissatisfied
2717,Male,Loyal Customer,8,Business travel,Eco,1227,2,1,2,0,2,5,5,3,2,4,5,5,3,3,0,0.0,satisfied
2718,Female,Loyal Customer,28,Personal Travel,Eco,3132,5,2,3,5,2,3,4,5,1,2,2,3,3,4,2,14.0,neutral or dissatisfied
2719,Female,Loyal Customer,32,Business travel,Business,4569,4,3,3,3,5,4,2,3,4,2,2,5,4,3,3,0.0,neutral or dissatisfied
2720,Male,Loyal Customer,58,Business travel,Business,4404,2,3,1,1,4,4,2,5,3,2,4,1,3,4,25,19.0,neutral or dissatisfied
2721,Female,Loyal Customer,51,Business travel,Eco,2550,3,5,2,5,4,2,1,2,5,2,3,5,4,2,20,3.0,neutral or dissatisfied
2722,Female,Loyal Customer,44,Business travel,Business,4732,4,3,5,4,3,3,4,3,5,3,3,4,2,3,26,26.0,satisfied
2723,Male,Loyal Customer,63,Business travel,Eco,1027,2,5,4,0,2,3,5,4,3,2,2,2,3,2,27,36.0,neutral or dissatisfied
2724,Male,Loyal Customer,67,Business travel,Eco,253,3,2,3,3,2,3,3,3,1,3,3,3,1,0,15,0.0,neutral or dissatisfied
2725,Female,Loyal Customer,62,Personal Travel,Business,2046,3,2,2,4,3,3,4,4,3,4,3,2,3,1,5,0.0,satisfied
2726,Female,Loyal Customer,76,Personal Travel,Eco,1064,2,3,3,5,3,5,4,2,5,2,3,2,2,4,52,53.0,neutral or dissatisfied
2727,Male,Loyal Customer,35,Personal Travel,Eco,4790,3,2,3,3,1,2,2,3,4,2,3,1,4,4,3,0.0,neutral or dissatisfied
2728,Male,Loyal Customer,71,Business travel,Business,623,2,4,2,0,5,2,4,2,3,2,3,1,4,2,0,0.0,satisfied
2729,Female,Loyal Customer,39,Personal Travel,Eco Plus,2696,4,0,2,5,3,3,4,3,3,3,4,2,5,4,36,37.0,satisfied
2730,Male,Loyal Customer,21,Personal Travel,Eco,3873,2,2,2,4,4,4,2,3,4,3,2,4,5,1,5,20.0,satisfied
2731,Female,Loyal Customer,18,Business travel,Eco,598,3,4,1,1,2,4,4,3,4,4,0,1,3,2,3,3.0,neutral or dissatisfied
2732,Female,disloyal Customer,14,Business travel,Business,275,1,3,2,3,3,4,3,4,4,4,5,5,2,3,3,5.0,satisfied
2733,Female,Loyal Customer,81,Personal Travel,Business,2790,2,4,3,3,4,4,3,2,4,2,2,4,4,4,11,15.0,satisfied
2734,Male,Loyal Customer,20,Personal Travel,Eco,4518,2,5,2,3,4,3,4,1,4,4,3,4,3,5,1,0.0,satisfied
2735,Male,disloyal Customer,72,Business travel,Eco,130,3,3,3,2,3,3,4,3,4,5,3,3,3,3,16,19.0,satisfied
2736,Male,Loyal Customer,68,Business travel,Business,151,3,4,1,2,4,2,4,5,1,4,2,5,3,3,4,0.0,satisfied
2737,Female,Loyal Customer,41,Business travel,Eco,4631,3,5,4,3,4,2,2,4,2,3,3,1,3,4,0,0.0,neutral or dissatisfied
2738,Male,Loyal Customer,78,Business travel,Eco,3032,1,3,5,3,3,3,4,2,3,3,3,5,5,5,17,26.0,neutral or dissatisfied
2739,Male,Loyal Customer,77,Personal Travel,Business,3521,3,3,4,4,2,4,2,4,3,1,4,5,3,5,8,6.0,satisfied
2740,Male,Loyal Customer,79,Business travel,Eco,1414,2,4,4,1,2,3,3,3,5,3,3,3,3,2,14,23.0,neutral or dissatisfied
2741,Male,Loyal Customer,45,Personal Travel,Eco,1596,4,4,4,3,3,3,3,4,5,1,1,3,4,4,2,0.0,satisfied
2742,Male,Loyal Customer,30,Personal Travel,Eco,2379,3,3,3,4,3,2,4,4,4,4,2,2,5,2,10,12.0,neutral or dissatisfied
2743,Female,Loyal Customer,10,Business travel,Eco,1109,3,2,3,3,5,5,3,3,4,3,4,3,3,5,0,2.0,satisfied
2744,Female,Loyal Customer,72,Personal Travel,Eco,2237,2,5,2,3,4,2,3,3,2,3,2,3,1,4,0,0.0,satisfied
2745,Male,Loyal Customer,75,Personal Travel,Eco Plus,4772,5,3,4,5,2,3,5,5,3,2,4,0,3,2,4,8.0,satisfied
2746,Male,Loyal Customer,48,Business travel,Eco,3757,2,4,4,4,5,4,3,4,3,1,2,4,1,4,1,0.0,neutral or dissatisfied
2747,Male,Loyal Customer,12,Business travel,Business,4351,3,3,2,3,3,3,3,3,2,4,4,4,3,4,7,8.0,neutral or dissatisfied
2748,Female,Loyal Customer,71,Personal Travel,Business,2508,3,5,4,3,4,2,1,3,4,4,3,2,5,4,16,20.0,neutral or dissatisfied
2749,Male,disloyal Customer,30,Business travel,Eco Plus,3948,3,2,2,4,2,4,3,3,3,4,2,3,2,3,13,11.0,neutral or dissatisfied
2750,Female,Loyal Customer,49,Business travel,Eco,2135,2,2,2,4,3,2,2,2,1,1,2,4,2,3,10,11.0,satisfied
2751,Male,Loyal Customer,58,Business travel,Business,3106,1,4,4,2,4,5,3,4,4,4,2,2,4,4,2,20.0,satisfied
2752,Male,Loyal Customer,18,Business travel,Business,3664,2,2,3,2,2,4,3,5,5,3,4,4,3,5,18,15.0,satisfied
2753,Female,Loyal Customer,11,Business travel,Business,4133,2,3,3,3,3,3,2,4,4,4,2,3,5,5,5,0.0,satisfied
2754,Female,Loyal Customer,13,Business travel,Eco,4632,5,5,3,2,4,2,2,4,3,0,3,5,3,3,38,54.0,neutral or dissatisfied
2755,Female,disloyal Customer,81,Business travel,Eco,572,5,1,3,1,2,2,1,2,2,3,3,3,4,1,8,10.0,neutral or dissatisfied
2756,Female,Loyal Customer,81,Business travel,Eco,3979,3,3,1,2,1,3,3,3,2,3,3,2,2,3,12,21.0,satisfied
2757,Female,Loyal Customer,40,Personal Travel,Business,3562,1,4,2,3,4,5,2,2,4,3,3,3,2,3,10,,satisfied
2758,Female,disloyal Customer,40,Business travel,Eco,3696,4,3,2,5,5,3,5,3,2,3,1,3,3,4,5,0.0,satisfied
2759,Male,Loyal Customer,38,Personal Travel,Business,122,2,2,3,2,4,4,5,4,5,2,2,5,3,4,8,2.0,satisfied
2760,Male,disloyal Customer,34,Personal Travel,Business,2464,2,3,4,3,4,4,5,2,4,1,2,5,5,4,11,10.0,satisfied
2761,Male,Loyal Customer,49,Business travel,Business,4806,2,2,4,3,2,5,2,3,4,2,0,2,4,4,9,6.0,satisfied
2762,Male,Loyal Customer,34,Business travel,Eco,4506,2,3,2,2,5,3,3,4,5,3,4,3,4,3,8,5.0,satisfied
2763,Male,disloyal Customer,55,Business travel,Eco,1192,3,3,2,2,3,5,2,5,5,4,4,2,3,3,16,2.0,neutral or dissatisfied
2764,Male,Loyal Customer,36,Personal Travel,Business,2457,2,2,2,3,4,3,5,1,3,4,2,2,2,2,0,1.0,neutral or dissatisfied
2765,Male,Loyal Customer,56,Business travel,Business,4326,2,4,5,2,4,2,4,3,2,3,5,0,5,3,24,23.0,satisfied
2766,Female,Loyal Customer,80,Business travel,Eco,4654,4,5,3,2,4,3,2,2,3,2,3,5,1,4,1,0.0,satisfied
2767,Male,Loyal Customer,23,Business travel,Business,1689,3,3,3,3,4,3,4,2,3,5,4,2,3,4,9,7.0,satisfied
2768,Female,Loyal Customer,11,Business travel,Eco,4024,3,4,1,3,4,4,2,3,2,4,4,3,4,0,3,3.0,satisfied
2769,Male,Loyal Customer,48,Personal Travel,Business,4182,1,5,2,1,3,1,3,1,2,4,3,5,5,4,3,11.0,satisfied
2770,Female,Loyal Customer,16,Personal Travel,Business,793,4,2,3,3,4,3,3,3,3,2,1,2,5,2,5,1.0,satisfied
2771,Female,Loyal Customer,25,Business travel,Business,208,2,3,2,2,2,3,4,3,4,3,3,3,4,4,6,13.0,neutral or dissatisfied
2772,Male,Loyal Customer,68,Business travel,Eco,282,4,3,3,2,3,2,4,2,5,2,4,3,5,2,24,31.0,neutral or dissatisfied
2773,Male,Loyal Customer,39,Business travel,Business,769,3,1,3,4,5,2,3,3,3,5,2,3,3,4,21,15.0,satisfied
2774,Female,Loyal Customer,49,Business travel,Business,3717,2,3,4,3,3,3,3,3,4,2,3,2,4,2,5,10.0,neutral or dissatisfied
2775,Female,Loyal Customer,67,Business travel,Eco,1978,1,2,1,5,3,3,0,3,1,2,3,4,5,3,12,21.0,neutral or dissatisfied
2776,Male,Loyal Customer,17,Business travel,Business,3444,5,4,2,3,4,3,5,1,4,2,2,3,2,4,6,14.0,neutral or dissatisfied
2777,Female,Loyal Customer,44,Personal Travel,Eco,494,4,1,3,4,4,1,2,4,2,3,3,3,4,3,3,5.0,neutral or dissatisfied
2778,Female,Loyal Customer,9,Business travel,Business,3030,4,3,2,4,2,3,3,4,4,4,3,2,4,4,11,11.0,neutral or dissatisfied
2779,Male,Loyal Customer,45,Personal Travel,Eco,3738,5,1,3,3,4,2,5,2,3,3,4,3,4,4,0,0.0,neutral or dissatisfied
2780,Male,Loyal Customer,24,Business travel,Business,4882,3,4,3,2,3,1,2,5,3,3,3,4,2,3,10,19.0,neutral or dissatisfied
2781,Male,Loyal Customer,78,Business travel,Eco,1630,4,3,2,3,4,3,3,4,2,4,2,4,4,3,37,26.0,satisfied
2782,Female,disloyal Customer,27,Business travel,Eco,2749,2,2,3,2,3,2,4,4,2,1,1,3,4,5,22,21.0,neutral or dissatisfied
2783,Female,disloyal Customer,22,Business travel,Eco,2441,4,4,4,2,4,3,4,4,2,4,5,2,3,4,26,34.0,neutral or dissatisfied
2784,Female,Loyal Customer,8,Business travel,Eco,1772,2,3,3,3,1,3,3,2,3,3,3,4,4,5,19,12.0,satisfied
2785,Female,disloyal Customer,17,Personal Travel,Business,3216,2,3,4,1,2,2,4,3,5,2,2,3,5,1,16,16.0,satisfied
2786,Male,disloyal Customer,23,Personal Travel,Business,2846,3,3,1,2,4,2,3,4,3,3,4,4,2,3,15,3.0,neutral or dissatisfied
2787,Male,Loyal Customer,24,Personal Travel,Eco,4173,2,4,2,2,5,1,4,2,2,3,3,2,4,3,0,0.0,neutral or dissatisfied
2788,Male,Loyal Customer,64,Business travel,Eco,190,3,4,4,3,3,4,4,3,4,0,4,3,5,4,13,6.0,satisfied
2789,Male,Loyal Customer,76,Business travel,Eco,1148,3,4,2,2,2,5,3,4,4,5,4,4,5,2,7,1.0,satisfied
2790,Female,Loyal Customer,73,Business travel,Eco,2917,1,2,2,2,3,5,4,4,5,4,4,2,3,2,28,32.0,satisfied
2791,Female,Loyal Customer,81,Personal Travel,Eco,2890,2,4,3,3,2,3,2,3,4,2,2,5,4,3,46,51.0,neutral or dissatisfied
2792,Male,Loyal Customer,77,Personal Travel,Eco,4517,3,2,3,3,4,5,3,3,1,2,3,5,3,1,13,9.0,satisfied
2793,Female,Loyal Customer,42,Business travel,Eco,3390,4,2,2,3,3,4,2,3,4,4,1,3,4,1,6,8.0,satisfied
2794,Female,disloyal Customer,37,Personal Travel,Eco,71,3,3,5,2,4,2,3,4,4,4,3,3,2,3,24,21.0,satisfied
2795,Male,Loyal Customer,57,Business travel,Business,2471,5,4,3,2,3,3,4,5,5,3,4,3,2,5,27,25.0,satisfied
2796,Female,Loyal Customer,31,Business travel,Eco,4234,4,2,2,5,4,3,4,4,3,3,2,3,4,3,2,0.0,satisfied
2797,Female,Loyal Customer,54,Business travel,Eco,4372,2,4,1,2,1,3,4,5,4,3,5,4,4,3,66,62.0,neutral or dissatisfied
2798,Female,Loyal Customer,84,Business travel,Business,4019,3,3,3,1,3,4,1,3,3,2,3,2,4,4,4,0.0,satisfied
2799,Female,disloyal Customer,22,Personal Travel,Eco,2413,3,3,2,3,4,3,4,2,4,2,1,2,2,4,17,33.0,satisfied
2800,Male,Loyal Customer,67,Personal Travel,Eco,575,4,4,5,2,3,3,3,2,2,4,4,3,0,3,13,22.0,neutral or dissatisfied
2801,Female,Loyal Customer,79,Business travel,Business,1105,3,2,3,3,3,5,4,2,2,4,5,4,4,2,8,27.0,neutral or dissatisfied
2802,Male,Loyal Customer,48,Business travel,Eco,4241,2,5,4,3,3,3,5,3,4,3,1,3,5,1,38,47.0,neutral or dissatisfied
2803,Female,Loyal Customer,34,Business travel,Business,1736,3,3,3,4,4,3,3,4,3,2,4,4,1,4,1,3.0,satisfied
2804,Male,Loyal Customer,26,Business travel,Business,3829,4,3,4,3,4,3,3,4,2,4,2,5,3,3,1,0.0,satisfied
2805,Male,Loyal Customer,20,Business travel,Eco,229,2,5,0,3,3,3,4,3,4,2,3,4,2,4,12,20.0,satisfied
2806,Female,Loyal Customer,32,Business travel,Eco,2480,3,3,2,4,4,2,3,3,0,5,2,3,3,4,37,47.0,neutral or dissatisfied
2807,Male,Loyal Customer,65,Business travel,Eco,4754,1,4,4,1,2,2,3,3,2,2,4,3,5,3,0,0.0,neutral or dissatisfied
2808,Male,Loyal Customer,47,Business travel,Business,1263,4,1,5,2,2,5,1,3,1,2,3,3,3,2,18,22.0,satisfied
2809,Female,Loyal Customer,24,Business travel,Eco,201,4,3,2,2,1,1,3,4,5,3,4,1,3,3,11,902.0,neutral or dissatisfied
2810,Male,Loyal Customer,49,Personal Travel,Business,1476,5,3,1,1,4,3,5,3,3,3,2,2,4,3,9,9.0,satisfied
2811,Female,Loyal Customer,70,Business travel,Eco,362,2,4,3,2,3,4,4,3,3,3,3,4,1,4,10,14.0,satisfied
2812,Male,Loyal Customer,8,Business travel,Business,3080,4,4,4,2,5,4,4,5,4,2,1,5,4,3,2,5.0,satisfied
2813,Male,Loyal Customer,8,Business travel,Eco,999,4,4,3,4,3,4,4,3,4,3,5,1,4,3,4,0.0,satisfied
2814,Female,disloyal Customer,81,Personal Travel,Business,1269,3,4,3,3,2,5,5,3,4,4,5,4,3,3,11,18.0,satisfied
2815,Male,Loyal Customer,65,Business travel,Business,2959,3,4,1,3,3,3,3,3,4,3,5,1,3,4,9,0.0,satisfied
2816,Male,Loyal Customer,51,Business travel,Business,1660,2,1,3,3,1,5,4,3,3,1,5,5,3,4,7,11.0,satisfied
2817,Female,Loyal Customer,77,Personal Travel,Eco,3270,2,5,3,2,3,4,5,2,4,3,3,3,3,5,0,2.0,satisfied
2818,Female,Loyal Customer,52,Personal Travel,Eco Plus,4657,2,2,2,4,0,5,3,3,2,2,3,5,3,5,4,0.0,satisfied
2819,Male,Loyal Customer,47,Business travel,Eco,4659,2,3,1,4,3,3,2,4,3,1,4,2,1,3,4,14.0,satisfied
2820,Female,Loyal Customer,23,Business travel,Business,3660,5,3,4,2,3,4,3,5,2,2,4,2,4,2,3,0.0,satisfied
2821,Female,Loyal Customer,70,Personal Travel,Business,4845,1,3,4,5,3,3,4,3,5,5,2,3,3,3,17,19.0,neutral or dissatisfied
2822,Female,Loyal Customer,66,Business travel,Eco,3693,3,2,2,2,2,3,1,4,2,3,2,4,3,2,32,33.0,satisfied
2823,Male,Loyal Customer,30,Business travel,Business,385,3,1,3,2,2,3,2,3,5,3,2,4,3,3,8,20.0,satisfied
2824,Female,Loyal Customer,64,Business travel,Eco,4781,3,2,2,4,4,1,3,4,4,4,3,4,4,2,11,16.0,neutral or dissatisfied
2825,Female,Loyal Customer,63,Business travel,Eco,2855,3,4,2,4,1,3,3,3,3,4,3,3,5,2,13,0.0,neutral or dissatisfied
2826,Female,Loyal Customer,14,Business travel,Eco,78,4,1,4,3,4,4,5,4,4,1,3,4,3,2,11,8.0,neutral or dissatisfied
2827,Male,Loyal Customer,19,Personal Travel,Eco,3121,3,2,4,3,2,2,4,5,2,5,3,5,1,4,0,13.0,neutral or dissatisfied
2828,Female,Loyal Customer,53,Business travel,Business,1260,3,3,4,4,1,2,2,5,5,3,2,4,3,3,18,17.0,satisfied
2829,Female,Loyal Customer,55,Business travel,Business,2695,3,2,4,2,4,4,5,5,3,4,2,2,3,2,0,0.0,neutral or dissatisfied
2830,Male,disloyal Customer,58,Business travel,Eco,3306,4,2,3,3,4,5,3,3,4,2,2,3,3,4,8,8.0,neutral or dissatisfied
2831,Female,Loyal Customer,36,Personal Travel,Business,187,5,3,5,5,2,3,1,4,3,1,4,1,2,5,17,30.0,satisfied
2832,Female,Loyal Customer,72,Business travel,Eco,2219,2,3,5,2,2,3,2,3,2,3,3,4,3,3,5,,satisfied
2833,Male,Loyal Customer,41,Business travel,Eco,324,1,2,2,2,3,3,2,1,5,2,4,1,4,2,21,,neutral or dissatisfied
2834,Female,Loyal Customer,23,Business travel,Business,608,4,3,3,4,2,4,2,3,3,4,2,4,3,2,1,0.0,satisfied
2835,Male,Loyal Customer,15,Business travel,Eco,1096,4,3,1,4,2,3,4,3,4,1,3,3,5,3,2,0.0,satisfied
2836,Female,disloyal Customer,75,Business travel,Business,3917,5,2,3,4,3,3,0,4,0,3,2,4,2,4,0,5.0,neutral or dissatisfied
2837,Female,Loyal Customer,62,Business travel,Eco,2094,4,3,5,2,5,5,4,4,3,4,2,3,2,3,0,0.0,satisfied
2838,Female,Loyal Customer,42,Personal Travel,Business,283,5,2,5,3,3,2,4,2,4,3,4,5,3,2,14,16.0,satisfied
2839,Male,Loyal Customer,23,Business travel,Eco,3748,5,3,3,3,4,3,3,5,3,2,2,4,1,4,23,36.0,neutral or dissatisfied
2840,Female,Loyal Customer,14,Personal Travel,Business,2742,5,4,3,5,3,3,4,4,3,1,3,4,3,3,17,10.0,satisfied
2841,Male,disloyal Customer,18,Personal Travel,Business,750,4,3,4,4,1,5,2,2,3,1,3,3,3,3,33,41.0,neutral or dissatisfied
2842,Female,Loyal Customer,15,Business travel,Business,2834,2,4,5,3,3,2,2,2,4,2,2,3,4,4,30,37.0,neutral or dissatisfied
2843,Female,Loyal Customer,48,Business travel,Business,1281,3,4,2,3,3,2,4,1,2,1,3,1,1,4,0,0.0,neutral or dissatisfied
2844,Male,Loyal Customer,22,Personal Travel,Eco,3198,3,4,5,3,5,4,3,4,3,3,3,2,4,2,3,14.0,satisfied
2845,Male,Loyal Customer,16,Business travel,Business,4740,3,3,3,4,5,4,3,3,5,2,3,3,3,2,26,17.0,satisfied
2846,Male,Loyal Customer,29,Personal Travel,Business,1612,3,4,2,2,3,3,3,2,2,2,1,3,5,3,10,0.0,satisfied
2847,Female,Loyal Customer,61,Personal Travel,Business,3739,5,3,3,5,4,3,5,2,3,1,2,3,3,3,24,18.0,neutral or dissatisfied
2848,Male,Loyal Customer,45,Business travel,Business,166,2,1,2,2,3,3,5,3,2,1,4,2,4,4,3,0.0,neutral or dissatisfied
2849,Male,Loyal Customer,18,Personal Travel,Business,2065,4,2,3,3,4,2,4,4,4,3,4,3,4,5,10,8.0,satisfied
2850,Male,Loyal Customer,65,Business travel,Business,4450,3,3,1,2,3,3,3,1,3,2,3,4,1,3,11,3.0,satisfied
2851,Male,Loyal Customer,45,Business travel,Eco,419,2,3,3,3,4,5,4,2,2,3,2,3,4,4,11,15.0,satisfied
2852,Male,Loyal Customer,21,Business travel,Eco,4649,2,3,4,4,4,2,2,4,3,3,3,3,3,4,3,2.0,satisfied
2853,Male,Loyal Customer,60,Business travel,Eco,513,1,2,5,1,4,2,4,3,3,3,4,3,2,4,12,13.0,satisfied
2854,Male,Loyal Customer,84,Personal Travel,Business,2435,4,5,4,3,2,3,4,4,3,4,5,4,3,1,42,47.0,satisfied
2855,Female,Loyal Customer,49,Personal Travel,Eco,946,3,3,5,1,3,3,5,3,3,1,3,3,4,4,16,28.0,neutral or dissatisfied
2856,Male,disloyal Customer,19,Business travel,Eco,152,2,3,2,3,4,5,2,5,2,4,2,2,3,2,17,14.0,neutral or dissatisfied
2857,Female,Loyal Customer,31,Business travel,Eco,1778,1,2,3,1,4,2,2,3,1,3,4,2,3,4,51,47.0,neutral or dissatisfied
2858,Female,Loyal Customer,53,Business travel,Business,2925,3,2,1,3,3,2,4,5,4,3,4,2,1,2,10,16.0,satisfied
2859,Female,Loyal Customer,84,Business travel,Business,3625,3,3,3,3,3,4,3,4,5,2,3,2,2,3,2,12.0,satisfied
2860,Male,Loyal Customer,79,Business travel,Business,1613,2,3,3,4,3,2,4,4,1,3,3,4,4,3,6,6.0,neutral or dissatisfied
2861,Male,Loyal Customer,79,Business travel,Business,2487,2,3,4,4,3,4,5,2,5,3,2,5,4,5,10,10.0,satisfied
2862,Female,disloyal Customer,71,Personal Travel,Eco,953,3,5,1,3,3,3,5,4,4,1,4,3,3,2,1,0.0,satisfied
2863,Female,Loyal Customer,51,Business travel,Business,3661,4,3,3,4,5,4,3,3,2,4,4,2,4,2,5,1.0,neutral or dissatisfied
2864,Female,Loyal Customer,57,Business travel,Business,886,3,3,3,5,2,1,4,2,3,5,3,2,3,5,4,1.0,satisfied
2865,Male,Loyal Customer,64,Business travel,Business,4312,2,4,3,2,4,4,3,1,2,3,5,5,3,4,6,6.0,neutral or dissatisfied
2866,Male,Loyal Customer,62,Business travel,Business,937,3,3,4,5,3,3,3,3,4,4,3,4,2,3,16,21.0,neutral or dissatisfied
2867,Male,Loyal Customer,56,Business travel,Business,3337,4,4,3,3,2,3,3,5,2,4,3,2,3,3,6,12.0,satisfied
2868,Male,Loyal Customer,17,Business travel,Business,1687,3,2,3,2,2,2,3,2,5,3,2,3,3,2,8,1.0,satisfied
2869,Female,Loyal Customer,75,Personal Travel,Eco,4982,3,2,2,3,3,3,5,2,4,2,1,5,1,3,5,5.0,neutral or dissatisfied
2870,Male,Loyal Customer,7,Personal Travel,Business,1439,3,3,4,3,1,4,2,3,2,3,3,3,5,3,4,0.0,neutral or dissatisfied
2871,Male,Loyal Customer,40,Business travel,Eco,4746,2,3,4,1,5,3,3,4,5,2,4,4,2,2,5,3.0,satisfied
2872,Female,Loyal Customer,40,Business travel,Eco Plus,4190,2,2,3,2,3,3,3,1,4,4,5,3,3,3,0,1.0,neutral or dissatisfied
2873,Female,Loyal Customer,84,Personal Travel,Eco,2366,1,3,5,5,3,4,4,2,3,2,3,3,2,3,20,27.0,neutral or dissatisfied
2874,Male,Loyal Customer,13,Business travel,Eco,2501,4,3,2,3,4,5,2,2,4,5,4,0,0,4,7,6.0,neutral or dissatisfied
2875,Male,Loyal Customer,44,Personal Travel,Business,1801,4,2,4,5,3,4,3,4,4,3,2,3,5,2,26,29.0,satisfied
2876,Female,Loyal Customer,34,Business travel,Eco,2166,3,2,2,3,4,3,3,3,2,3,3,2,3,4,4,0.0,satisfied
2877,Female,Loyal Customer,14,Business travel,Eco,2356,3,3,4,2,2,3,1,3,4,2,3,4,1,3,5,0.0,satisfied
2878,Female,Loyal Customer,24,Business travel,Eco,771,3,2,4,1,3,3,4,3,3,4,2,3,2,3,1,0.0,satisfied
2879,Female,Loyal Customer,39,Business travel,Business,1648,2,2,2,4,4,2,2,4,4,3,5,3,5,4,16,42.0,neutral or dissatisfied
2880,Female,Loyal Customer,78,Personal Travel,Eco,4385,3,4,3,3,2,3,1,4,3,2,3,4,4,4,11,5.0,satisfied
2881,Male,Loyal Customer,37,Business travel,Business,4895,2,3,5,3,4,4,4,4,2,2,4,0,0,3,4,5.0,satisfied
2882,Male,Loyal Customer,75,Personal Travel,Eco,321,5,2,2,2,0,3,3,4,4,2,3,3,3,4,1,4.0,neutral or dissatisfied
2883,Female,Loyal Customer,64,Personal Travel,Business,3675,4,2,3,4,4,3,3,5,3,3,3,2,3,0,6,6.0,neutral or dissatisfied
2884,Male,Loyal Customer,70,Personal Travel,Business,1235,3,2,3,3,2,2,3,2,3,3,2,2,4,5,55,51.0,neutral or dissatisfied
2885,Male,disloyal Customer,73,Personal Travel,Eco,3286,5,3,3,3,3,3,4,4,4,2,3,3,3,4,0,4.0,neutral or dissatisfied
2886,Male,disloyal Customer,62,Business travel,Eco,3126,4,5,1,2,3,2,3,5,5,4,5,3,1,5,4,0.0,neutral or dissatisfied
2887,Female,Loyal Customer,64,Business travel,Eco,4400,1,4,4,3,2,2,4,1,3,5,2,4,3,2,9,12.0,neutral or dissatisfied
2888,Male,Loyal Customer,19,Personal Travel,Eco,3526,3,2,3,4,2,5,2,3,2,1,4,3,2,3,8,4.0,neutral or dissatisfied
2889,Male,Loyal Customer,62,Business travel,Eco,4126,3,4,4,1,4,2,4,2,5,3,3,2,4,4,12,19.0,neutral or dissatisfied
2890,Male,disloyal Customer,10,Business travel,Business,4015,4,2,3,3,4,2,4,4,3,5,4,3,3,3,4,0.0,neutral or dissatisfied
2891,Male,Loyal Customer,64,Business travel,Eco Plus,3254,3,3,3,4,2,4,5,5,3,2,3,5,3,3,7,7.0,neutral or dissatisfied
2892,Female,Loyal Customer,58,Business travel,Business,2080,3,2,3,3,4,3,1,4,4,3,2,5,3,3,15,7.0,satisfied
2893,Male,Loyal Customer,66,Personal Travel,Business,1718,2,5,2,4,4,3,3,3,3,3,3,3,2,2,15,21.0,satisfied
2894,Female,Loyal Customer,57,Business travel,Eco,1766,4,2,5,4,3,4,5,4,3,4,5,3,5,4,7,13.0,satisfied
2895,Male,Loyal Customer,35,Business travel,Business,1825,1,3,3,4,2,1,4,3,5,5,4,2,4,4,7,0.0,satisfied
2896,Female,Loyal Customer,35,Personal Travel,Eco,1478,3,2,3,2,3,4,3,3,2,1,4,4,4,2,0,0.0,neutral or dissatisfied
2897,Female,Loyal Customer,53,Business travel,Business,1588,1,4,4,3,3,3,3,4,2,3,4,5,2,2,0,7.0,neutral or dissatisfied
2898,Female,Loyal Customer,43,Personal Travel,Business,2862,2,3,3,3,3,3,4,5,5,2,4,2,4,3,14,13.0,neutral or dissatisfied
2899,Female,disloyal Customer,33,Business travel,Business,1387,3,4,3,2,2,5,3,4,3,3,2,4,4,2,24,28.0,satisfied
2900,Male,Loyal Customer,45,Business travel,Eco,1775,3,4,3,2,4,2,4,3,4,3,3,4,2,3,12,12.0,satisfied
2901,Female,Loyal Customer,48,Business travel,Eco,3559,3,2,4,2,4,4,4,5,4,3,4,3,2,2,6,7.0,neutral or dissatisfied
2902,Female,Loyal Customer,25,Business travel,Business,1674,4,5,3,5,2,4,2,1,1,2,3,2,2,5,4,11.0,satisfied
2903,Female,Loyal Customer,56,Business travel,Business,577,4,4,4,3,3,2,3,3,4,2,4,5,2,2,17,8.0,satisfied
2904,Female,disloyal Customer,31,Business travel,Business,133,3,2,2,4,5,2,3,2,3,5,2,4,4,2,1,0.0,satisfied
2905,Female,Loyal Customer,27,Business travel,Business,3837,3,3,3,2,3,3,3,3,5,1,3,4,4,3,6,0.0,neutral or dissatisfied
2906,Female,Loyal Customer,39,Business travel,Eco,4744,3,4,4,5,2,2,3,4,2,4,3,3,3,1,26,28.0,neutral or dissatisfied
2907,Female,disloyal Customer,15,Business travel,Eco,3428,4,4,4,3,2,3,3,4,5,2,5,3,3,2,23,13.0,satisfied
2908,Female,Loyal Customer,54,Business travel,Business,349,2,4,1,3,2,4,2,3,5,3,3,2,2,1,27,34.0,satisfied
2909,Male,Loyal Customer,64,Personal Travel,Business,2838,5,4,3,1,3,3,5,4,3,5,4,4,5,3,7,3.0,satisfied
2910,Male,Loyal Customer,81,Personal Travel,Eco,1390,4,4,2,4,3,4,3,2,3,4,1,3,3,4,13,17.0,neutral or dissatisfied
2911,Male,Loyal Customer,29,Personal Travel,Business,1637,2,2,4,4,2,5,5,2,3,1,2,2,3,3,2,0.0,satisfied
2912,Male,Loyal Customer,49,Business travel,Business,4611,2,5,3,2,5,4,5,3,5,3,4,2,3,5,2,8.0,satisfied
2913,Male,Loyal Customer,46,Business travel,Eco,4130,3,5,4,4,3,4,2,3,3,3,3,5,2,2,4,13.0,neutral or dissatisfied
2914,Male,disloyal Customer,64,Business travel,Business,3689,3,4,2,2,2,3,3,5,4,4,3,3,3,3,22,28.0,neutral or dissatisfied
2915,Male,Loyal Customer,55,Personal Travel,Business,2529,4,3,3,4,2,0,3,5,3,3,3,3,5,4,8,1.0,satisfied
2916,Male,Loyal Customer,69,Personal Travel,Business,2911,3,3,3,3,2,4,4,3,4,3,3,2,3,4,6,17.0,satisfied
2917,Female,Loyal Customer,73,Business travel,Eco,4583,5,3,5,4,2,4,4,1,4,5,1,3,4,4,4,9.0,satisfied
2918,Female,Loyal Customer,15,Business travel,Business,3321,3,3,4,3,3,3,3,2,3,5,3,1,1,4,1,0.0,satisfied
2919,Female,disloyal Customer,34,Personal Travel,Eco,2916,5,1,4,4,2,4,3,2,5,4,3,3,2,3,3,5.0,satisfied
2920,Male,Loyal Customer,57,Business travel,Business,530,4,5,5,4,4,3,5,3,3,2,4,2,3,4,15,27.0,neutral or dissatisfied
2921,Male,Loyal Customer,49,Business travel,Business,4982,2,4,3,3,2,4,3,3,4,0,4,4,1,2,25,18.0,satisfied
2922,Female,Loyal Customer,44,Business travel,Eco,4052,5,1,3,3,4,5,4,2,2,2,0,1,4,5,7,0.0,satisfied
2923,Male,Loyal Customer,20,Personal Travel,Business,1855,4,4,3,2,4,4,3,5,4,1,2,2,3,3,12,11.0,satisfied
2924,Female,disloyal Customer,51,Business travel,Business,1288,3,3,3,3,4,5,3,4,4,3,5,4,4,3,5,0.0,satisfied
2925,Male,Loyal Customer,64,Business travel,Business,4840,4,3,0,5,4,5,4,5,3,4,4,5,3,3,13,13.0,neutral or dissatisfied
2926,Male,Loyal Customer,9,Business travel,Eco,4783,2,4,3,4,5,2,5,1,4,5,4,3,3,4,1,6.0,neutral or dissatisfied
2927,Female,Loyal Customer,53,Business travel,Business,2130,1,1,3,2,2,4,4,5,2,4,3,3,0,4,4,5.0,satisfied
2928,Male,Loyal Customer,77,Personal Travel,Eco,1195,3,3,3,5,4,3,3,3,4,2,4,3,2,0,5,0.0,satisfied
2929,Male,Loyal Customer,51,Personal Travel,Business,3999,5,3,1,3,3,2,5,3,2,3,2,5,4,5,21,28.0,satisfied
2930,Female,Loyal Customer,81,Business travel,Business,3145,3,3,3,4,4,3,4,3,3,3,3,3,2,5,32,31.0,neutral or dissatisfied
2931,Male,Loyal Customer,34,Business travel,Business,4505,5,1,1,4,3,5,3,2,2,1,4,3,2,5,18,12.0,satisfied
2932,Female,Loyal Customer,7,Personal Travel,Business,2749,4,3,5,3,4,3,4,3,3,2,4,2,3,3,1,3.0,satisfied
2933,Male,Loyal Customer,60,Personal Travel,Eco,2781,3,4,3,1,2,1,4,4,5,3,3,2,3,5,10,19.0,satisfied
2934,Male,Loyal Customer,23,Business travel,Business,758,4,3,1,4,2,2,5,1,5,5,4,3,4,3,4,0.0,neutral or dissatisfied
2935,Female,Loyal Customer,7,Business travel,Eco,3035,5,3,3,1,2,4,3,5,2,3,3,4,3,3,3,15.0,satisfied
2936,Male,Loyal Customer,21,Business travel,Business,1846,3,5,4,4,3,2,4,4,5,2,3,3,2,4,11,11.0,satisfied
2937,Female,Loyal Customer,79,Personal Travel,Eco,1067,3,2,3,3,3,1,4,3,5,3,5,4,1,4,6,7.0,satisfied
2938,Female,Loyal Customer,67,Business travel,Business,3917,3,4,2,4,2,2,4,4,4,3,5,2,5,4,0,0.0,neutral or dissatisfied
2939,Female,Loyal Customer,28,Business travel,Eco,1761,0,3,2,3,2,3,3,4,5,3,3,2,3,1,36,32.0,neutral or dissatisfied
2940,Male,Loyal Customer,53,Personal Travel,Business,1102,3,5,3,4,2,4,3,3,3,3,2,4,4,3,6,0.0,satisfied
2941,Female,disloyal Customer,33,Business travel,Eco,4804,4,3,3,3,1,3,4,2,3,4,3,2,1,2,3,18.0,satisfied
2942,Female,Loyal Customer,20,Personal Travel,Eco,4816,3,4,2,3,3,4,2,5,3,5,3,2,3,4,13,4.0,satisfied
2943,Female,Loyal Customer,84,Business travel,Eco,2498,3,4,3,3,3,4,3,2,4,4,1,3,3,2,8,17.0,satisfied
2944,Male,disloyal Customer,70,Business travel,Business,1512,3,2,2,5,3,2,3,3,3,3,5,3,3,3,15,28.0,neutral or dissatisfied
2945,Female,Loyal Customer,35,Personal Travel,Eco,850,1,2,4,4,3,3,5,2,2,3,2,3,4,4,27,22.0,neutral or dissatisfied
2946,Male,Loyal Customer,34,Personal Travel,Business,3152,5,3,4,2,5,3,3,4,2,3,2,5,3,5,9,13.0,neutral or dissatisfied
2947,Female,Loyal Customer,70,Personal Travel,Business,3073,3,4,2,2,4,4,3,3,3,4,3,5,3,4,8,13.0,satisfied
2948,Male,Loyal Customer,42,Personal Travel,Eco,3113,2,3,2,4,4,3,2,2,2,3,3,4,3,4,1,6.0,neutral or dissatisfied
2949,Female,Loyal Customer,36,Business travel,Eco,3850,4,3,3,4,3,2,5,2,4,1,3,3,3,2,32,27.0,neutral or dissatisfied
2950,Female,Loyal Customer,37,Business travel,Business,2380,4,5,3,2,4,3,4,3,5,4,4,5,2,2,2,0.0,neutral or dissatisfied
2951,Male,Loyal Customer,41,Business travel,Eco,3432,3,1,3,5,3,4,5,4,4,4,5,3,4,2,17,23.0,satisfied
2952,Female,Loyal Customer,47,Personal Travel,Eco,3294,4,2,4,3,3,4,2,1,5,3,4,3,3,2,29,16.0,neutral or dissatisfied
2953,Female,Loyal Customer,10,Business travel,Business,3988,2,0,3,3,5,4,4,2,4,5,2,2,3,3,16,0.0,satisfied
2954,Male,disloyal Customer,44,Personal Travel,Business,3730,3,4,5,2,3,4,2,3,5,2,3,2,5,4,15,15.0,neutral or dissatisfied
2955,Male,Loyal Customer,41,Personal Travel,Eco,227,4,3,3,4,2,3,4,5,3,5,3,4,5,4,6,5.0,satisfied
2956,Female,Loyal Customer,28,Personal Travel,Business,3114,2,4,2,3,4,3,4,4,3,2,4,1,4,1,10,11.0,satisfied
2957,Male,disloyal Customer,34,Personal Travel,Business,4878,2,3,1,2,4,2,4,3,3,3,4,2,1,3,11,6.0,satisfied
2958,Male,Loyal Customer,40,Business travel,Business,2821,3,4,5,3,3,1,2,4,3,2,3,3,3,3,2,8.0,neutral or dissatisfied
2959,Female,Loyal Customer,35,Business travel,Eco,2672,3,3,4,5,1,5,2,3,3,3,3,1,5,1,13,19.0,satisfied
2960,Male,Loyal Customer,77,Personal Travel,Business,3052,4,3,3,4,4,3,2,0,2,4,4,3,3,4,14,15.0,neutral or dissatisfied
2961,Female,Loyal Customer,48,Business travel,Business,2821,1,3,3,2,3,1,4,5,2,2,3,3,4,4,21,11.0,satisfied
2962,Male,Loyal Customer,46,Business travel,Business,2039,0,3,3,2,3,5,3,4,4,2,4,4,4,3,4,12.0,satisfied
2963,Female,Loyal Customer,27,Personal Travel,Business,4970,4,5,3,5,4,3,3,3,4,3,4,2,2,3,4,0.0,satisfied
2964,Male,Loyal Customer,78,Business travel,Eco Plus,400,2,1,3,3,1,4,2,3,5,5,5,3,5,3,25,15.0,neutral or dissatisfied
2965,Female,Loyal Customer,8,Business travel,Eco,4080,2,3,4,4,3,3,3,4,3,3,3,1,4,4,1,7.0,neutral or dissatisfied
2966,Female,Loyal Customer,49,Business travel,Eco,840,1,3,2,4,2,2,5,3,3,3,5,2,3,2,25,16.0,neutral or dissatisfied
2967,Male,Loyal Customer,20,Business travel,Eco,1072,4,3,2,0,5,4,4,3,2,3,3,1,3,2,5,0.0,neutral or dissatisfied
2968,Male,Loyal Customer,66,Personal Travel,Business,3053,3,3,1,4,3,4,4,2,4,1,4,4,2,2,3,4.0,neutral or dissatisfied
2969,Female,Loyal Customer,36,Business travel,Eco,3207,3,2,3,2,2,3,4,3,2,4,4,3,2,5,0,7.0,satisfied
2970,Female,Loyal Customer,29,Business travel,Eco Plus,4639,3,5,4,3,4,5,3,2,3,4,2,3,2,5,24,28.0,neutral or dissatisfied
2971,Female,Loyal Customer,11,Business travel,Eco,1506,1,3,2,5,0,4,5,2,4,1,3,4,5,2,19,29.0,neutral or dissatisfied
2972,Male,Loyal Customer,68,Personal Travel,Eco,177,2,5,1,5,4,4,4,3,1,5,2,4,4,2,9,6.0,satisfied
2973,Female,Loyal Customer,37,Personal Travel,Business,1312,3,4,3,4,2,2,3,4,4,3,3,5,2,2,7,1.0,satisfied
2974,Female,disloyal Customer,27,Business travel,Eco,2742,2,3,2,4,2,2,4,2,4,2,3,3,5,2,13,3.0,satisfied
2975,Male,Loyal Customer,72,Business travel,Business,1818,3,4,5,4,3,5,4,3,4,3,3,2,5,5,8,8.0,satisfied
2976,Male,Loyal Customer,8,Business travel,Eco,1297,3,3,4,5,4,1,2,1,3,2,3,4,2,2,14,16.0,neutral or dissatisfied
2977,Male,Loyal Customer,43,Business travel,Business,4574,4,4,2,5,5,3,3,2,3,1,3,5,4,4,5,24.0,satisfied
2978,Female,Loyal Customer,19,Business travel,Eco,2830,1,2,3,3,1,3,5,2,5,3,3,2,2,3,29,33.0,neutral or dissatisfied
2979,Male,Loyal Customer,16,Business travel,Eco,3376,3,1,2,2,3,3,5,4,3,3,2,2,4,3,1,0.0,satisfied
2980,Male,disloyal Customer,8,Business travel,Eco,3760,4,3,2,3,5,3,3,1,3,1,2,0,4,3,38,47.0,satisfied
2981,Female,disloyal Customer,21,Business travel,Business,2075,2,4,3,3,2,4,4,4,2,2,2,1,3,4,0,0.0,neutral or dissatisfied
2982,Male,Loyal Customer,80,Business travel,Eco,3690,3,3,4,3,2,3,3,3,0,2,1,5,2,3,0,0.0,neutral or dissatisfied
2983,Female,Loyal Customer,41,Business travel,Eco,4820,4,4,3,2,3,4,4,4,4,3,2,3,3,4,8,16.0,satisfied
2984,Female,Loyal Customer,84,Business travel,Eco,3638,3,4,2,3,4,4,3,4,3,4,4,2,4,4,20,26.0,neutral or dissatisfied
2985,Female,Loyal Customer,27,Personal Travel,Eco,1519,4,1,1,1,4,3,3,3,2,3,3,3,5,3,5,13.0,neutral or dissatisfied
2986,Female,Loyal Customer,66,Business travel,Eco,3905,3,3,2,3,3,2,3,4,5,3,3,5,4,3,6,2.0,neutral or dissatisfied
2987,Female,Loyal Customer,13,Business travel,Eco,1218,3,4,4,3,2,3,5,5,4,1,3,3,4,1,4,21.0,neutral or dissatisfied
2988,Female,Loyal Customer,15,Personal Travel,Business,409,2,3,2,3,4,5,3,5,3,3,5,5,2,3,9,16.0,satisfied
2989,Female,disloyal Customer,8,Business travel,Business,2248,3,2,4,4,2,2,4,2,4,2,3,2,1,3,12,5.0,satisfied
2990,Male,Loyal Customer,77,Personal Travel,Eco,2572,3,3,2,4,1,5,3,1,4,1,3,5,1,3,0,17.0,satisfied
2991,Male,Loyal Customer,59,Business travel,Eco,2375,2,4,3,5,1,1,3,3,4,4,2,2,3,3,19,,satisfied
2992,Female,disloyal Customer,65,Personal Travel,Business,1345,4,5,3,2,2,2,4,3,3,2,5,2,2,4,20,20.0,satisfied
2993,Male,Loyal Customer,79,Business travel,Business,1401,4,1,2,3,5,3,2,1,4,3,2,2,3,4,1,0.0,neutral or dissatisfied
2994,Female,Loyal Customer,32,Business travel,Business,4610,2,3,3,3,2,4,4,3,4,2,2,3,4,1,20,0.0,satisfied
2995,Female,Loyal Customer,63,Personal Travel,Eco,1493,2,2,2,3,5,3,3,0,3,2,2,4,4,3,16,22.0,neutral or dissatisfied
2996,Female,Loyal Customer,46,Personal Travel,Eco,3925,2,4,2,2,4,5,3,5,1,4,3,2,1,3,1,0.0,satisfied
2997,Male,Loyal Customer,49,Business travel,Eco,1325,1,4,0,2,3,3,2,4,4,2,4,4,5,3,7,6.0,neutral or dissatisfied
2998,Male,Loyal Customer,58,Personal Travel,Business,582,5,3,4,3,0,3,5,2,4,2,3,2,4,5,2,2.0,satisfied
2999,Male,Loyal Customer,43,Business travel,Business,362,3,4,3,1,2,3,3,3,4,2,3,3,4,1,5,0.0,satisfied
3000,Female,Loyal Customer,8,Personal Travel,Eco,1254,2,4,4,3,2,5,3,3,3,3,2,2,3,3,3,7.0,neutral or dissatisfied
3001,Female,Loyal Customer,12,Personal Travel,Business,4214,2,3,4,2,5,2,4,4,4,3,5,5,3,5,1,0.0,satisfied
3002,Female,Loyal Customer,46,Business travel,Business,2303,3,2,4,3,2,3,2,3,2,2,3,4,4,3,14,2.0,satisfied
3003,Female,Loyal Customer,51,Personal Travel,Business,3490,2,5,2,4,2,2,4,4,3,2,4,3,2,2,5,5.0,neutral or dissatisfied
3004,Female,Loyal Customer,64,Personal Travel,Eco,4816,5,4,1,2,3,4,3,2,2,3,2,3,4,3,13,9.0,neutral or dissatisfied
3005,Female,Loyal Customer,51,Personal Travel,Eco,288,2,4,4,4,1,2,2,3,4,2,3,2,5,5,0,0.0,neutral or dissatisfied
3006,Male,Loyal Customer,21,Business travel,Business,592,1,2,3,2,3,5,3,5,3,5,4,2,3,4,6,0.0,satisfied
3007,Female,Loyal Customer,35,Personal Travel,Business,4604,4,4,2,3,2,3,2,3,3,2,1,4,4,3,2,3.0,satisfied
3008,Male,Loyal Customer,41,Business travel,Eco Plus,2861,3,5,4,4,5,4,3,3,4,3,4,1,2,5,13,14.0,neutral or dissatisfied
3009,Female,Loyal Customer,83,Business travel,Business,3108,3,3,3,3,2,4,2,2,3,3,3,3,4,4,33,44.0,satisfied
3010,Female,Loyal Customer,48,Personal Travel,Business,1739,4,3,4,2,5,3,2,5,4,3,4,4,4,0,13,22.0,satisfied
3011,Male,Loyal Customer,56,Business travel,Business,4142,3,2,2,3,2,3,4,4,5,4,5,1,3,3,14,17.0,neutral or dissatisfied
3012,Female,Loyal Customer,64,Personal Travel,Business,3249,3,2,4,1,3,3,3,2,4,4,3,3,4,5,5,0.0,neutral or dissatisfied
3013,Male,Loyal Customer,35,Business travel,Eco,1325,1,2,3,3,4,4,5,4,1,4,0,2,2,3,10,6.0,satisfied
3014,Female,Loyal Customer,82,Business travel,Eco,3261,1,3,4,0,3,2,4,2,3,4,2,3,5,5,25,28.0,satisfied
3015,Male,Loyal Customer,59,Personal Travel,Business,69,2,3,4,4,3,2,3,4,3,1,3,3,5,2,7,14.0,satisfied
3016,Male,Loyal Customer,73,Business travel,Eco,1240,2,3,4,4,4,4,4,4,5,3,5,1,3,2,1,5.0,satisfied
3017,Female,Loyal Customer,65,Business travel,Business,1059,3,2,3,5,3,3,2,5,3,3,3,4,4,4,8,,neutral or dissatisfied
3018,Male,Loyal Customer,55,Business travel,Eco,3939,1,3,4,5,3,1,4,3,2,2,5,2,3,4,1,2.0,satisfied
3019,Female,Loyal Customer,9,Business travel,Business,3688,3,2,4,4,2,3,4,3,4,5,1,2,2,3,2,0.0,satisfied
3020,Female,Loyal Customer,52,Business travel,Business,501,3,3,4,2,3,5,4,1,3,1,3,3,5,4,12,0.0,neutral or dissatisfied
3021,Male,disloyal Customer,17,Business travel,Eco,4536,3,1,3,5,3,3,3,3,3,3,4,3,3,3,0,0.0,neutral or dissatisfied
3022,Male,disloyal Customer,54,Personal Travel,Eco,4099,3,3,4,2,3,3,3,2,3,3,4,3,4,2,5,2.0,neutral or dissatisfied
3023,Male,disloyal Customer,61,Personal Travel,Eco,2202,3,3,2,1,3,2,3,3,2,3,1,4,5,4,33,39.0,neutral or dissatisfied
3024,Male,Loyal Customer,49,Personal Travel,Eco,1099,2,3,5,5,1,3,5,3,3,2,2,0,4,3,4,0.0,satisfied
3025,Male,Loyal Customer,31,Business travel,Eco,2130,4,1,1,4,2,2,4,4,3,3,3,4,3,4,12,5.0,satisfied
3026,Female,Loyal Customer,11,Personal Travel,Eco,2968,3,4,3,1,4,4,2,3,4,2,2,3,2,3,2,10.0,neutral or dissatisfied
3027,Male,Loyal Customer,59,Business travel,Business,3168,5,3,3,2,1,3,4,4,3,3,4,2,2,3,10,3.0,satisfied
3028,Female,Loyal Customer,61,Personal Travel,Business,1769,3,3,2,4,4,3,3,3,3,3,3,3,3,5,3,0.0,satisfied
3029,Male,Loyal Customer,44,Business travel,Eco,552,3,1,3,2,2,2,4,3,3,3,2,4,3,2,0,3.0,satisfied
3030,Female,Loyal Customer,62,Personal Travel,Eco,3068,3,2,2,2,5,5,4,2,3,3,4,2,4,3,16,21.0,satisfied
3031,Female,Loyal Customer,67,Business travel,Eco,3540,3,3,5,5,4,2,5,3,2,5,4,5,2,3,38,49.0,neutral or dissatisfied
3032,Male,disloyal Customer,46,Business travel,Business,1373,3,5,2,5,3,2,4,5,4,4,2,4,2,4,16,14.0,satisfied
3033,Female,Loyal Customer,10,Personal Travel,Business,3215,3,4,2,3,3,3,4,2,3,3,2,3,3,3,17,,satisfied
3034,Male,Loyal Customer,74,Business travel,Business,2866,5,3,2,3,5,3,4,3,1,3,2,2,3,4,9,8.0,neutral or dissatisfied
3035,Male,Loyal Customer,43,Personal Travel,Eco,2531,4,2,3,4,4,4,4,4,1,3,5,5,3,4,6,2.0,neutral or dissatisfied
3036,Female,Loyal Customer,59,Personal Travel,Business,90,4,2,4,2,4,4,2,3,4,4,3,3,3,2,18,21.0,neutral or dissatisfied
3037,Female,disloyal Customer,78,Business travel,Eco,1571,2,3,4,1,4,4,2,1,3,2,1,3,2,2,22,20.0,neutral or dissatisfied
3038,Male,Loyal Customer,35,Business travel,Business,1903,2,4,5,0,2,5,2,4,3,5,2,3,4,2,32,1306.0,satisfied
3039,Male,disloyal Customer,55,Business travel,Business,4177,3,3,2,3,3,1,4,2,3,3,4,4,5,2,4,0.0,neutral or dissatisfied
3040,Male,Loyal Customer,8,Personal Travel,Eco,4140,4,5,4,4,2,3,1,2,4,5,3,4,4,4,0,0.0,neutral or dissatisfied
3041,Male,Loyal Customer,76,Personal Travel,Business,4375,2,2,3,3,2,3,3,2,5,5,2,3,3,3,6,10.0,satisfied
3042,Male,Loyal Customer,11,Business travel,Eco,2341,2,3,3,4,3,5,3,3,4,2,3,2,1,4,0,0.0,satisfied
3043,Male,Loyal Customer,49,Personal Travel,Business,1668,5,1,4,4,3,3,5,2,4,3,4,4,5,2,9,0.0,neutral or dissatisfied
3044,Female,Loyal Customer,34,Business travel,Eco,2521,4,3,1,5,3,1,3,2,3,3,5,2,3,3,2,14.0,neutral or dissatisfied
3045,Male,Loyal Customer,9,Business travel,Eco,3968,4,5,5,3,2,4,3,4,2,4,3,2,5,4,13,11.0,neutral or dissatisfied
3046,Female,disloyal Customer,43,Personal Travel,Eco,3126,3,2,3,3,2,3,5,3,4,3,4,3,5,4,9,16.0,satisfied
3047,Female,Loyal Customer,79,Personal Travel,Business,3026,2,4,1,3,5,4,3,4,4,4,3,2,4,2,25,33.0,neutral or dissatisfied
3048,Female,disloyal Customer,20,Business travel,Business,2199,4,5,2,3,3,2,3,2,4,1,3,3,4,5,5,17.0,satisfied
3049,Male,Loyal Customer,29,Business travel,Eco,3497,3,2,3,1,1,4,3,3,5,2,2,4,4,5,6,6.0,neutral or dissatisfied
3050,Female,disloyal Customer,21,Business travel,Eco Plus,4342,2,4,2,4,3,3,4,4,2,3,5,2,3,4,7,0.0,neutral or dissatisfied
3051,Female,Loyal Customer,16,Business travel,Eco,3356,2,5,1,3,5,2,3,2,3,2,3,3,2,5,3,0.0,satisfied
3052,Male,Loyal Customer,24,Business travel,Eco,2046,2,3,3,3,4,4,3,2,4,1,2,2,4,3,5,3.0,satisfied
3053,Female,Loyal Customer,51,Personal Travel,Eco,4207,4,4,2,2,2,3,5,4,3,4,2,4,2,2,1,14.0,satisfied
3054,Male,Loyal Customer,67,Business travel,Eco,4715,1,1,4,2,2,4,3,3,5,2,4,4,3,3,12,12.0,neutral or dissatisfied
3055,Female,Loyal Customer,60,Business travel,Eco,3993,4,4,2,3,2,3,3,3,3,2,2,4,2,4,6,16.0,neutral or dissatisfied
3056,Male,Loyal Customer,67,Personal Travel,Eco,4390,2,4,5,4,2,4,2,3,5,4,5,3,4,3,11,4.0,neutral or dissatisfied
3057,Female,Loyal Customer,62,Business travel,Eco,1364,3,2,4,2,2,2,3,5,3,4,4,3,3,4,0,11.0,neutral or dissatisfied
3058,Male,Loyal Customer,36,Business travel,Eco,2134,3,2,3,4,1,5,3,3,5,2,4,4,2,5,2,7.0,neutral or dissatisfied
3059,Male,Loyal Customer,77,Personal Travel,Eco,1284,3,4,4,3,3,2,3,3,1,2,3,4,3,4,3,4.0,neutral or dissatisfied
3060,Male,Loyal Customer,20,Business travel,Business,1860,3,3,1,1,3,4,2,3,4,2,3,4,5,3,2,9.0,neutral or dissatisfied
3061,Male,Loyal Customer,61,Business travel,Business,3680,3,4,2,5,3,3,3,1,3,4,3,3,2,1,21,17.0,neutral or dissatisfied
3062,Male,Loyal Customer,15,Business travel,Eco Plus,3399,2,3,5,3,3,3,2,4,1,4,2,2,3,2,10,13.0,neutral or dissatisfied
3063,Male,Loyal Customer,66,Business travel,Eco,65,4,3,3,4,5,4,4,2,3,3,4,4,4,3,16,10.0,neutral or dissatisfied
3064,Male,Loyal Customer,13,Business travel,Business,3788,3,3,3,4,5,1,3,2,2,3,4,3,3,4,16,12.0,neutral or dissatisfied
3065,Female,disloyal Customer,23,Business travel,Eco,1000,3,3,2,2,3,3,4,1,3,2,2,2,4,2,7,0.0,neutral or dissatisfied
3066,Female,Loyal Customer,37,Business travel,Eco,970,2,4,5,2,4,4,4,2,4,4,4,4,4,3,1,0.0,satisfied
3067,Female,Loyal Customer,61,Personal Travel,Eco,2740,3,4,3,4,3,5,3,1,3,4,3,3,5,4,4,0.0,satisfied
3068,Female,Loyal Customer,10,Business travel,Eco,1243,2,3,2,5,2,3,4,2,4,3,4,3,3,3,11,29.0,neutral or dissatisfied
3069,Male,Loyal Customer,27,Business travel,Business,4816,4,4,5,3,2,1,5,3,3,3,5,3,4,3,36,27.0,neutral or dissatisfied
3070,Male,Loyal Customer,33,Business travel,Business,773,2,4,1,2,3,3,5,4,5,2,4,4,3,2,37,45.0,neutral or dissatisfied
3071,Male,Loyal Customer,64,Personal Travel,Business,800,1,3,3,5,4,3,2,3,3,4,3,5,2,4,10,0.0,neutral or dissatisfied
3072,Male,Loyal Customer,81,Business travel,Eco,3815,3,3,2,2,2,4,3,3,3,2,5,3,3,2,38,34.0,neutral or dissatisfied
3073,Male,Loyal Customer,54,Personal Travel,Business,1468,3,4,2,3,3,3,3,5,4,3,3,3,1,5,26,24.0,satisfied
3074,Female,Loyal Customer,46,Business travel,Eco,3586,2,1,2,3,3,2,4,0,3,4,3,4,4,3,3,14.0,satisfied
3075,Female,disloyal Customer,33,Personal Travel,Eco,3423,4,3,2,3,3,4,3,4,1,4,3,2,1,4,77,79.0,neutral or dissatisfied
3076,Female,Loyal Customer,71,Business travel,Eco,985,0,5,4,2,3,4,3,4,4,4,3,4,2,4,5,0.0,satisfied
3077,Male,Loyal Customer,15,Business travel,Eco,2920,5,3,1,3,4,2,2,4,5,4,4,2,4,3,11,10.0,neutral or dissatisfied
3078,Female,Loyal Customer,17,Business travel,Eco,2707,4,3,4,2,5,4,4,1,5,3,2,1,4,4,33,42.0,neutral or dissatisfied
3079,Male,Loyal Customer,22,Business travel,Eco,518,2,2,4,4,2,3,4,3,4,5,2,5,3,2,14,22.0,neutral or dissatisfied
3080,Male,Loyal Customer,27,Personal Travel,Business,3832,3,4,4,3,2,3,2,2,3,4,2,1,3,2,7,2.0,neutral or dissatisfied
3081,Male,Loyal Customer,43,Business travel,Business,4294,4,3,3,4,3,3,3,2,3,3,4,4,2,2,27,16.0,neutral or dissatisfied
3082,Female,Loyal Customer,80,Business travel,Eco,4737,4,4,3,2,5,3,1,5,5,3,4,5,3,3,61,56.0,neutral or dissatisfied
3083,Male,Loyal Customer,57,Business travel,Business,485,2,2,5,3,1,4,1,3,3,4,5,3,4,5,4,9.0,satisfied
3084,Male,Loyal Customer,36,Personal Travel,Eco,933,1,3,1,4,3,1,4,4,2,2,3,4,3,2,17,3.0,satisfied
3085,Male,disloyal Customer,23,Business travel,Business,4134,5,2,4,4,3,4,4,4,5,2,2,1,1,4,11,10.0,neutral or dissatisfied
3086,Male,Loyal Customer,57,Personal Travel,Eco,1556,4,5,2,1,4,3,3,2,2,3,5,2,2,3,19,10.0,neutral or dissatisfied
3087,Male,Loyal Customer,26,Personal Travel,Business,3146,3,3,4,3,4,3,5,3,1,1,2,3,2,2,28,25.0,neutral or dissatisfied
3088,Male,Loyal Customer,83,Business travel,Eco,1774,3,2,2,2,3,3,1,3,4,3,4,3,3,4,55,59.0,neutral or dissatisfied
3089,Male,disloyal Customer,44,Personal Travel,Business,1127,4,1,4,4,4,2,1,4,4,4,2,3,3,3,3,3.0,satisfied
3090,Male,Loyal Customer,49,Business travel,Eco,3143,4,2,1,5,2,1,2,4,4,3,3,3,2,3,35,40.0,neutral or dissatisfied
3091,Male,Loyal Customer,77,Business travel,Business,1067,1,4,1,0,4,2,1,5,4,4,3,3,4,4,3,12.0,satisfied
3092,Male,Loyal Customer,30,Business travel,Eco,725,3,4,3,2,5,1,3,4,3,4,2,2,1,3,21,50.0,neutral or dissatisfied
3093,Female,Loyal Customer,43,Business travel,Business,2675,2,2,5,3,3,2,4,4,3,2,5,3,2,3,0,7.0,satisfied
3094,Male,Loyal Customer,48,Business travel,Eco,1007,3,2,4,3,3,1,4,4,3,3,2,2,4,3,40,44.0,neutral or dissatisfied
3095,Female,disloyal Customer,28,Business travel,Eco,1001,4,5,4,4,3,5,4,5,3,2,2,3,4,3,4,0.0,satisfied
3096,Female,Loyal Customer,11,Personal Travel,Eco Plus,3913,1,5,4,3,4,2,4,3,4,3,2,5,3,2,7,14.0,neutral or dissatisfied
3097,Male,Loyal Customer,29,Business travel,Eco,2667,2,4,3,2,3,3,3,1,4,4,1,1,4,4,25,37.0,neutral or dissatisfied
3098,Male,Loyal Customer,15,Business travel,Eco,2733,2,5,4,2,2,4,3,3,2,4,3,3,3,3,7,2.0,neutral or dissatisfied
3099,Male,disloyal Customer,59,Business travel,Eco,759,3,5,2,2,4,4,4,2,2,2,2,4,3,4,0,0.0,neutral or dissatisfied
3100,Male,disloyal Customer,7,Business travel,Business,843,4,5,3,2,2,3,2,2,4,3,4,4,4,3,4,0.0,neutral or dissatisfied
3101,Male,Loyal Customer,31,Personal Travel,Eco,1984,5,3,3,2,3,3,0,3,3,2,4,3,4,4,20,10.0,neutral or dissatisfied
3102,Male,Loyal Customer,75,Business travel,Business,1972,3,2,2,3,1,3,4,3,2,2,2,2,5,3,11,11.0,satisfied
3103,Male,Loyal Customer,51,Business travel,Eco,2285,4,5,3,3,3,5,3,4,1,5,2,4,3,5,14,4.0,satisfied
3104,Male,Loyal Customer,59,Business travel,Business,715,4,2,3,2,3,4,5,4,5,5,5,2,3,2,5,5.0,satisfied
3105,Female,disloyal Customer,59,Personal Travel,Business,4497,4,2,2,2,1,4,4,4,4,5,2,4,3,2,21,23.0,satisfied
3106,Male,Loyal Customer,30,Business travel,Eco,1845,3,2,3,2,3,5,4,2,4,3,4,3,3,5,9,11.0,satisfied
3107,Female,Loyal Customer,56,Personal Travel,Business,4090,3,3,3,2,2,4,3,2,4,3,2,2,5,4,12,9.0,neutral or dissatisfied
3108,Male,Loyal Customer,24,Business travel,Business,2030,2,1,2,2,3,4,2,1,3,4,2,3,4,5,5,0.0,neutral or dissatisfied
3109,Female,Loyal Customer,56,Business travel,Business,2387,2,1,3,4,3,4,3,4,3,3,3,5,2,4,10,19.0,satisfied
3110,Male,disloyal Customer,60,Business travel,Eco,604,3,2,2,5,1,4,4,5,3,1,5,2,2,3,83,69.0,neutral or dissatisfied
3111,Female,Loyal Customer,75,Business travel,Business,3399,3,2,3,2,2,2,4,3,2,5,2,1,5,5,2,2.0,satisfied
3112,Female,Loyal Customer,78,Business travel,Business,346,3,4,2,4,2,2,4,3,1,2,4,2,3,1,3,14.0,satisfied
3113,Male,Loyal Customer,8,Business travel,Eco Plus,3751,4,3,4,4,4,3,3,3,5,4,5,3,4,4,26,26.0,neutral or dissatisfied
3114,Female,disloyal Customer,30,Business travel,Eco,4413,3,4,4,3,4,4,2,3,3,4,3,5,3,0,2,12.0,neutral or dissatisfied
3115,Male,Loyal Customer,49,Business travel,Business,1840,2,4,2,5,5,4,4,5,3,5,4,3,4,5,18,22.0,neutral or dissatisfied
3116,Male,disloyal Customer,32,Business travel,Eco,4443,3,3,4,3,2,5,4,3,2,4,4,1,3,2,0,0.0,neutral or dissatisfied
3117,Female,Loyal Customer,55,Business travel,Business,3509,4,4,5,3,2,3,3,4,4,2,2,3,3,3,3,13.0,neutral or dissatisfied
3118,Female,Loyal Customer,73,Business travel,Eco,62,2,3,2,3,3,4,4,5,3,4,2,4,3,2,8,4.0,neutral or dissatisfied
3119,Male,Loyal Customer,27,Business travel,Business,1054,3,3,2,3,3,4,4,4,2,3,3,3,5,4,1,0.0,satisfied
3120,Female,Loyal Customer,76,Business travel,Business,3223,3,1,4,4,2,3,3,3,3,2,3,4,2,3,31,36.0,satisfied
3121,Female,Loyal Customer,75,Personal Travel,Business,3523,2,4,2,3,3,3,3,3,4,1,3,1,4,5,1,0.0,satisfied
3122,Female,Loyal Customer,78,Business travel,Eco,513,3,2,2,4,4,2,2,3,3,3,4,2,5,2,6,13.0,neutral or dissatisfied
3123,Male,Loyal Customer,12,Business travel,Business,3438,1,3,2,2,1,3,3,4,4,1,2,3,4,2,9,12.0,satisfied
3124,Female,Loyal Customer,29,Business travel,Eco,4060,3,3,4,2,2,3,4,3,5,5,2,4,3,3,3,16.0,satisfied
3125,Male,Loyal Customer,16,Personal Travel,Eco,504,1,2,2,2,1,4,4,4,3,1,3,2,3,5,2,11.0,neutral or dissatisfied
3126,Female,Loyal Customer,16,Business travel,Eco,4403,4,3,3,3,3,5,4,4,3,3,3,3,2,4,14,13.0,neutral or dissatisfied
3127,Female,Loyal Customer,11,Business travel,Eco,2688,3,3,2,4,3,3,4,1,2,3,5,3,5,4,8,5.0,neutral or dissatisfied
3128,Female,Loyal Customer,41,Business travel,Business,3102,2,3,4,2,4,5,3,1,3,3,4,2,3,3,28,23.0,neutral or dissatisfied
3129,Female,disloyal Customer,13,Business travel,Business,300,4,3,2,4,3,3,2,3,1,2,4,2,3,2,0,0.0,satisfied
3130,Female,disloyal Customer,30,Personal Travel,Business,3085,2,2,1,3,3,4,3,4,4,4,3,3,2,5,9,2.0,neutral or dissatisfied
3131,Male,Loyal Customer,83,Business travel,Eco,2299,2,4,1,3,1,3,3,4,2,3,3,3,3,2,16,14.0,neutral or dissatisfied
3132,Male,Loyal Customer,75,Business travel,Business,1888,1,2,4,4,2,2,4,2,2,3,3,4,3,3,11,1.0,satisfied
3133,Female,Loyal Customer,80,Business travel,Eco,3912,4,2,4,4,3,3,4,4,3,2,3,3,4,2,1,0.0,neutral or dissatisfied
3134,Male,Loyal Customer,9,Personal Travel,Eco,1284,5,4,4,3,2,5,4,5,5,4,3,4,3,3,7,17.0,neutral or dissatisfied
3135,Female,disloyal Customer,58,Personal Travel,Eco,346,1,4,2,3,4,3,1,2,2,5,3,3,4,1,7,0.0,neutral or dissatisfied
3136,Male,Loyal Customer,56,Personal Travel,Eco,2521,2,4,3,3,4,3,2,2,3,5,3,3,1,4,21,10.0,neutral or dissatisfied
3137,Female,Loyal Customer,17,Personal Travel,Business,3731,3,3,5,1,2,3,3,3,4,2,3,4,5,5,13,8.0,satisfied
3138,Male,Loyal Customer,77,Personal Travel,Business,711,2,1,3,2,1,3,4,3,2,3,5,3,2,4,2,12.0,satisfied
3139,Male,Loyal Customer,38,Business travel,Eco,4924,3,5,2,4,2,5,5,5,3,1,4,3,4,2,19,12.0,satisfied
3140,Male,disloyal Customer,83,Business travel,Business,3377,3,1,3,1,2,5,2,4,1,4,4,3,0,4,5,3.0,satisfied
3141,Male,Loyal Customer,15,Business travel,Eco,4673,3,4,4,2,2,3,2,3,3,1,4,4,3,3,12,14.0,neutral or dissatisfied
3142,Male,Loyal Customer,57,Business travel,Eco Plus,2376,2,5,4,3,1,4,3,3,5,3,3,3,4,3,0,4.0,satisfied
3143,Male,Loyal Customer,17,Personal Travel,Business,659,3,3,2,5,3,4,2,2,4,4,4,1,2,5,15,15.0,satisfied
3144,Female,disloyal Customer,81,Business travel,Business,929,2,3,2,4,4,3,2,5,3,3,3,2,3,3,12,15.0,neutral or dissatisfied
3145,Female,Loyal Customer,54,Business travel,Business,2528,3,3,3,4,2,2,3,4,2,2,2,2,4,4,24,31.0,satisfied
3146,Female,disloyal Customer,12,Business travel,Business,2962,1,3,2,2,3,3,4,3,3,4,3,4,4,1,0,0.0,neutral or dissatisfied
3147,Female,disloyal Customer,23,Business travel,Eco Plus,3683,3,5,2,3,3,4,3,3,2,4,5,1,1,3,0,0.0,satisfied
3148,Female,Loyal Customer,35,Business travel,Eco Plus,3986,2,2,5,1,4,4,2,3,3,2,4,3,4,4,1,0.0,satisfied
3149,Female,disloyal Customer,8,Business travel,Business,3825,4,2,3,3,2,1,3,1,3,3,3,4,5,3,21,19.0,neutral or dissatisfied
3150,Male,Loyal Customer,7,Personal Travel,Eco Plus,2964,3,3,3,4,3,3,2,2,3,2,4,4,5,4,6,15.0,neutral or dissatisfied
3151,Female,Loyal Customer,79,Business travel,Business,139,3,5,3,1,3,2,4,3,3,4,3,3,2,2,2,9.0,neutral or dissatisfied
3152,Male,Loyal Customer,83,Business travel,Eco Plus,2671,3,2,3,3,4,4,5,3,4,3,5,1,2,3,11,11.0,satisfied
3153,Male,Loyal Customer,48,Business travel,Eco,4106,1,3,3,4,4,2,1,3,2,5,3,3,3,3,21,27.0,neutral or dissatisfied
3154,Female,Loyal Customer,77,Personal Travel,Business,4246,1,4,2,2,3,3,3,5,4,2,3,5,4,3,18,34.0,satisfied
3155,Male,Loyal Customer,58,Business travel,Eco,4180,3,4,4,2,1,3,2,3,4,3,2,2,4,4,7,0.0,satisfied
3156,Female,Loyal Customer,9,Business travel,Eco,103,3,4,4,2,2,4,3,2,5,3,3,5,2,4,19,14.0,neutral or dissatisfied
3157,Female,Loyal Customer,62,Personal Travel,Business,2204,3,5,3,3,2,4,3,3,4,3,0,4,3,4,18,16.0,neutral or dissatisfied
3158,Female,Loyal Customer,8,Personal Travel,Business,3102,2,3,2,3,2,4,2,2,5,2,3,3,2,0,22,25.0,satisfied
3159,Female,Loyal Customer,70,Business travel,Eco,1275,3,2,4,4,3,4,5,3,4,1,4,3,2,3,7,11.0,satisfied
3160,Female,Loyal Customer,35,Business travel,Business,2077,3,3,3,2,3,5,3,2,3,4,5,3,4,4,15,7.0,satisfied
3161,Male,disloyal Customer,18,Business travel,Business,531,4,3,2,5,3,1,3,3,2,3,4,2,3,3,2,3.0,satisfied
3162,Female,disloyal Customer,27,Personal Travel,Business,1008,4,5,4,5,4,4,3,3,4,2,3,3,4,3,17,23.0,satisfied
3163,Male,Loyal Customer,60,Business travel,Eco,78,2,2,2,3,4,3,2,3,3,2,2,5,3,4,14,5.0,satisfied
3164,Male,Loyal Customer,73,Personal Travel,Business,4898,3,4,4,3,2,2,3,4,5,2,3,5,4,4,17,18.0,satisfied
3165,Male,Loyal Customer,51,Personal Travel,Eco,4305,3,1,0,2,3,3,1,4,4,1,1,3,2,4,8,4.0,satisfied
3166,Male,Loyal Customer,19,Business travel,Business,2048,3,3,3,3,4,4,1,5,4,4,3,2,3,2,2,0.0,satisfied
3167,Female,Loyal Customer,77,Business travel,Business,71,5,3,4,4,4,5,2,4,3,4,2,1,2,2,0,,satisfied
3168,Male,Loyal Customer,68,Personal Travel,Eco,1709,3,4,3,3,3,2,3,3,3,2,3,5,4,4,19,22.0,neutral or dissatisfied
3169,Female,Loyal Customer,38,Personal Travel,Business,2198,4,4,4,3,3,4,1,3,1,5,3,4,5,1,1,0.0,neutral or dissatisfied
3170,Female,Loyal Customer,50,Personal Travel,Eco,886,2,5,2,3,4,5,3,4,4,2,4,4,4,5,17,24.0,neutral or dissatisfied
3171,Female,Loyal Customer,82,Business travel,Business,3325,2,4,3,3,3,5,3,5,5,4,1,2,3,3,3,19.0,satisfied
3172,Female,Loyal Customer,36,Personal Travel,Eco,4988,1,3,3,2,1,0,3,4,5,3,3,2,3,2,12,12.0,neutral or dissatisfied
3173,Male,disloyal Customer,9,Personal Travel,Business,4227,3,2,3,3,1,5,4,2,3,2,4,2,3,3,12,1.0,neutral or dissatisfied
3174,Male,Loyal Customer,18,Personal Travel,Eco,4287,4,2,5,2,5,4,5,4,1,3,5,0,4,5,1,0.0,neutral or dissatisfied
3175,Female,Loyal Customer,53,Business travel,Business,4163,0,3,4,2,1,1,4,3,3,3,3,2,4,2,37,22.0,satisfied
3176,Female,Loyal Customer,84,Business travel,Eco,396,3,3,4,3,3,2,2,4,3,2,5,3,1,1,4,4.0,neutral or dissatisfied
3177,Female,Loyal Customer,64,Business travel,Business,2779,4,3,4,2,4,5,4,4,4,4,4,3,4,2,17,14.0,satisfied
3178,Male,Loyal Customer,55,Personal Travel,Business,2850,4,2,2,2,1,4,5,3,1,4,3,2,2,4,38,44.0,neutral or dissatisfied
3179,Male,Loyal Customer,32,Personal Travel,Eco,549,2,5,2,4,2,3,2,2,3,4,5,4,2,5,6,2.0,satisfied
3180,Male,Loyal Customer,41,Business travel,Business,779,4,1,1,3,2,3,2,4,2,3,3,2,4,5,1,8.0,satisfied
3181,Male,Loyal Customer,9,Business travel,Business,2847,3,2,2,5,5,4,2,2,5,3,2,4,3,3,12,6.0,neutral or dissatisfied
3182,Male,Loyal Customer,35,Business travel,Eco,3593,4,2,2,4,5,3,3,3,1,3,4,4,5,4,1,1.0,neutral or dissatisfied
3183,Female,Loyal Customer,55,Business travel,Eco,1085,3,3,3,2,2,3,4,3,4,4,4,4,3,4,4,0.0,neutral or dissatisfied
3184,Male,Loyal Customer,77,Personal Travel,Eco,2446,3,4,2,4,4,4,5,3,3,2,4,3,4,3,1,0.0,neutral or dissatisfied
3185,Female,Loyal Customer,78,Business travel,Eco Plus,422,4,3,3,2,3,2,4,4,1,0,4,2,2,1,16,22.0,satisfied
3186,Female,disloyal Customer,71,Business travel,Business,596,3,3,3,5,3,2,4,3,5,4,5,2,3,3,9,17.0,neutral or dissatisfied
3187,Female,Loyal Customer,8,Personal Travel,Business,2922,3,4,2,3,1,2,3,1,5,3,2,1,3,4,8,3.0,satisfied
3188,Male,Loyal Customer,70,Business travel,Eco,2807,4,3,5,4,5,2,4,3,5,4,3,4,4,5,0,4.0,satisfied
3189,Male,disloyal Customer,24,Business travel,Business,3762,3,3,2,3,1,3,4,3,3,2,3,1,2,4,12,18.0,neutral or dissatisfied
3190,Female,Loyal Customer,55,Business travel,Business,4557,2,3,4,3,3,1,5,5,2,3,4,3,5,4,13,5.0,satisfied
3191,Male,Loyal Customer,80,Business travel,Business,990,4,2,1,3,2,3,3,2,3,5,4,3,3,4,21,24.0,satisfied
3192,Female,Loyal Customer,76,Business travel,Business,1738,5,2,3,2,4,4,3,5,4,3,4,2,4,3,8,8.0,satisfied
3193,Female,Loyal Customer,58,Business travel,Business,4286,4,3,2,3,4,2,3,4,3,5,4,3,2,2,15,17.0,neutral or dissatisfied
3194,Male,Loyal Customer,30,Business travel,Business,301,4,4,2,4,2,2,3,3,2,4,3,3,2,4,19,19.0,neutral or dissatisfied
3195,Female,disloyal Customer,47,Business travel,Eco,4149,0,4,5,2,2,3,3,3,4,2,4,3,1,5,6,0.0,neutral or dissatisfied
3196,Male,disloyal Customer,61,Business travel,Eco,4728,2,5,3,5,1,2,2,2,3,3,3,4,4,3,0,1.0,satisfied
3197,Male,Loyal Customer,47,Business travel,Eco Plus,544,2,4,2,4,3,4,4,4,4,5,4,3,4,5,14,13.0,neutral or dissatisfied
3198,Female,Loyal Customer,38,Business travel,Business,751,3,3,4,3,4,2,5,2,5,3,4,3,3,3,11,9.0,satisfied
3199,Female,Loyal Customer,38,Business travel,Business,3437,5,3,3,2,3,3,3,3,4,4,4,2,1,2,1,0.0,neutral or dissatisfied
3200,Male,Loyal Customer,53,Business travel,Eco,2401,2,3,3,5,3,2,4,2,2,5,4,3,3,3,35,43.0,neutral or dissatisfied
3201,Female,Loyal Customer,9,Personal Travel,Business,4938,5,3,2,4,5,4,4,4,3,0,3,3,4,3,0,0.0,neutral or dissatisfied
3202,Female,Loyal Customer,84,Business travel,Business,2746,3,3,2,4,4,3,3,3,4,4,3,2,3,4,26,10.0,neutral or dissatisfied
3203,Female,Loyal Customer,14,Business travel,Eco,3292,2,3,2,3,4,5,3,3,4,4,2,3,4,4,13,23.0,satisfied
3204,Male,Loyal Customer,83,Business travel,Eco,1223,4,2,4,4,1,4,3,3,4,2,4,0,1,2,5,8.0,satisfied
3205,Male,Loyal Customer,9,Business travel,Business,1656,4,4,3,3,4,4,3,2,3,4,5,4,3,2,6,13.0,neutral or dissatisfied
3206,Female,Loyal Customer,46,Business travel,Eco,928,4,1,2,3,3,3,4,4,3,3,1,1,3,3,12,10.0,satisfied
3207,Female,Loyal Customer,39,Business travel,Eco,777,2,3,3,3,2,2,4,2,4,1,4,4,4,5,0,0.0,satisfied
3208,Female,disloyal Customer,51,Business travel,Eco,610,4,4,3,4,2,3,4,4,4,4,3,4,3,2,10,18.0,satisfied
3209,Male,Loyal Customer,40,Personal Travel,Business,4469,2,4,4,5,3,2,3,3,4,3,3,4,4,4,6,9.0,satisfied
3210,Male,Loyal Customer,76,Business travel,Eco,396,2,3,2,3,2,1,2,3,2,3,4,2,2,4,1,0.0,neutral or dissatisfied
3211,Female,Loyal Customer,8,Business travel,Eco,2606,3,5,3,2,2,4,4,4,5,4,3,3,3,3,18,13.0,satisfied
3212,Male,Loyal Customer,83,Personal Travel,Business,2565,2,3,3,5,2,3,2,4,3,2,4,3,3,2,3,0.0,satisfied
3213,Male,disloyal Customer,60,Business travel,Eco,326,4,1,2,5,4,2,2,2,3,4,3,3,3,4,0,7.0,neutral or dissatisfied
3214,Female,disloyal Customer,67,Business travel,Eco,4218,2,3,4,3,2,4,3,5,3,2,5,4,5,3,4,11.0,neutral or dissatisfied
3215,Female,Loyal Customer,17,Business travel,Business,2528,3,1,3,5,3,3,1,0,3,5,3,4,3,3,10,15.0,satisfied
3216,Male,Loyal Customer,12,Business travel,Business,677,2,2,2,3,4,5,3,4,2,4,2,4,3,4,20,29.0,satisfied
3217,Male,Loyal Customer,37,Personal Travel,Business,687,4,4,2,2,1,4,4,3,4,5,4,4,2,5,6,0.0,neutral or dissatisfied
3218,Male,Loyal Customer,32,Business travel,Eco,3518,2,2,3,2,3,3,3,4,2,4,2,4,4,5,4,2.0,neutral or dissatisfied
3219,Female,Loyal Customer,68,Business travel,Business,3117,4,4,2,2,3,4,5,5,3,3,3,3,3,3,15,12.0,satisfied
3220,Male,Loyal Customer,76,Personal Travel,Eco,2092,4,2,4,3,3,3,5,3,1,2,5,4,3,0,6,0.0,neutral or dissatisfied
3221,Female,Loyal Customer,40,Business travel,Business,2055,3,4,3,2,2,3,4,3,1,2,3,3,2,3,15,11.0,satisfied
3222,Male,Loyal Customer,66,Business travel,Eco,224,3,1,3,2,2,5,1,4,4,3,2,1,4,2,5,6.0,neutral or dissatisfied
3223,Female,Loyal Customer,11,Business travel,Eco,207,2,4,2,3,5,2,5,2,2,2,3,4,4,3,9,17.0,satisfied
3224,Female,Loyal Customer,64,Business travel,Eco,2703,4,2,3,4,2,2,3,3,4,3,4,4,5,3,2,6.0,neutral or dissatisfied
3225,Female,Loyal Customer,14,Business travel,Eco,1850,3,5,4,2,2,3,5,3,3,2,3,3,3,3,9,4.0,satisfied
3226,Female,Loyal Customer,59,Business travel,Business,1297,3,2,3,2,3,3,3,2,3,2,4,3,3,4,3,10.0,neutral or dissatisfied
3227,Female,Loyal Customer,36,Business travel,Business,1926,3,5,2,2,2,4,3,3,3,3,3,5,2,3,5,7.0,satisfied
3228,Male,Loyal Customer,39,Personal Travel,Eco,3046,1,2,2,4,4,2,3,4,3,2,3,3,3,3,31,18.0,satisfied
3229,Female,Loyal Customer,28,Business travel,Business,1501,3,1,3,3,3,3,2,4,2,3,4,5,3,4,28,29.0,satisfied
3230,Female,Loyal Customer,38,Personal Travel,Eco,1779,4,3,5,3,4,3,1,3,4,4,5,4,4,2,1,7.0,neutral or dissatisfied
3231,Female,Loyal Customer,75,Business travel,Eco,1449,3,4,2,5,3,5,1,3,3,2,3,3,2,3,9,13.0,neutral or dissatisfied
3232,Male,disloyal Customer,70,Personal Travel,Eco,3348,4,4,3,5,3,4,5,3,3,2,3,2,3,2,26,17.0,neutral or dissatisfied
3233,Female,Loyal Customer,33,Business travel,Business,321,3,4,1,4,4,3,1,1,4,3,4,3,2,4,8,1.0,neutral or dissatisfied
3234,Male,Loyal Customer,29,Personal Travel,Eco,4596,2,4,3,4,2,4,1,2,3,2,3,4,3,3,7,23.0,neutral or dissatisfied
3235,Female,Loyal Customer,46,Personal Travel,Business,2794,2,2,3,2,3,2,4,4,1,4,4,2,5,5,10,4.0,satisfied
3236,Female,Loyal Customer,60,Business travel,Eco,1260,3,4,1,3,4,5,2,5,2,2,2,3,3,1,10,10.0,neutral or dissatisfied
3237,Male,Loyal Customer,21,Business travel,Eco,3809,5,3,3,3,3,2,1,2,4,3,3,5,2,4,14,0.0,neutral or dissatisfied
3238,Female,Loyal Customer,63,Personal Travel,Eco,4702,3,2,3,4,2,5,0,4,3,3,3,1,4,1,14,24.0,neutral or dissatisfied
3239,Female,Loyal Customer,80,Personal Travel,Eco,338,2,3,3,3,1,4,4,2,4,2,1,3,4,2,21,27.0,neutral or dissatisfied
3240,Male,Loyal Customer,72,Business travel,Business,1061,2,3,3,3,3,3,2,3,4,2,2,4,2,1,31,45.0,satisfied
3241,Male,Loyal Customer,49,Personal Travel,Eco,762,1,5,2,4,2,5,4,3,5,2,4,3,2,3,2,0.0,neutral or dissatisfied
3242,Male,Loyal Customer,31,Business travel,Eco,399,2,2,3,5,3,4,3,3,1,4,4,1,2,3,7,17.0,satisfied
3243,Female,Loyal Customer,32,Business travel,Business,3706,4,2,2,5,3,3,3,2,3,5,4,2,3,3,1,0.0,satisfied
3244,Female,Loyal Customer,64,Business travel,Eco Plus,1003,3,2,4,4,2,3,3,3,3,5,4,1,5,1,16,28.0,satisfied
3245,Female,Loyal Customer,42,Personal Travel,Eco,1948,2,5,0,4,3,3,3,4,3,4,3,2,2,3,1,0.0,satisfied
3246,Female,Loyal Customer,15,Business travel,Eco Plus,4083,2,2,3,3,3,3,2,2,4,2,1,4,1,3,40,48.0,neutral or dissatisfied
3247,Female,Loyal Customer,59,Business travel,Eco,3078,4,4,3,4,4,4,2,3,4,2,2,3,3,2,21,21.0,neutral or dissatisfied
3248,Male,Loyal Customer,17,Business travel,Business,3403,3,2,4,2,3,4,2,4,3,5,4,4,2,3,8,13.0,satisfied
3249,Male,Loyal Customer,83,Business travel,Eco,533,2,4,3,3,5,4,5,3,1,5,2,4,2,4,22,26.0,satisfied
3250,Male,disloyal Customer,39,Business travel,Business,4855,3,3,3,5,3,3,3,3,5,4,3,2,4,3,30,33.0,satisfied
3251,Male,Loyal Customer,33,Business travel,Eco,459,5,4,3,4,2,2,1,2,3,4,3,3,3,2,14,33.0,neutral or dissatisfied
3252,Female,Loyal Customer,11,Personal Travel,Business,3563,4,4,4,3,3,4,3,5,3,3,2,1,4,3,3,18.0,neutral or dissatisfied
3253,Male,Loyal Customer,20,Business travel,Eco,3215,5,3,3,3,4,1,2,5,5,5,4,3,4,5,12,16.0,satisfied
3254,Male,Loyal Customer,80,Business travel,Business,2092,1,2,1,3,4,2,3,3,3,2,5,3,2,4,11,13.0,neutral or dissatisfied
3255,Male,Loyal Customer,48,Business travel,Business,4198,3,5,1,1,4,4,3,4,5,1,3,3,1,2,5,17.0,satisfied
3256,Male,disloyal Customer,77,Business travel,Business,4467,2,2,4,2,2,4,5,3,3,4,3,1,4,5,22,34.0,satisfied
3257,Male,Loyal Customer,81,Business travel,Eco,397,4,1,3,4,4,3,3,3,5,2,2,1,3,3,2,3.0,neutral or dissatisfied
3258,Male,Loyal Customer,10,Business travel,Business,4792,4,1,3,2,3,3,4,2,4,2,3,5,5,3,18,18.0,satisfied
3259,Female,Loyal Customer,36,Business travel,Business,1243,3,1,2,3,2,4,4,1,2,4,4,4,4,2,4,0.0,satisfied
3260,Male,Loyal Customer,72,Business travel,Business,3968,2,4,3,2,3,4,2,3,5,1,3,3,5,3,3,5.0,neutral or dissatisfied
3261,Male,Loyal Customer,45,Business travel,Business,4112,2,5,3,2,4,3,3,3,4,3,3,4,2,1,5,7.0,neutral or dissatisfied
3262,Male,Loyal Customer,46,Personal Travel,Eco Plus,2805,4,1,4,3,4,2,2,4,3,3,4,5,3,2,8,16.0,neutral or dissatisfied
3263,Female,Loyal Customer,51,Business travel,Eco,4323,4,2,2,4,2,4,2,4,2,5,3,4,4,4,39,53.0,satisfied
3264,Female,disloyal Customer,61,Business travel,Business,4137,3,3,1,4,2,5,2,3,4,4,3,3,3,3,4,14.0,neutral or dissatisfied
3265,Female,Loyal Customer,80,Business travel,Business,2637,3,5,2,2,2,2,4,2,5,4,3,3,3,2,13,21.0,satisfied
3266,Female,Loyal Customer,76,Business travel,Business,936,3,2,2,3,2,3,5,2,4,2,5,4,3,3,26,25.0,satisfied
3267,Female,Loyal Customer,55,Business travel,Business,2201,3,4,1,1,3,3,2,5,4,1,3,3,2,4,10,8.0,satisfied
3268,Female,disloyal Customer,52,Business travel,Business,4506,4,3,5,3,2,5,3,4,5,3,2,4,2,4,10,16.0,satisfied
3269,Male,disloyal Customer,35,Business travel,Business,1053,4,5,1,4,3,2,4,5,4,4,4,3,3,4,4,9.0,neutral or dissatisfied
3270,Female,Loyal Customer,16,Business travel,Business,4997,3,3,4,3,5,3,3,5,2,3,3,4,3,2,32,38.0,satisfied
3271,Male,disloyal Customer,62,Business travel,Business,949,3,3,4,4,5,3,5,2,3,4,4,4,2,2,0,0.0,satisfied
3272,Male,disloyal Customer,7,Business travel,Eco,3342,3,3,4,4,5,2,5,4,4,4,1,2,3,5,3,0.0,neutral or dissatisfied
3273,Female,disloyal Customer,61,Personal Travel,Business,3222,2,3,3,3,1,2,3,2,4,2,3,3,2,3,18,15.0,neutral or dissatisfied
3274,Male,disloyal Customer,45,Business travel,Eco,1019,2,4,4,3,5,4,5,4,4,4,3,4,4,3,11,17.0,satisfied
3275,Male,Loyal Customer,68,Business travel,Eco,2387,4,2,5,2,3,4,3,4,4,3,2,2,4,3,2,2.0,neutral or dissatisfied
3276,Female,Loyal Customer,81,Business travel,Eco,764,2,1,3,1,3,3,2,1,4,4,2,2,4,3,7,19.0,neutral or dissatisfied
3277,Male,Loyal Customer,50,Business travel,Business,1855,4,3,3,2,4,5,3,4,4,2,3,4,2,2,7,0.0,satisfied
3278,Male,Loyal Customer,51,Business travel,Eco,4799,3,4,4,4,4,1,4,2,4,2,2,5,2,0,13,6.0,neutral or dissatisfied
3279,Female,Loyal Customer,45,Business travel,Eco,318,4,2,2,5,1,2,3,3,4,3,0,0,5,3,0,0.0,satisfied
3280,Female,Loyal Customer,36,Business travel,Eco Plus,4363,4,3,3,2,2,2,4,2,3,5,2,4,3,3,2,0.0,satisfied
3281,Male,disloyal Customer,13,Business travel,Eco,3403,4,2,2,3,3,3,3,4,3,3,2,0,4,1,7,1.0,satisfied
3282,Female,Loyal Customer,9,Business travel,Business,3755,2,4,4,1,2,3,5,2,4,4,3,3,2,3,1,1.0,neutral or dissatisfied
3283,Female,disloyal Customer,63,Business travel,Eco Plus,1446,3,4,1,2,4,3,4,2,3,3,2,1,3,4,53,54.0,neutral or dissatisfied
3284,Male,Loyal Customer,78,Business travel,Eco,4748,4,3,5,3,5,4,5,2,5,3,3,2,5,4,40,31.0,neutral or dissatisfied
3285,Male,Loyal Customer,11,Personal Travel,Business,1304,1,3,4,2,3,5,2,3,3,4,2,3,3,2,18,14.0,neutral or dissatisfied
3286,Male,Loyal Customer,32,Business travel,Business,2541,5,1,4,1,3,4,3,4,2,3,4,4,3,4,16,21.0,satisfied
3287,Male,Loyal Customer,54,Personal Travel,Eco Plus,232,5,2,0,5,3,3,3,5,2,3,4,5,4,4,4,,satisfied
3288,Male,Loyal Customer,61,Personal Travel,Business,4444,4,3,2,3,3,3,2,4,3,2,3,2,4,5,0,0.0,satisfied
3289,Male,Loyal Customer,64,Business travel,Eco,3537,4,4,5,2,4,4,2,4,4,3,3,4,5,4,7,5.0,neutral or dissatisfied
3290,Male,Loyal Customer,61,Business travel,Business,855,4,4,3,3,1,5,4,4,2,2,4,3,3,4,8,0.0,neutral or dissatisfied
3291,Male,Loyal Customer,13,Personal Travel,Eco,3327,3,3,1,3,4,4,4,4,4,3,3,3,4,3,0,14.0,satisfied
3292,Male,Loyal Customer,26,Business travel,Business,954,3,4,3,3,3,3,3,4,2,3,3,5,3,3,13,20.0,neutral or dissatisfied
3293,Male,disloyal Customer,43,Business travel,Eco,2249,4,5,4,3,2,3,4,5,3,3,1,4,2,5,4,23.0,satisfied
3294,Male,Loyal Customer,11,Business travel,Eco,2586,2,3,4,3,2,4,2,4,4,2,3,1,4,2,33,33.0,satisfied
3295,Male,Loyal Customer,33,Business travel,Eco,4659,2,3,3,4,5,3,3,4,2,3,2,3,2,5,14,12.0,satisfied
3296,Female,Loyal Customer,37,Personal Travel,Business,1695,3,3,4,2,2,4,2,3,4,3,4,2,4,4,31,25.0,neutral or dissatisfied
3297,Male,disloyal Customer,83,Personal Travel,Business,113,4,3,2,2,3,3,3,4,5,2,3,3,2,3,5,8.0,neutral or dissatisfied
3298,Female,Loyal Customer,31,Personal Travel,Business,2190,2,3,4,4,5,4,4,4,3,2,2,3,2,1,26,23.0,satisfied
3299,Female,Loyal Customer,82,Personal Travel,Business,4636,3,5,3,2,2,2,5,2,3,4,4,4,2,3,9,2.0,satisfied
3300,Female,Loyal Customer,61,Business travel,Eco Plus,4001,3,4,3,3,2,1,2,5,3,5,2,2,4,3,1,11.0,neutral or dissatisfied
3301,Female,Loyal Customer,60,Business travel,Business,342,2,4,3,2,3,3,4,3,3,3,3,3,2,1,74,74.0,neutral or dissatisfied
3302,Male,Loyal Customer,70,Personal Travel,Business,314,0,3,3,3,3,3,5,3,3,2,1,3,4,3,13,15.0,satisfied
3303,Female,Loyal Customer,72,Personal Travel,Eco,3796,2,2,3,2,3,1,2,4,3,3,2,3,2,4,2,3.0,satisfied
3304,Male,Loyal Customer,24,Personal Travel,Business,3618,3,3,3,2,2,3,2,3,1,3,3,3,3,3,12,15.0,satisfied
3305,Male,Loyal Customer,39,Personal Travel,Business,2808,4,4,4,4,3,5,2,4,4,4,5,4,3,3,10,0.0,satisfied
3306,Male,Loyal Customer,48,Business travel,Eco,486,4,5,2,4,3,4,4,2,2,3,3,3,5,1,8,0.0,satisfied
3307,Male,disloyal Customer,83,Business travel,Business,1436,4,0,5,3,4,3,2,4,4,2,2,4,1,3,1,15.0,satisfied
3308,Male,Loyal Customer,10,Personal Travel,Eco,4245,2,5,2,4,4,2,4,3,4,5,3,3,4,5,8,8.0,neutral or dissatisfied
3309,Male,Loyal Customer,44,Business travel,Eco,740,2,3,4,2,1,5,3,3,4,2,5,2,3,3,20,23.0,satisfied
3310,Female,Loyal Customer,23,Business travel,Business,1049,3,4,4,2,4,3,5,4,2,4,1,3,2,3,15,21.0,satisfied
3311,Female,Loyal Customer,23,Business travel,Eco,2288,3,1,3,3,3,3,4,3,4,5,4,2,4,4,22,20.0,satisfied
3312,Male,Loyal Customer,66,Business travel,Eco,3687,4,3,3,3,4,4,2,4,3,3,4,4,2,5,23,15.0,neutral or dissatisfied
3313,Female,Loyal Customer,22,Business travel,Business,4149,3,4,2,3,4,3,3,3,3,3,3,4,2,5,8,0.0,satisfied
3314,Male,Loyal Customer,68,Business travel,Eco,2979,4,2,2,4,5,5,4,3,5,1,3,3,2,4,16,8.0,neutral or dissatisfied
3315,Male,Loyal Customer,84,Business travel,Business,2487,2,0,3,2,3,4,2,1,2,3,5,3,3,1,2,0.0,neutral or dissatisfied
3316,Female,Loyal Customer,67,Business travel,Eco,1958,4,3,3,3,3,4,5,5,4,4,4,1,3,4,6,0.0,satisfied
3317,Female,Loyal Customer,20,Business travel,Eco,266,5,3,4,4,2,3,3,2,5,3,2,3,2,3,7,0.0,neutral or dissatisfied
3318,Male,disloyal Customer,18,Business travel,Business,1374,3,5,2,4,2,4,4,5,4,3,3,0,4,3,1,8.0,satisfied
3319,Male,Loyal Customer,41,Personal Travel,Business,1113,4,3,3,4,4,3,3,3,3,5,5,4,4,2,6,17.0,satisfied
3320,Male,Loyal Customer,49,Business travel,Business,334,2,3,1,4,2,3,3,5,3,4,4,5,2,4,14,7.0,satisfied
3321,Male,Loyal Customer,67,Business travel,Eco,3738,4,4,4,3,4,3,2,4,2,4,3,2,4,4,25,12.0,neutral or dissatisfied
3322,Male,Loyal Customer,39,Business travel,Eco,1799,4,4,4,1,3,3,5,4,3,2,2,3,4,2,0,0.0,satisfied
3323,Female,disloyal Customer,20,Business travel,Business,2572,2,2,4,3,1,2,3,3,3,0,5,3,5,4,38,50.0,neutral or dissatisfied
3324,Female,Loyal Customer,84,Personal Travel,Business,1042,4,4,4,4,5,3,5,2,3,3,4,2,3,4,0,0.0,satisfied
3325,Male,Loyal Customer,77,Business travel,Eco,2976,3,2,4,4,0,3,3,3,5,3,5,3,5,4,14,4.0,satisfied
3326,Female,Loyal Customer,58,Business travel,Business,722,3,3,4,2,3,5,2,3,3,4,4,4,4,3,10,0.0,satisfied
3327,Male,Loyal Customer,61,Personal Travel,Business,3404,4,4,4,2,3,4,1,3,1,3,3,3,1,3,35,37.0,neutral or dissatisfied
3328,Male,disloyal Customer,79,Business travel,Business,3705,4,4,4,2,0,3,5,2,5,3,2,3,4,2,10,2.0,satisfied
3329,Male,Loyal Customer,44,Personal Travel,Eco,1591,3,3,1,2,3,3,3,3,2,3,4,3,3,4,14,21.0,satisfied
3330,Female,Loyal Customer,18,Personal Travel,Business,1101,4,2,2,1,2,4,4,0,4,2,5,2,4,4,6,11.0,satisfied
3331,Female,Loyal Customer,54,Business travel,Eco,3911,4,1,2,2,3,5,5,3,4,1,4,4,4,3,5,16.0,satisfied
3332,Female,Loyal Customer,42,Personal Travel,Eco,1154,2,3,4,3,4,4,4,3,3,2,5,5,2,3,4,12.0,satisfied
3333,Male,Loyal Customer,69,Business travel,Business,932,3,4,2,3,3,1,4,2,4,2,3,1,4,4,2,0.0,satisfied
3334,Female,Loyal Customer,67,Business travel,Eco,1735,1,3,2,3,3,4,5,3,3,3,3,1,3,2,41,39.0,satisfied
3335,Male,Loyal Customer,43,Business travel,Business,4834,4,3,3,2,3,4,4,3,3,1,3,2,2,5,13,22.0,satisfied
3336,Male,Loyal Customer,35,Business travel,Business,2340,4,3,2,2,5,5,2,4,1,2,4,3,5,4,7,0.0,satisfied
3337,Female,Loyal Customer,39,Business travel,Eco,1350,3,3,3,2,3,3,5,4,1,5,3,3,3,4,39,36.0,satisfied
3338,Male,Loyal Customer,56,Business travel,Business,2592,3,2,1,4,2,3,3,4,5,3,3,3,3,3,23,23.0,satisfied
3339,Female,disloyal Customer,56,Business travel,Eco,1774,3,4,2,3,2,4,5,3,4,3,3,3,3,3,4,4.0,satisfied
3340,Female,Loyal Customer,46,Business travel,Eco,3339,3,4,3,5,2,2,4,4,5,3,4,3,4,1,3,5.0,satisfied
3341,Female,Loyal Customer,48,Business travel,Business,2222,3,3,2,3,3,2,5,5,5,3,3,4,5,2,25,20.0,neutral or dissatisfied
3342,Male,Loyal Customer,84,Business travel,Eco Plus,2963,2,3,4,3,5,4,3,4,3,2,3,2,5,4,1,0.0,neutral or dissatisfied
3343,Male,disloyal Customer,26,Business travel,Eco,2209,3,1,3,3,3,2,2,3,3,3,4,4,4,2,13,16.0,neutral or dissatisfied
3344,Female,Loyal Customer,20,Business travel,Business,2434,2,3,4,3,2,2,4,4,1,2,4,5,1,5,5,4.0,neutral or dissatisfied
3345,Female,Loyal Customer,69,Personal Travel,Eco,2263,4,3,3,5,3,4,4,3,3,1,3,1,5,3,26,42.0,neutral or dissatisfied
3346,Female,Loyal Customer,79,Business travel,Eco Plus,2000,3,4,3,4,3,4,3,2,3,4,1,1,4,2,12,4.0,satisfied
3347,Female,Loyal Customer,54,Personal Travel,Business,4820,3,3,2,1,4,5,3,4,3,2,2,3,4,4,8,8.0,neutral or dissatisfied
3348,Male,Loyal Customer,38,Business travel,Business,1365,3,4,4,2,3,4,1,3,4,5,4,4,3,4,1,0.0,neutral or dissatisfied
3349,Male,Loyal Customer,34,Business travel,Business,4036,3,3,3,3,5,3,3,3,4,2,2,3,3,5,1,3.0,neutral or dissatisfied
3350,Female,Loyal Customer,43,Personal Travel,Business,3564,4,0,5,2,2,5,2,4,4,2,3,1,4,3,9,8.0,satisfied
3351,Male,disloyal Customer,11,Business travel,Business,2663,3,3,4,1,2,3,4,1,2,5,3,1,5,2,11,15.0,neutral or dissatisfied
3352,Female,Loyal Customer,48,Business travel,Eco,1621,4,3,3,3,4,3,4,3,3,1,3,2,3,3,11,,neutral or dissatisfied
3353,Male,Loyal Customer,28,Business travel,Eco,2444,2,3,3,1,1,3,3,2,4,1,4,3,2,5,33,19.0,neutral or dissatisfied
3354,Female,Loyal Customer,27,Business travel,Eco,4255,4,3,3,3,3,4,5,2,5,1,5,3,4,5,7,17.0,satisfied
3355,Female,disloyal Customer,50,Business travel,Business,950,4,2,4,4,4,3,3,3,3,3,3,3,3,3,16,23.0,neutral or dissatisfied
3356,Male,disloyal Customer,82,Business travel,Business,2951,4,3,4,4,1,2,3,2,3,2,2,3,2,3,8,15.0,satisfied
3357,Male,Loyal Customer,23,Business travel,Business,3836,5,2,3,3,3,3,4,5,4,2,4,4,3,5,26,33.0,satisfied
3358,Female,Loyal Customer,78,Personal Travel,Business,3188,3,1,2,5,1,3,3,4,3,1,4,2,4,4,2,2.0,neutral or dissatisfied
3359,Male,Loyal Customer,47,Business travel,Eco,763,4,3,1,3,1,3,4,2,4,4,1,3,4,3,11,15.0,satisfied
3360,Female,Loyal Customer,82,Business travel,Business,2568,5,2,2,4,2,3,2,1,4,3,2,5,3,2,25,18.0,satisfied
3361,Female,Loyal Customer,36,Personal Travel,Eco,955,2,4,2,2,3,4,4,3,3,2,3,2,3,2,19,16.0,neutral or dissatisfied
3362,Female,Loyal Customer,84,Business travel,Business,4646,2,1,5,5,2,1,5,3,2,0,3,2,3,4,4,13.0,neutral or dissatisfied
3363,Male,Loyal Customer,58,Personal Travel,Eco,1791,1,3,5,3,4,4,2,3,3,2,3,3,5,2,4,20.0,neutral or dissatisfied
3364,Female,disloyal Customer,59,Business travel,Eco,2136,4,5,4,5,3,5,2,5,3,4,3,2,5,3,11,,neutral or dissatisfied
3365,Male,disloyal Customer,50,Business travel,Eco,4294,1,3,4,4,2,3,2,1,2,4,4,2,4,3,9,0.0,satisfied
3366,Female,disloyal Customer,42,Personal Travel,Eco,2163,1,3,2,3,2,3,5,3,4,3,3,3,4,2,4,6.0,neutral or dissatisfied
3367,Female,Loyal Customer,47,Business travel,Eco,1010,2,3,1,3,3,3,3,3,4,2,1,3,3,3,73,84.0,neutral or dissatisfied
3368,Male,Loyal Customer,73,Personal Travel,Eco,4470,1,4,2,3,5,3,2,3,2,2,4,4,4,4,0,0.0,neutral or dissatisfied
3369,Male,disloyal Customer,68,Business travel,Business,3257,3,3,1,2,2,2,4,1,2,3,4,2,2,4,0,0.0,satisfied
3370,Male,Loyal Customer,8,Personal Travel,Business,3044,2,2,2,4,2,5,0,3,4,4,3,3,4,4,14,21.0,neutral or dissatisfied
3371,Female,Loyal Customer,61,Business travel,Eco,424,1,4,2,4,2,4,2,3,5,3,1,4,1,2,16,14.0,neutral or dissatisfied
3372,Male,disloyal Customer,72,Business travel,Business,2273,3,1,3,1,4,2,5,4,4,3,4,4,1,1,13,11.0,neutral or dissatisfied
3373,Male,Loyal Customer,65,Business travel,Eco Plus,2323,3,4,3,3,4,2,2,4,5,4,2,3,1,3,0,0.0,neutral or dissatisfied
3374,Female,Loyal Customer,45,Personal Travel,Business,1347,1,3,2,4,3,3,3,5,3,5,3,3,5,3,10,0.0,satisfied
3375,Female,Loyal Customer,33,Business travel,Eco,2844,2,3,4,5,2,1,4,1,4,3,3,2,3,3,39,45.0,neutral or dissatisfied
3376,Female,Loyal Customer,59,Business travel,Business,1262,3,2,2,4,2,4,4,3,3,3,2,3,2,1,30,21.0,satisfied
3377,Female,Loyal Customer,58,Personal Travel,Eco Plus,2381,3,5,3,1,3,3,3,5,2,2,3,5,5,4,6,20.0,neutral or dissatisfied
3378,Female,Loyal Customer,36,Business travel,Business,4017,3,3,2,2,4,4,4,4,3,3,3,4,2,0,1,16.0,satisfied
3379,Female,Loyal Customer,38,Business travel,Business,3689,4,3,4,3,3,4,5,2,2,2,3,3,4,4,0,0.0,neutral or dissatisfied
3380,Male,disloyal Customer,35,Business travel,Eco,1433,5,3,3,5,4,4,2,3,2,5,3,3,2,4,22,17.0,neutral or dissatisfied
3381,Female,Loyal Customer,10,Business travel,Business,1077,3,3,4,2,2,4,3,2,3,4,2,2,4,4,3,8.0,satisfied
3382,Female,Loyal Customer,9,Business travel,Business,78,2,5,2,4,0,4,3,3,3,5,5,2,3,3,17,29.0,neutral or dissatisfied
3383,Female,Loyal Customer,13,Business travel,Eco,1760,3,2,3,2,5,4,4,5,3,2,3,3,2,1,15,16.0,satisfied
3384,Female,Loyal Customer,40,Business travel,Eco,146,3,4,4,4,3,3,3,4,1,5,2,3,2,1,10,5.0,satisfied
3385,Female,Loyal Customer,46,Business travel,Business,684,3,4,1,2,4,5,3,2,2,3,4,4,2,2,18,15.0,satisfied
3386,Male,Loyal Customer,38,Business travel,Eco,4893,4,5,4,3,2,4,1,2,5,3,4,3,2,5,1,1.0,neutral or dissatisfied
3387,Female,Loyal Customer,81,Business travel,Business,4285,5,4,2,2,2,3,2,3,3,4,4,3,1,4,9,5.0,neutral or dissatisfied
3388,Female,Loyal Customer,24,Personal Travel,Business,2821,1,3,3,5,3,2,3,3,4,2,3,0,4,3,12,21.0,neutral or dissatisfied
3389,Male,Loyal Customer,37,Business travel,Eco,3883,2,4,5,2,1,3,3,4,4,3,3,3,4,2,5,0.0,satisfied
3390,Female,disloyal Customer,26,Business travel,Business,2470,5,3,4,1,3,4,3,2,3,3,2,2,2,3,4,7.0,neutral or dissatisfied
3391,Male,Loyal Customer,30,Business travel,Business,3026,2,4,1,1,4,3,3,3,2,3,3,2,1,4,1,7.0,neutral or dissatisfied
3392,Female,Loyal Customer,52,Business travel,Business,4593,4,5,3,3,3,5,5,2,3,3,1,3,4,3,0,0.0,satisfied
3393,Female,disloyal Customer,31,Personal Travel,Eco,439,4,3,4,2,3,3,3,3,5,2,4,5,3,2,38,37.0,neutral or dissatisfied
3394,Male,Loyal Customer,31,Business travel,Eco,1790,4,3,2,4,5,4,5,4,3,3,1,3,2,5,5,5.0,neutral or dissatisfied
3395,Male,Loyal Customer,59,Personal Travel,Business,639,5,2,3,3,3,2,5,4,5,3,3,4,3,4,6,0.0,satisfied
3396,Female,Loyal Customer,71,Business travel,Eco,3985,3,3,3,4,1,5,4,2,3,3,4,3,0,3,19,25.0,neutral or dissatisfied
3397,Male,Loyal Customer,23,Personal Travel,Eco,4121,1,2,4,3,3,2,2,4,3,4,3,5,3,4,1,0.0,satisfied
3398,Female,Loyal Customer,15,Personal Travel,Business,3622,2,3,1,4,5,5,3,4,3,1,3,1,3,5,2,0.0,satisfied
3399,Male,Loyal Customer,25,Business travel,Eco Plus,3064,5,2,4,2,3,3,3,3,3,4,4,3,5,4,14,6.0,neutral or dissatisfied
3400,Female,Loyal Customer,52,Personal Travel,Business,2411,1,4,2,1,5,1,5,3,2,2,4,4,3,4,9,24.0,neutral or dissatisfied
3401,Female,Loyal Customer,81,Personal Travel,Business,166,4,2,3,2,4,5,4,5,3,3,4,3,3,5,6,12.0,neutral or dissatisfied
3402,Female,Loyal Customer,19,Business travel,Business,3884,0,2,3,2,3,3,3,5,2,2,4,5,5,2,8,0.0,satisfied
3403,Male,Loyal Customer,10,Business travel,Business,4475,2,2,4,2,2,3,5,2,4,3,4,1,2,2,23,27.0,satisfied
3404,Female,Loyal Customer,48,Business travel,Eco,4830,4,2,3,3,3,4,3,5,3,3,1,3,2,3,17,13.0,neutral or dissatisfied
3405,Male,Loyal Customer,84,Business travel,Eco,1742,3,2,5,3,4,4,4,5,4,3,3,3,4,4,8,1.0,satisfied
3406,Male,Loyal Customer,50,Business travel,Eco,1043,3,3,4,3,1,4,4,4,3,4,5,3,4,4,10,5.0,neutral or dissatisfied
3407,Male,Loyal Customer,79,Business travel,Business,3287,2,3,2,4,3,4,4,3,4,4,4,1,4,3,3,7.0,neutral or dissatisfied
3408,Female,Loyal Customer,57,Business travel,Business,136,1,3,5,1,1,3,3,3,4,5,4,3,3,2,10,9.0,neutral or dissatisfied
3409,Female,Loyal Customer,9,Business travel,Business,348,4,3,3,4,3,4,4,5,3,2,2,3,2,5,9,9.0,satisfied
3410,Male,Loyal Customer,40,Business travel,Business,4116,3,4,3,2,1,3,3,4,5,4,3,3,2,2,11,13.0,satisfied
3411,Male,Loyal Customer,67,Business travel,Eco Plus,4786,1,1,4,2,4,4,4,4,4,4,4,4,2,3,5,12.0,neutral or dissatisfied
3412,Female,Loyal Customer,46,Business travel,Eco,2047,3,2,2,1,2,3,3,5,3,3,4,3,2,2,5,23.0,neutral or dissatisfied
3413,Male,Loyal Customer,22,Personal Travel,Eco,2563,4,4,1,4,4,2,5,2,5,5,4,3,3,4,10,8.0,satisfied
3414,Male,Loyal Customer,21,Business travel,Eco,2744,3,3,3,1,2,3,4,3,4,2,2,4,5,3,6,3.0,satisfied
3415,Female,Loyal Customer,58,Personal Travel,Business,735,3,4,2,2,2,3,4,3,5,3,2,4,3,5,20,20.0,neutral or dissatisfied
3416,Male,Loyal Customer,43,Personal Travel,Business,1151,3,1,5,2,1,4,3,3,1,3,2,0,3,4,60,65.0,neutral or dissatisfied
3417,Female,Loyal Customer,51,Personal Travel,Business,1527,2,2,2,3,3,2,4,1,3,2,3,4,4,2,0,8.0,neutral or dissatisfied
3418,Female,disloyal Customer,36,Business travel,Eco,4216,3,3,3,3,4,4,4,4,3,4,3,4,3,3,6,0.0,neutral or dissatisfied
3419,Male,Loyal Customer,33,Personal Travel,Business,2218,4,3,3,4,4,3,0,2,1,3,3,3,3,3,13,32.0,neutral or dissatisfied
3420,Male,Loyal Customer,58,Personal Travel,Business,3619,4,3,4,3,4,0,2,2,3,3,2,2,5,5,1,0.0,neutral or dissatisfied
3421,Female,Loyal Customer,7,Personal Travel,Eco,1012,4,4,2,4,3,2,3,3,3,5,2,2,3,4,7,14.0,neutral or dissatisfied
3422,Female,Loyal Customer,40,Business travel,Business,4769,2,3,1,3,4,3,4,3,1,3,3,1,4,1,5,11.0,satisfied
3423,Female,Loyal Customer,35,Business travel,Eco,4423,4,5,5,2,4,4,4,3,2,3,4,4,5,4,9,0.0,satisfied
3424,Male,Loyal Customer,67,Business travel,Business,2402,4,5,3,2,4,3,5,4,5,3,5,4,2,3,2,4.0,neutral or dissatisfied
3425,Female,disloyal Customer,63,Business travel,Eco,1166,2,2,4,5,1,2,4,4,4,2,5,3,3,2,4,0.0,neutral or dissatisfied
3426,Female,Loyal Customer,40,Personal Travel,Business,4883,2,3,4,4,2,2,1,3,2,3,3,4,3,2,16,10.0,neutral or dissatisfied
3427,Male,disloyal Customer,27,Personal Travel,Eco,4050,4,4,4,4,1,2,3,3,2,3,2,4,3,3,23,23.0,neutral or dissatisfied
3428,Female,Loyal Customer,25,Business travel,Eco,2578,5,4,3,4,3,3,5,3,4,3,4,1,3,1,7,8.0,satisfied
3429,Female,disloyal Customer,23,Business travel,Business,1374,1,3,2,4,5,3,3,2,1,5,5,3,5,3,0,9.0,neutral or dissatisfied
3430,Male,Loyal Customer,28,Personal Travel,Eco,3126,5,3,1,3,4,4,3,3,4,4,4,3,3,3,1,0.0,satisfied
3431,Male,Loyal Customer,66,Business travel,Eco,1883,4,1,2,3,2,1,3,2,1,2,3,3,5,3,1,3.0,neutral or dissatisfied
3432,Female,Loyal Customer,10,Business travel,Eco,3386,3,3,3,5,4,3,4,5,5,3,3,3,3,3,3,10.0,satisfied
3433,Male,Loyal Customer,9,Personal Travel,Eco,4170,3,1,2,2,3,5,3,3,4,5,4,4,5,3,0,0.0,satisfied
3434,Male,Loyal Customer,49,Personal Travel,Eco,2474,3,4,2,3,3,4,4,3,1,1,4,1,5,2,27,27.0,neutral or dissatisfied
3435,Male,Loyal Customer,24,Business travel,Business,288,2,2,3,1,2,3,4,4,3,3,4,4,3,2,5,0.0,neutral or dissatisfied
3436,Female,Loyal Customer,71,Business travel,Business,2835,3,3,4,1,4,2,3,2,4,2,2,2,4,2,13,1.0,satisfied
3437,Male,disloyal Customer,65,Business travel,Business,4300,1,3,3,5,2,4,4,2,1,5,2,3,4,4,11,5.0,satisfied
3438,Female,Loyal Customer,66,Business travel,Eco,1155,1,3,2,4,3,5,3,4,3,4,3,1,3,2,25,36.0,satisfied
3439,Female,disloyal Customer,42,Personal Travel,Eco Plus,4798,5,2,4,3,4,2,5,3,4,2,4,3,5,3,11,22.0,neutral or dissatisfied
3440,Female,Loyal Customer,41,Personal Travel,Eco,1843,3,3,2,3,3,2,4,4,1,3,4,3,2,3,14,23.0,neutral or dissatisfied
3441,Female,Loyal Customer,40,Business travel,Business,3436,3,4,5,2,3,4,4,0,4,2,3,3,3,2,8,10.0,satisfied
3442,Male,Loyal Customer,22,Business travel,Eco Plus,3524,3,3,3,3,3,4,2,4,3,5,1,2,3,3,23,27.0,satisfied
3443,Male,Loyal Customer,51,Business travel,Eco,951,2,3,3,1,3,4,2,3,4,0,5,2,3,3,5,2.0,satisfied
3444,Male,Loyal Customer,74,Business travel,Business,242,3,2,5,3,3,5,3,2,3,3,5,4,4,3,23,21.0,neutral or dissatisfied
3445,Female,disloyal Customer,27,Business travel,Eco,4746,3,4,2,4,3,2,4,1,2,3,3,1,2,4,2,0.0,neutral or dissatisfied
3446,Female,Loyal Customer,11,Business travel,Business,3517,3,3,2,3,3,3,4,3,2,2,3,4,3,2,50,51.0,neutral or dissatisfied
3447,Male,disloyal Customer,51,Personal Travel,Eco,3174,2,2,3,5,2,4,2,5,3,3,3,5,2,2,18,21.0,satisfied
3448,Female,Loyal Customer,38,Business travel,Business,1553,4,3,3,3,1,4,4,4,3,1,4,5,4,3,7,3.0,satisfied
3449,Female,Loyal Customer,69,Personal Travel,Eco,585,3,3,5,0,4,2,3,5,4,5,4,2,4,3,26,33.0,satisfied
3450,Male,Loyal Customer,73,Business travel,Business,1395,3,5,2,5,4,3,4,3,3,3,3,4,3,3,1,10.0,satisfied
3451,Male,Loyal Customer,81,Personal Travel,Business,2761,4,3,2,2,3,3,4,3,1,4,5,2,3,2,1,0.0,satisfied
3452,Male,Loyal Customer,37,Personal Travel,Eco,3482,3,1,2,3,3,5,3,1,3,2,2,4,2,5,19,37.0,neutral or dissatisfied
3453,Male,Loyal Customer,77,Business travel,Eco,1629,3,4,3,3,2,2,3,1,2,4,3,3,2,2,1,5.0,neutral or dissatisfied
3454,Male,Loyal Customer,16,Business travel,Business,1113,5,5,4,3,0,3,3,3,4,3,3,3,2,2,2,14.0,satisfied
3455,Female,disloyal Customer,36,Personal Travel,Business,1285,2,4,2,3,3,4,3,2,4,4,3,2,2,2,37,32.0,neutral or dissatisfied
3456,Female,Loyal Customer,27,Business travel,Eco Plus,4810,1,2,3,3,1,2,2,2,4,4,4,3,4,4,2,13.0,neutral or dissatisfied
3457,Female,Loyal Customer,79,Business travel,Eco,3171,4,3,5,2,3,3,4,3,3,3,4,2,4,4,0,5.0,satisfied
3458,Male,Loyal Customer,53,Business travel,Business,4953,2,3,3,5,4,1,4,5,2,4,3,3,2,5,8,6.0,satisfied
3459,Female,Loyal Customer,35,Personal Travel,Business,81,2,3,3,4,2,3,4,3,3,5,2,3,4,2,30,22.0,neutral or dissatisfied
3460,Male,Loyal Customer,18,Business travel,Business,2317,4,3,5,3,2,3,4,2,3,2,4,2,2,3,11,11.0,neutral or dissatisfied
3461,Male,Loyal Customer,68,Business travel,Eco,2314,3,3,2,5,2,3,3,1,3,3,2,2,4,4,6,12.0,neutral or dissatisfied
3462,Female,Loyal Customer,58,Business travel,Eco,2037,2,2,2,2,3,2,3,3,5,2,3,4,3,2,20,20.0,satisfied
3463,Female,Loyal Customer,73,Business travel,Eco,1988,5,4,2,4,3,3,3,3,3,3,3,4,3,4,26,,satisfied
3464,Male,Loyal Customer,41,Business travel,Business,441,1,2,2,2,2,3,3,3,3,3,2,2,4,3,7,4.0,neutral or dissatisfied
3465,Male,Loyal Customer,18,Personal Travel,Eco,209,3,2,1,3,4,5,4,3,2,5,2,3,5,2,2,0.0,neutral or dissatisfied
3466,Female,Loyal Customer,33,Personal Travel,Business,3902,1,2,3,3,5,4,3,3,2,3,4,2,1,1,18,19.0,neutral or dissatisfied
3467,Female,Loyal Customer,55,Business travel,Eco,2230,3,4,3,0,4,2,1,5,2,4,5,5,4,4,8,1.0,neutral or dissatisfied
3468,Male,Loyal Customer,25,Business travel,Business,855,2,3,3,1,3,2,4,4,2,1,3,2,2,5,5,12.0,satisfied
3469,Female,Loyal Customer,12,Personal Travel,Business,1770,4,4,3,5,3,3,4,4,5,3,1,3,5,4,9,15.0,satisfied
3470,Female,Loyal Customer,71,Personal Travel,Business,4668,3,2,3,3,2,3,3,2,4,2,4,3,4,4,8,21.0,neutral or dissatisfied
3471,Male,Loyal Customer,48,Business travel,Business,2365,4,2,2,5,2,3,2,3,3,4,2,2,2,3,14,11.0,neutral or dissatisfied
3472,Female,Loyal Customer,37,Business travel,Business,4953,3,3,3,4,4,3,2,4,2,4,4,2,3,4,17,17.0,satisfied
3473,Female,disloyal Customer,50,Business travel,Eco,849,1,3,4,3,4,5,2,5,5,2,4,3,4,5,11,0.0,neutral or dissatisfied
3474,Female,Loyal Customer,64,Business travel,Eco,655,3,3,1,3,2,3,3,2,2,4,1,2,4,0,1,0.0,neutral or dissatisfied
3475,Male,Loyal Customer,7,Business travel,Eco,2840,3,1,5,5,3,5,3,5,1,3,3,3,4,3,11,11.0,satisfied
3476,Male,Loyal Customer,41,Business travel,Eco,3430,1,4,2,5,4,3,2,2,4,3,4,2,4,3,31,31.0,satisfied
3477,Female,Loyal Customer,26,Business travel,Business,4907,2,2,2,3,3,1,5,4,2,3,3,3,2,3,2,0.0,neutral or dissatisfied
3478,Female,Loyal Customer,14,Personal Travel,Eco,2356,2,2,3,5,3,3,5,5,2,2,2,1,3,3,24,19.0,neutral or dissatisfied
3479,Male,Loyal Customer,9,Personal Travel,Business,1040,5,4,4,4,4,4,4,1,2,2,4,2,3,4,19,20.0,satisfied
3480,Female,disloyal Customer,41,Personal Travel,Business,2728,4,1,4,4,4,4,3,4,4,4,1,3,2,4,17,15.0,satisfied
3481,Female,Loyal Customer,49,Business travel,Business,1569,3,3,4,3,3,3,5,3,3,2,3,4,4,1,8,18.0,satisfied
3482,Male,Loyal Customer,46,Business travel,Business,938,4,3,2,2,3,3,5,4,2,4,3,1,3,1,0,2.0,satisfied
3483,Female,Loyal Customer,68,Business travel,Eco,487,1,2,3,2,3,3,2,3,4,1,4,4,5,4,13,9.0,neutral or dissatisfied
3484,Male,Loyal Customer,42,Personal Travel,Business,3631,2,3,3,2,3,4,3,0,2,4,3,4,4,2,6,14.0,neutral or dissatisfied
3485,Male,disloyal Customer,53,Business travel,Business,3231,3,4,3,5,2,3,3,2,1,3,4,1,3,5,11,3.0,satisfied
3486,Male,disloyal Customer,70,Business travel,Eco,874,3,5,3,3,1,2,3,4,2,3,5,4,4,4,13,10.0,satisfied
3487,Male,disloyal Customer,58,Personal Travel,Business,2816,2,4,2,2,4,4,3,5,3,3,4,2,4,1,8,0.0,neutral or dissatisfied
3488,Female,Loyal Customer,78,Personal Travel,Eco,4432,3,5,3,4,3,3,3,4,2,1,4,4,3,2,8,6.0,satisfied
3489,Male,Loyal Customer,24,Business travel,Business,4099,3,2,1,2,4,5,3,5,3,4,4,4,2,3,7,17.0,satisfied
3490,Female,Loyal Customer,68,Personal Travel,Eco,2297,3,1,4,2,2,4,3,3,4,3,1,4,3,3,6,7.0,satisfied
3491,Male,Loyal Customer,61,Business travel,Eco,333,4,3,3,5,3,2,5,3,3,2,3,2,3,3,4,0.0,satisfied
3492,Female,Loyal Customer,52,Business travel,Business,3192,3,4,0,2,3,2,2,4,5,5,3,4,3,2,1,0.0,neutral or dissatisfied
3493,Male,Loyal Customer,7,Business travel,Eco,2605,4,1,4,3,4,3,4,3,4,3,4,5,3,4,20,22.0,satisfied
3494,Female,Loyal Customer,49,Business travel,Business,4612,5,2,3,2,4,5,2,4,3,2,3,3,4,3,3,5.0,satisfied
3495,Female,disloyal Customer,73,Personal Travel,Business,2788,4,2,2,2,2,3,3,2,2,4,4,3,5,4,26,25.0,satisfied
3496,Female,Loyal Customer,57,Business travel,Eco,3702,5,3,2,1,4,4,4,4,3,3,2,4,3,3,11,17.0,neutral or dissatisfied
3497,Male,disloyal Customer,7,Business travel,Eco,2665,2,3,2,3,2,2,4,5,3,4,5,0,2,3,23,27.0,neutral or dissatisfied
3498,Male,Loyal Customer,29,Personal Travel,Business,2727,1,2,2,2,0,2,3,4,4,3,4,2,2,3,19,18.0,neutral or dissatisfied
3499,Male,Loyal Customer,51,Business travel,Business,1621,3,3,2,4,5,3,4,4,3,4,2,4,5,4,1,2.0,neutral or dissatisfied
3500,Male,Loyal Customer,70,Business travel,Business,2043,3,2,5,3,3,5,5,2,4,5,5,3,4,3,8,7.0,satisfied
3501,Male,Loyal Customer,41,Business travel,Eco,1514,5,3,3,3,4,2,3,2,3,2,2,3,2,5,15,15.0,neutral or dissatisfied
3502,Female,Loyal Customer,73,Business travel,Eco Plus,2337,2,2,5,2,2,3,4,4,4,2,3,2,2,2,26,27.0,satisfied
3503,Male,Loyal Customer,69,Business travel,Business,4760,3,3,3,5,2,4,4,2,4,1,3,3,3,4,7,15.0,satisfied
3504,Male,Loyal Customer,27,Business travel,Eco Plus,1741,3,2,4,4,2,5,3,4,4,3,3,2,5,2,1,,satisfied
3505,Male,disloyal Customer,22,Personal Travel,Business,2343,3,4,2,2,3,4,5,4,4,3,3,1,4,4,3,3.0,neutral or dissatisfied
3506,Female,Loyal Customer,77,Business travel,Eco,4733,3,3,3,2,3,4,5,3,4,4,3,4,3,1,12,9.0,satisfied
3507,Female,Loyal Customer,52,Business travel,Eco,798,3,3,3,1,4,2,4,4,4,3,2,2,3,3,6,11.0,satisfied
3508,Female,Loyal Customer,73,Business travel,Eco,1301,4,5,4,4,2,2,4,4,4,3,4,3,1,4,6,8.0,neutral or dissatisfied
3509,Male,Loyal Customer,78,Personal Travel,Business,2491,5,3,3,4,3,2,1,3,4,3,3,1,3,3,0,0.0,neutral or dissatisfied
3510,Male,Loyal Customer,40,Business travel,Business,2076,3,3,3,4,2,2,2,3,5,3,5,2,5,3,27,25.0,neutral or dissatisfied
3511,Female,Loyal Customer,10,Business travel,Business,1738,2,2,3,3,5,3,3,4,3,3,5,4,3,3,22,22.0,neutral or dissatisfied
3512,Female,Loyal Customer,77,Personal Travel,Eco,3902,5,2,3,4,2,2,2,4,4,3,2,4,3,1,10,5.0,satisfied
3513,Male,Loyal Customer,52,Business travel,Eco Plus,2519,2,3,3,4,2,3,4,4,2,4,3,3,4,4,14,3.0,satisfied
3514,Male,Loyal Customer,16,Business travel,Business,1853,5,3,2,3,3,3,0,4,5,3,2,2,2,2,19,31.0,neutral or dissatisfied
3515,Male,Loyal Customer,48,Business travel,Business,2420,4,1,4,3,5,3,4,3,4,4,3,3,4,4,4,16.0,satisfied
3516,Female,disloyal Customer,9,Business travel,Business,4438,5,1,3,2,4,4,3,3,3,4,4,4,2,3,10,11.0,neutral or dissatisfied
3517,Male,Loyal Customer,29,Personal Travel,Eco,4920,4,2,3,3,2,2,3,3,3,3,3,1,3,3,16,20.0,neutral or dissatisfied
3518,Female,Loyal Customer,34,Business travel,Eco,1253,1,2,3,4,4,5,5,3,3,3,3,3,3,2,0,0.0,satisfied
3519,Female,Loyal Customer,42,Business travel,Business,248,2,3,4,3,4,4,3,4,3,3,4,4,3,4,35,39.0,neutral or dissatisfied
3520,Female,Loyal Customer,51,Business travel,Eco,205,3,3,1,3,3,2,1,4,3,2,1,3,3,3,2,2.0,neutral or dissatisfied
3521,Female,Loyal Customer,72,Business travel,Business,2254,2,3,3,3,4,5,4,3,3,2,3,3,3,1,5,6.0,satisfied
3522,Male,Loyal Customer,34,Business travel,Eco,3162,3,4,2,4,3,2,4,4,1,4,5,2,3,3,6,0.0,neutral or dissatisfied
3523,Female,Loyal Customer,64,Personal Travel,Business,303,4,2,3,1,3,5,3,2,5,4,5,3,3,4,1,15.0,neutral or dissatisfied
3524,Male,Loyal Customer,80,Business travel,Business,2565,3,3,3,2,1,4,5,3,3,3,5,5,2,3,5,0.0,satisfied
3525,Male,Loyal Customer,65,Personal Travel,Eco,2028,2,2,1,2,5,1,3,4,3,2,2,5,1,4,7,13.0,satisfied
3526,Male,disloyal Customer,26,Personal Travel,Eco,4668,4,3,3,3,3,2,4,2,3,4,2,2,3,3,1,0.0,neutral or dissatisfied
3527,Male,Loyal Customer,59,Business travel,Business,3037,4,3,3,3,2,3,4,3,4,5,3,3,2,4,15,0.0,neutral or dissatisfied
3528,Male,Loyal Customer,28,Personal Travel,Eco,2144,3,2,3,2,2,4,5,3,3,4,3,5,4,5,6,13.0,neutral or dissatisfied
3529,Male,disloyal Customer,44,Personal Travel,Eco,2953,4,3,3,4,2,3,3,3,3,3,2,4,3,1,28,29.0,neutral or dissatisfied
3530,Male,Loyal Customer,56,Business travel,Business,721,3,3,3,5,2,3,2,4,3,2,1,4,1,4,0,0.0,satisfied
3531,Male,Loyal Customer,29,Business travel,Eco Plus,2401,4,3,4,3,4,3,4,3,5,3,4,1,3,5,27,32.0,satisfied
3532,Male,disloyal Customer,7,Business travel,Eco Plus,1682,3,3,3,4,4,1,4,2,3,2,4,4,4,4,1,0.0,neutral or dissatisfied
3533,Male,Loyal Customer,72,Business travel,Business,945,4,2,4,2,1,4,4,4,3,3,3,3,4,3,5,19.0,satisfied
3534,Female,Loyal Customer,63,Personal Travel,Eco Plus,1996,1,4,3,2,2,5,3,3,3,4,4,3,2,2,18,7.0,satisfied
3535,Male,disloyal Customer,16,Business travel,Eco,3213,4,4,4,4,3,4,4,2,3,4,4,2,3,3,0,0.0,neutral or dissatisfied
3536,Male,Loyal Customer,36,Business travel,Business,2936,3,2,3,3,3,3,1,4,4,3,1,5,3,3,39,45.0,neutral or dissatisfied
3537,Male,Loyal Customer,27,Business travel,Eco,4821,2,2,2,2,5,2,3,2,2,3,4,2,3,4,3,0.0,satisfied
3538,Male,Loyal Customer,83,Business travel,Business,1408,4,2,2,5,2,2,2,3,4,3,3,5,3,4,2,0.0,satisfied
3539,Female,Loyal Customer,80,Personal Travel,Eco,3513,4,1,3,3,5,2,4,4,4,3,0,3,1,3,1,3.0,satisfied
3540,Female,Loyal Customer,60,Personal Travel,Eco Plus,2774,1,3,2,4,3,5,3,3,3,2,4,3,3,2,13,22.0,neutral or dissatisfied
3541,Female,disloyal Customer,41,Personal Travel,Business,4375,4,4,5,2,5,3,2,3,3,4,3,2,5,1,15,15.0,neutral or dissatisfied
3542,Female,Loyal Customer,11,Business travel,Eco,4544,4,5,2,5,3,4,3,2,2,4,1,2,2,4,6,5.0,satisfied
3543,Male,Loyal Customer,26,Business travel,Business,3552,2,2,2,3,3,4,4,2,4,2,4,3,2,4,16,11.0,satisfied
3544,Female,Loyal Customer,14,Personal Travel,Eco,2147,2,4,4,4,3,3,3,2,1,2,3,3,5,1,12,9.0,neutral or dissatisfied
3545,Male,Loyal Customer,68,Business travel,Eco,2690,1,3,4,2,4,2,2,3,3,4,4,4,5,4,0,0.0,satisfied
3546,Female,Loyal Customer,13,Personal Travel,Business,3275,3,0,4,3,3,4,4,3,3,2,1,3,3,4,0,10.0,satisfied
3547,Male,disloyal Customer,59,Business travel,Eco,4039,3,3,4,4,3,2,5,2,4,1,3,4,3,0,3,8.0,neutral or dissatisfied
3548,Female,Loyal Customer,81,Business travel,Business,1183,4,3,3,5,4,4,4,3,2,3,2,4,3,2,12,2.0,neutral or dissatisfied
3549,Male,Loyal Customer,31,Business travel,Eco,4371,3,4,3,3,2,2,1,2,2,4,3,4,4,5,12,8.0,neutral or dissatisfied
3550,Female,Loyal Customer,60,Business travel,Eco,4016,2,2,5,3,3,3,3,3,4,2,1,4,2,3,10,16.0,neutral or dissatisfied
3551,Male,Loyal Customer,75,Business travel,Eco,486,3,4,5,4,2,3,3,4,3,2,2,4,3,5,0,5.0,satisfied
3552,Female,Loyal Customer,40,Personal Travel,Business,1384,3,3,4,1,5,5,1,5,1,2,5,2,2,3,19,19.0,satisfied
3553,Female,Loyal Customer,42,Business travel,Eco,1217,2,1,4,1,3,1,2,4,3,2,4,3,4,4,10,9.0,neutral or dissatisfied
3554,Female,Loyal Customer,22,Business travel,Eco,2920,1,2,4,2,4,5,4,2,5,2,4,2,5,3,14,14.0,neutral or dissatisfied
3555,Male,Loyal Customer,40,Personal Travel,Eco,1082,4,5,2,4,1,2,3,1,4,3,5,4,4,2,5,2.0,neutral or dissatisfied
3556,Male,disloyal Customer,75,Business travel,Eco,1536,3,3,3,5,4,3,3,2,2,1,1,3,2,1,13,21.0,neutral or dissatisfied
3557,Female,Loyal Customer,58,Business travel,Eco,986,4,4,5,2,3,4,2,3,4,3,3,4,4,4,1,6.0,neutral or dissatisfied
3558,Male,Loyal Customer,22,Personal Travel,Business,383,2,4,4,2,1,4,4,1,4,3,3,4,3,2,17,19.0,neutral or dissatisfied
3559,Male,Loyal Customer,48,Personal Travel,Business,2323,3,3,3,5,3,4,2,3,1,3,3,3,4,2,5,0.0,neutral or dissatisfied
3560,Male,Loyal Customer,62,Business travel,Eco Plus,1632,1,2,5,2,1,4,2,3,3,3,1,2,2,1,8,4.0,neutral or dissatisfied
3561,Male,disloyal Customer,13,Personal Travel,Business,2547,2,2,3,3,4,5,3,3,5,2,4,1,2,3,3,0.0,neutral or dissatisfied
3562,Male,Loyal Customer,66,Business travel,Eco,1099,3,5,4,5,5,4,2,4,2,3,4,4,2,4,2,0.0,satisfied
3563,Male,Loyal Customer,22,Business travel,Eco,1467,3,3,3,4,1,3,2,3,3,3,3,3,0,3,2,3.0,neutral or dissatisfied
3564,Female,Loyal Customer,29,Business travel,Eco,4468,1,1,4,4,3,3,4,2,3,4,4,4,2,3,2,14.0,neutral or dissatisfied
3565,Female,disloyal Customer,39,Business travel,Eco,4034,2,4,4,1,3,3,2,5,3,3,3,4,5,5,10,11.0,satisfied
3566,Male,Loyal Customer,46,Business travel,Eco,1367,3,1,4,2,1,5,4,3,5,2,4,4,0,1,16,6.0,satisfied
3567,Male,Loyal Customer,78,Business travel,Eco,850,4,2,5,4,4,5,4,3,5,3,2,3,1,5,7,12.0,neutral or dissatisfied
3568,Male,Loyal Customer,24,Personal Travel,Eco,4873,2,3,3,3,4,4,3,4,3,3,3,1,5,2,16,6.0,satisfied
3569,Female,Loyal Customer,26,Business travel,Business,3420,3,5,3,2,5,0,2,4,2,2,3,4,2,3,10,13.0,neutral or dissatisfied
3570,Male,disloyal Customer,36,Business travel,Business,2487,3,4,4,3,4,1,3,3,5,3,3,2,3,4,10,7.0,satisfied
3571,Female,Loyal Customer,73,Personal Travel,Business,3511,3,2,3,4,2,3,1,4,4,3,0,2,3,4,14,18.0,satisfied
3572,Female,Loyal Customer,82,Personal Travel,Eco Plus,1144,3,3,2,5,4,3,3,3,3,2,3,3,1,1,19,23.0,neutral or dissatisfied
3573,Female,Loyal Customer,42,Business travel,Business,2169,2,4,2,3,4,3,3,4,4,2,3,3,4,3,3,4.0,neutral or dissatisfied
3574,Male,disloyal Customer,61,Personal Travel,Eco,1987,2,5,2,2,2,5,4,2,4,3,2,3,3,3,58,50.0,satisfied
3575,Female,Loyal Customer,78,Personal Travel,Eco,3618,5,3,2,3,4,5,3,3,2,1,4,2,3,4,10,6.0,satisfied
3576,Female,Loyal Customer,73,Business travel,Business,957,5,3,2,4,0,3,3,3,3,2,3,4,4,3,17,21.0,neutral or dissatisfied
3577,Female,disloyal Customer,60,Business travel,Eco Plus,2470,4,2,4,4,5,2,2,4,3,4,4,2,2,1,28,29.0,neutral or dissatisfied
3578,Female,Loyal Customer,49,Business travel,Business,4176,4,4,3,3,4,2,3,2,1,2,3,3,3,4,13,27.0,neutral or dissatisfied
3579,Female,disloyal Customer,83,Business travel,Eco,1021,1,4,4,2,0,3,4,1,3,2,1,1,2,3,31,32.0,neutral or dissatisfied
3580,Male,Loyal Customer,25,Business travel,Business,643,2,1,2,4,3,4,4,4,2,4,1,2,2,5,6,12.0,satisfied
3581,Female,Loyal Customer,35,Business travel,Business,4115,3,3,3,5,1,2,3,3,3,3,4,1,5,4,10,7.0,neutral or dissatisfied
3582,Female,Loyal Customer,62,Personal Travel,Business,4373,5,2,3,1,2,4,4,3,2,4,2,4,3,2,1,0.0,neutral or dissatisfied
3583,Male,Loyal Customer,8,Business travel,Eco,2181,3,3,4,3,4,1,3,5,4,2,2,3,4,4,1,10.0,neutral or dissatisfied
3584,Male,Loyal Customer,46,Business travel,Business,277,4,2,4,4,3,0,2,3,3,3,4,2,3,3,2,0.0,neutral or dissatisfied
3585,Female,Loyal Customer,73,Personal Travel,Eco,2726,3,2,2,3,4,2,2,3,3,3,1,0,2,4,12,1.0,neutral or dissatisfied
3586,Male,disloyal Customer,20,Personal Travel,Eco,1533,3,4,4,2,3,5,4,1,4,3,1,1,0,2,4,0.0,satisfied
3587,Male,Loyal Customer,69,Personal Travel,Business,2957,3,3,1,3,3,5,2,2,4,5,4,2,3,3,6,8.0,neutral or dissatisfied
3588,Female,Loyal Customer,39,Business travel,Business,742,2,3,4,3,4,1,3,4,3,3,3,3,1,4,1,0.0,satisfied
3589,Female,Loyal Customer,74,Business travel,Business,4035,0,3,2,2,3,2,3,2,3,4,1,4,3,4,40,28.0,neutral or dissatisfied
3590,Female,Loyal Customer,56,Business travel,Eco,3442,4,4,3,3,3,4,2,4,2,5,3,1,2,1,30,45.0,satisfied
3591,Male,Loyal Customer,19,Business travel,Eco,3243,2,3,4,3,3,3,1,2,2,5,3,2,4,4,4,0.0,neutral or dissatisfied
3592,Male,Loyal Customer,64,Business travel,Business,2585,1,3,4,2,3,5,2,2,5,3,2,1,5,2,10,7.0,satisfied
3593,Female,Loyal Customer,11,Personal Travel,Eco,1140,3,3,1,2,4,4,1,2,3,4,2,3,5,3,14,,neutral or dissatisfied
3594,Female,Loyal Customer,25,Business travel,Eco,4699,3,4,3,2,2,4,4,4,3,3,1,1,4,1,2,2.0,satisfied
3595,Male,Loyal Customer,76,Business travel,Eco,1365,4,3,4,2,2,2,4,3,3,3,4,1,3,4,0,19.0,neutral or dissatisfied
3596,Male,Loyal Customer,75,Business travel,Business,1862,4,3,4,4,2,4,2,2,4,4,4,4,2,4,5,11.0,satisfied
3597,Male,disloyal Customer,10,Business travel,Business,4635,2,3,3,2,1,5,2,4,3,4,4,5,2,2,9,0.0,neutral or dissatisfied
3598,Female,Loyal Customer,36,Business travel,Business,251,2,5,1,3,5,3,4,4,3,4,5,3,2,4,59,65.0,neutral or dissatisfied
3599,Male,Loyal Customer,14,Personal Travel,Eco,669,3,3,4,3,2,3,4,4,4,3,5,3,5,3,13,9.0,satisfied
3600,Female,Loyal Customer,28,Business travel,Eco,3820,4,3,5,2,3,3,3,4,2,2,2,5,3,4,5,3.0,neutral or dissatisfied
3601,Male,Loyal Customer,82,Personal Travel,Business,1871,1,5,3,5,5,1,5,2,3,2,4,2,5,2,27,19.0,neutral or dissatisfied
3602,Female,Loyal Customer,22,Business travel,Business,2918,3,4,3,3,3,2,3,5,2,3,3,2,2,2,5,0.0,satisfied
3603,Male,disloyal Customer,57,Business travel,Eco,2923,4,4,4,2,4,2,4,3,1,3,5,2,3,2,4,9.0,neutral or dissatisfied
3604,Female,disloyal Customer,69,Personal Travel,Business,4145,4,2,5,2,1,1,2,3,3,4,5,5,2,3,6,0.0,satisfied
3605,Female,Loyal Customer,75,Business travel,Eco,3120,4,2,3,3,5,2,2,4,2,1,3,4,4,5,0,0.0,satisfied
3606,Male,Loyal Customer,34,Business travel,Business,2159,4,1,3,4,3,1,1,2,2,3,3,4,3,3,0,3.0,satisfied
3607,Male,Loyal Customer,61,Business travel,Business,2768,0,4,3,4,2,2,5,5,5,3,3,3,3,4,45,,neutral or dissatisfied
3608,Female,Loyal Customer,44,Business travel,Eco,3703,5,3,3,3,2,4,2,3,4,3,3,2,3,2,8,15.0,satisfied
3609,Female,Loyal Customer,15,Business travel,Business,1926,3,1,3,3,5,3,3,3,4,4,3,3,4,3,14,8.0,neutral or dissatisfied
3610,Female,Loyal Customer,24,Business travel,Eco,896,4,4,1,3,2,3,4,3,3,4,5,2,4,2,5,13.0,satisfied
3611,Female,Loyal Customer,65,Business travel,Business,2457,2,3,4,3,2,4,3,4,2,4,3,3,4,3,12,17.0,neutral or dissatisfied
3612,Female,Loyal Customer,60,Business travel,Business,4997,1,3,4,2,3,5,3,5,3,3,3,3,2,4,11,15.0,satisfied
3613,Female,Loyal Customer,47,Business travel,Eco,605,5,1,4,5,3,5,3,3,3,3,3,3,4,3,12,2.0,satisfied
3614,Male,Loyal Customer,67,Personal Travel,Business,909,2,4,4,3,3,3,4,2,1,4,2,4,3,3,4,4.0,neutral or dissatisfied
3615,Female,Loyal Customer,60,Personal Travel,Eco,4975,3,4,3,4,3,3,2,3,5,5,1,3,5,4,1,8.0,satisfied
3616,Male,Loyal Customer,33,Business travel,Eco,4157,4,3,3,3,3,3,3,3,3,5,3,3,3,3,7,3.0,satisfied
3617,Male,Loyal Customer,29,Business travel,Eco Plus,629,4,3,4,3,4,4,1,3,2,4,5,2,4,2,2,0.0,satisfied
3618,Male,disloyal Customer,80,Business travel,Business,1101,4,5,4,2,3,3,1,2,3,3,4,2,3,3,12,7.0,satisfied
3619,Male,Loyal Customer,82,Business travel,Business,3469,3,2,5,3,5,3,2,1,2,4,3,2,2,5,8,1.0,neutral or dissatisfied
3620,Male,Loyal Customer,9,Business travel,Business,3923,2,2,2,5,2,3,4,5,2,4,4,4,3,4,17,13.0,satisfied
3621,Female,Loyal Customer,68,Personal Travel,Eco,3683,4,4,2,5,4,2,3,4,5,3,5,1,5,5,4,0.0,neutral or dissatisfied
3622,Male,Loyal Customer,17,Business travel,Business,4313,4,2,3,3,2,1,4,3,3,3,3,3,2,2,0,6.0,satisfied
3623,Male,Loyal Customer,74,Business travel,Business,2558,1,2,2,3,1,2,4,2,3,5,2,3,5,4,0,4.0,neutral or dissatisfied
3624,Male,Loyal Customer,52,Business travel,Eco,4389,5,4,2,1,1,5,3,4,3,3,3,2,4,3,8,1.0,neutral or dissatisfied
3625,Female,Loyal Customer,60,Personal Travel,Business,3000,0,4,4,2,3,5,2,3,3,4,4,3,1,3,2,0.0,neutral or dissatisfied
3626,Female,Loyal Customer,61,Business travel,Eco,2404,4,4,3,3,4,4,3,3,3,2,4,3,2,2,0,,neutral or dissatisfied
3627,Female,Loyal Customer,54,Business travel,Business,3200,2,3,3,3,2,3,3,4,5,3,5,2,5,5,0,,satisfied
3628,Male,Loyal Customer,26,Personal Travel,Eco,2172,4,2,3,3,2,2,5,4,2,2,3,2,3,1,0,0.0,neutral or dissatisfied
3629,Female,Loyal Customer,69,Business travel,Eco,3051,4,3,1,4,3,5,3,4,2,2,1,3,2,4,2,0.0,satisfied
3630,Female,Loyal Customer,50,Business travel,Business,4177,3,3,2,2,3,2,4,2,4,4,4,3,2,3,1,1.0,satisfied
3631,Male,Loyal Customer,49,Business travel,Eco,4793,3,4,3,3,2,3,3,4,2,4,4,1,3,2,4,0.0,satisfied
3632,Female,Loyal Customer,31,Business travel,Eco,2918,3,3,3,3,2,5,2,4,4,5,4,3,4,2,2,15.0,satisfied
3633,Male,Loyal Customer,7,Business travel,Business,78,4,2,1,2,3,3,4,4,3,3,2,3,3,3,16,11.0,satisfied
3634,Female,Loyal Customer,50,Business travel,Eco,3125,5,4,2,5,4,3,5,5,3,3,5,4,2,3,9,14.0,neutral or dissatisfied
3635,Female,Loyal Customer,33,Business travel,Eco,1296,2,1,3,4,4,4,3,3,4,3,2,3,1,3,8,15.0,satisfied
3636,Male,Loyal Customer,58,Business travel,Eco,1218,0,3,4,2,3,3,2,1,3,2,2,2,2,1,1,0.0,neutral or dissatisfied
3637,Female,Loyal Customer,35,Personal Travel,Eco,4411,3,2,3,4,2,3,4,2,4,4,3,4,2,1,19,17.0,neutral or dissatisfied
3638,Male,Loyal Customer,82,Personal Travel,Business,2258,2,2,4,1,3,5,4,2,4,3,5,4,4,1,4,0.0,satisfied
3639,Male,Loyal Customer,60,Personal Travel,Business,3962,3,5,3,2,3,0,5,4,4,1,5,1,4,4,0,7.0,satisfied
3640,Female,Loyal Customer,42,Personal Travel,Business,1878,2,1,3,4,2,4,4,4,2,4,4,2,5,5,5,5.0,satisfied
3641,Female,Loyal Customer,62,Personal Travel,Business,3053,4,2,4,3,3,2,2,3,3,2,4,1,2,3,13,20.0,neutral or dissatisfied
3642,Female,Loyal Customer,57,Business travel,Business,3343,1,4,3,3,3,3,5,4,3,3,2,2,3,4,14,27.0,satisfied
3643,Female,Loyal Customer,55,Business travel,Business,4471,3,2,2,4,3,3,4,5,5,3,1,5,3,4,7,20.0,satisfied
3644,Male,Loyal Customer,52,Business travel,Business,1022,4,3,1,4,1,2,4,2,2,3,3,2,2,4,11,,satisfied
3645,Female,Loyal Customer,79,Business travel,Eco,2828,3,5,2,3,2,3,4,3,2,2,4,3,4,5,0,0.0,neutral or dissatisfied
3646,Female,Loyal Customer,31,Business travel,Business,2058,4,4,4,4,2,4,4,3,4,5,4,3,5,2,8,0.0,satisfied
3647,Female,Loyal Customer,40,Business travel,Eco,2345,4,2,4,1,4,3,4,2,2,2,2,2,3,3,17,26.0,satisfied
3648,Female,Loyal Customer,26,Business travel,Eco,4251,3,3,2,2,5,3,3,1,2,0,2,2,3,4,3,9.0,satisfied
3649,Female,Loyal Customer,51,Business travel,Eco,722,3,4,1,3,3,3,3,5,5,4,4,4,5,4,5,10.0,satisfied
3650,Female,Loyal Customer,84,Personal Travel,Business,2754,4,4,4,4,2,3,3,2,4,4,3,4,4,4,2,6.0,satisfied
3651,Male,disloyal Customer,54,Business travel,Eco,1969,4,3,3,3,3,3,4,3,4,2,1,5,2,3,6,3.0,satisfied
3652,Male,Loyal Customer,23,Business travel,Eco,4485,4,3,2,1,3,2,3,4,4,3,2,0,3,4,18,18.0,satisfied
3653,Male,Loyal Customer,78,Business travel,Eco,1121,1,3,0,1,4,5,3,2,3,4,4,3,3,2,23,25.0,neutral or dissatisfied
3654,Female,Loyal Customer,68,Business travel,Business,1201,3,3,2,3,4,3,3,2,3,5,2,0,2,2,42,1314.0,neutral or dissatisfied
3655,Female,Loyal Customer,41,Business travel,Business,499,2,2,2,2,5,3,3,3,4,4,2,3,2,5,1,0.0,satisfied
3656,Male,Loyal Customer,18,Business travel,Eco,2227,4,4,2,2,4,4,1,3,2,4,2,3,2,4,14,26.0,neutral or dissatisfied
3657,Female,disloyal Customer,38,Business travel,Business,103,4,3,4,2,3,3,4,2,5,4,4,2,4,5,28,19.0,satisfied
3658,Female,Loyal Customer,69,Business travel,Eco,2527,3,1,2,3,5,5,4,4,3,3,3,2,3,3,20,17.0,satisfied
3659,Male,Loyal Customer,52,Business travel,Eco,1156,2,2,3,4,3,4,3,3,4,2,5,3,3,2,3,14.0,satisfied
3660,Male,Loyal Customer,21,Personal Travel,Eco,2032,4,2,5,3,3,3,4,3,4,3,3,3,4,3,1,8.0,neutral or dissatisfied
3661,Female,Loyal Customer,19,Personal Travel,Eco Plus,3045,3,3,3,4,3,4,3,3,3,4,3,2,3,5,6,0.0,neutral or dissatisfied
3662,Male,Loyal Customer,82,Business travel,Eco,3438,5,4,3,3,1,3,3,4,4,4,4,2,2,2,0,0.0,satisfied
3663,Female,Loyal Customer,41,Business travel,Eco,353,5,5,3,3,4,2,4,4,3,3,3,3,4,3,18,10.0,satisfied
3664,Female,Loyal Customer,60,Business travel,Eco,786,4,0,4,4,4,4,5,2,1,3,1,4,3,5,1,1.0,satisfied
3665,Female,Loyal Customer,35,Personal Travel,Business,1622,3,3,4,3,0,1,4,4,3,5,3,5,5,3,9,9.0,neutral or dissatisfied
3666,Male,Loyal Customer,14,Business travel,Eco,2621,5,3,2,3,4,0,2,3,2,3,2,3,4,3,15,15.0,neutral or dissatisfied
3667,Female,Loyal Customer,39,Personal Travel,Eco,4423,3,3,3,3,3,4,3,2,4,4,3,4,4,4,8,12.0,neutral or dissatisfied
3668,Male,disloyal Customer,61,Personal Travel,Eco Plus,736,2,4,2,4,4,4,4,2,3,2,3,3,3,3,5,5.0,satisfied
3669,Male,Loyal Customer,33,Business travel,Business,385,2,3,3,4,3,4,4,1,4,3,4,4,4,4,12,19.0,satisfied
3670,Male,disloyal Customer,54,Business travel,Business,3164,2,3,5,3,2,5,4,3,2,4,3,2,3,1,5,11.0,satisfied
3671,Male,Loyal Customer,41,Business travel,Eco,4895,3,3,4,3,3,3,4,4,2,1,1,3,1,1,4,0.0,satisfied
3672,Male,disloyal Customer,33,Business travel,Business,4159,4,4,3,1,2,3,4,2,2,3,3,3,3,3,21,21.0,satisfied
3673,Female,Loyal Customer,26,Business travel,Eco,2848,1,4,4,3,2,4,5,5,5,3,2,3,4,5,7,6.0,neutral or dissatisfied
3674,Male,Loyal Customer,27,Personal Travel,Eco,148,3,3,3,3,4,2,2,1,5,5,5,4,2,3,5,7.0,neutral or dissatisfied
3675,Female,Loyal Customer,26,Business travel,Business,2902,3,2,1,3,3,3,5,2,5,4,3,3,5,3,9,8.0,satisfied
3676,Male,disloyal Customer,63,Business travel,Business,2311,4,5,5,3,5,3,4,2,2,5,4,4,3,3,21,9.0,neutral or dissatisfied
3677,Male,Loyal Customer,33,Business travel,Eco,2262,3,3,3,5,3,4,5,4,2,4,3,1,4,3,4,7.0,satisfied
3678,Female,Loyal Customer,64,Personal Travel,Business,2488,3,4,1,2,2,3,2,4,2,4,5,3,4,1,5,10.0,neutral or dissatisfied
3679,Female,Loyal Customer,31,Business travel,Eco,2829,2,2,1,1,4,3,4,3,4,2,2,1,4,4,22,8.0,satisfied
3680,Female,Loyal Customer,32,Business travel,Eco,3615,2,3,4,2,2,2,3,2,5,2,2,3,3,3,11,24.0,neutral or dissatisfied
3681,Female,disloyal Customer,79,Business travel,Eco,1001,3,3,1,2,3,2,4,2,4,5,4,5,4,4,4,11.0,neutral or dissatisfied
3682,Male,Loyal Customer,75,Business travel,Business,419,4,1,4,4,4,5,4,3,3,3,3,3,3,2,12,5.0,satisfied
3683,Male,Loyal Customer,38,Personal Travel,Business,304,3,2,3,2,3,3,4,2,2,2,2,2,3,5,30,22.0,satisfied
3684,Female,Loyal Customer,27,Personal Travel,Eco,2059,2,2,4,2,2,3,4,3,3,0,3,3,2,3,8,9.0,neutral or dissatisfied
3685,Female,Loyal Customer,62,Personal Travel,Business,2564,3,2,3,3,1,2,3,3,3,4,5,3,3,5,15,16.0,neutral or dissatisfied
3686,Male,Loyal Customer,12,Personal Travel,Business,3938,5,2,4,4,4,5,3,3,4,2,5,2,2,1,4,8.0,satisfied
3687,Male,Loyal Customer,42,Business travel,Eco Plus,2195,4,3,3,1,3,2,4,1,3,2,4,1,3,3,2,5.0,satisfied
3688,Female,Loyal Customer,53,Business travel,Business,2684,3,5,3,1,4,2,3,2,4,4,3,3,3,5,11,15.0,satisfied
3689,Female,Loyal Customer,59,Business travel,Business,4884,2,3,2,2,4,3,3,2,4,1,4,3,4,3,2,0.0,neutral or dissatisfied
3690,Male,disloyal Customer,15,Business travel,Eco Plus,3761,2,2,3,4,4,2,2,2,3,4,4,3,2,0,0,0.0,neutral or dissatisfied
3691,Male,Loyal Customer,7,Business travel,Business,3470,3,2,1,3,3,4,3,3,3,2,3,4,2,2,1,3.0,neutral or dissatisfied
3692,Female,Loyal Customer,28,Personal Travel,Business,1851,3,3,4,2,3,2,2,3,3,3,3,4,2,4,14,13.0,satisfied
3693,Male,Loyal Customer,16,Business travel,Business,803,4,1,3,4,2,4,3,5,3,2,3,4,3,5,2,7.0,satisfied
3694,Male,disloyal Customer,46,Business travel,Eco,4604,3,3,4,3,2,4,2,2,2,2,4,3,3,3,3,11.0,neutral or dissatisfied
3695,Male,Loyal Customer,78,Business travel,Eco,2789,3,4,0,3,3,3,3,4,4,2,3,3,4,4,3,0.0,satisfied
3696,Female,Loyal Customer,29,Personal Travel,Eco,432,2,2,2,1,2,1,4,2,5,2,5,4,3,4,6,6.0,satisfied
3697,Male,Loyal Customer,42,Personal Travel,Eco Plus,2437,5,3,2,2,3,2,3,5,3,2,3,4,3,3,4,0.0,neutral or dissatisfied
3698,Male,disloyal Customer,23,Business travel,Business,501,2,3,4,5,5,3,2,3,3,5,2,4,2,4,14,11.0,neutral or dissatisfied
3699,Male,disloyal Customer,10,Personal Travel,Eco,4907,2,2,2,3,3,2,4,3,4,2,2,2,3,4,9,0.0,neutral or dissatisfied
3700,Female,Loyal Customer,61,Personal Travel,Business,2666,1,3,5,2,2,2,4,4,3,1,2,4,2,3,0,3.0,satisfied
3701,Male,disloyal Customer,26,Business travel,Eco,3935,3,2,3,3,3,4,4,3,4,1,2,4,4,2,12,34.0,neutral or dissatisfied
3702,Male,Loyal Customer,49,Personal Travel,Eco Plus,2380,4,2,2,3,1,3,3,3,3,3,4,4,4,1,18,21.0,neutral or dissatisfied
3703,Male,Loyal Customer,60,Business travel,Business,147,2,1,3,4,4,3,3,4,4,1,3,5,2,4,16,34.0,neutral or dissatisfied
3704,Female,Loyal Customer,72,Business travel,Eco,3210,5,3,2,4,3,4,3,5,5,3,2,4,3,3,8,18.0,neutral or dissatisfied
3705,Female,Loyal Customer,21,Business travel,Eco,3282,3,4,2,2,2,3,3,4,5,5,4,4,3,4,0,0.0,satisfied
3706,Female,Loyal Customer,52,Business travel,Business,1183,4,4,4,4,2,3,1,3,3,3,5,4,5,4,2,5.0,neutral or dissatisfied
3707,Male,disloyal Customer,78,Business travel,Eco,3596,2,5,4,4,2,4,2,5,4,3,3,3,2,4,3,9.0,satisfied
3708,Female,disloyal Customer,44,Business travel,Eco Plus,1168,2,2,4,3,4,4,5,4,2,2,2,2,2,3,9,14.0,satisfied
3709,Male,Loyal Customer,10,Business travel,Business,3473,3,4,4,3,5,4,3,2,3,3,3,2,3,2,17,12.0,neutral or dissatisfied
3710,Female,Loyal Customer,27,Business travel,Business,3758,4,2,4,4,1,5,5,3,4,3,1,2,3,4,14,15.0,satisfied
3711,Male,Loyal Customer,68,Business travel,Eco Plus,730,3,4,2,4,4,3,4,3,5,3,4,2,3,4,3,16.0,satisfied
3712,Female,Loyal Customer,68,Business travel,Business,1494,3,5,4,1,3,2,3,3,2,5,4,3,3,5,42,30.0,neutral or dissatisfied
3713,Female,disloyal Customer,31,Business travel,Business,858,4,4,2,3,4,4,3,4,3,3,3,3,4,3,5,13.0,neutral or dissatisfied
3714,Male,Loyal Customer,22,Business travel,Eco,3650,1,5,2,3,1,3,4,1,3,2,2,4,4,2,12,21.0,satisfied
3715,Female,Loyal Customer,29,Personal Travel,Eco,1215,3,2,3,2,3,2,4,5,3,3,5,2,3,2,2,0.0,neutral or dissatisfied
3716,Male,Loyal Customer,25,Personal Travel,Business,3221,2,3,3,2,3,4,4,4,2,4,2,4,3,3,28,23.0,satisfied
3717,Male,disloyal Customer,64,Business travel,Business,2117,2,2,1,4,4,4,3,1,4,3,2,3,4,4,9,7.0,satisfied
3718,Male,disloyal Customer,72,Personal Travel,Eco,462,3,3,2,4,3,2,3,4,2,3,3,3,3,4,26,33.0,satisfied
3719,Female,Loyal Customer,10,Business travel,Eco,4419,2,3,3,5,3,4,3,4,4,4,4,3,3,5,7,7.0,neutral or dissatisfied
3720,Male,Loyal Customer,64,Personal Travel,Eco,3570,1,3,2,2,3,5,3,5,5,5,3,5,4,4,10,6.0,neutral or dissatisfied
3721,Female,Loyal Customer,65,Business travel,Eco,1345,3,2,4,3,5,4,2,5,2,4,3,2,2,2,6,6.0,satisfied
3722,Female,Loyal Customer,54,Business travel,Business,4403,2,2,4,3,3,3,3,5,2,2,4,2,3,3,13,16.0,neutral or dissatisfied
3723,Female,Loyal Customer,74,Business travel,Eco,3558,4,3,2,4,4,1,3,3,3,1,5,3,2,1,21,20.0,satisfied
3724,Female,disloyal Customer,10,Business travel,Eco,4092,4,3,3,4,4,5,3,4,3,3,3,3,3,3,11,24.0,neutral or dissatisfied
3725,Male,Loyal Customer,61,Business travel,Eco Plus,931,1,2,5,3,4,3,4,3,3,2,3,3,2,3,3,3.0,neutral or dissatisfied
3726,Female,disloyal Customer,16,Business travel,Business,93,2,1,3,2,2,2,2,4,3,2,3,3,3,4,0,5.0,neutral or dissatisfied
3727,Male,Loyal Customer,76,Business travel,Business,355,3,2,3,2,4,3,4,1,2,2,4,4,4,4,2,0.0,satisfied
3728,Female,Loyal Customer,45,Personal Travel,Eco,2721,1,1,4,3,3,4,2,2,5,2,5,4,0,2,16,18.0,satisfied
3729,Male,disloyal Customer,14,Personal Travel,Eco,3944,4,2,3,4,2,5,2,3,2,2,3,3,3,2,5,1.0,neutral or dissatisfied
3730,Female,Loyal Customer,65,Business travel,Eco Plus,4571,4,3,4,1,3,2,2,3,4,3,4,5,3,3,15,11.0,satisfied
3731,Female,Loyal Customer,65,Personal Travel,Business,4806,3,3,2,2,5,3,4,3,2,2,1,3,3,4,0,12.0,neutral or dissatisfied
3732,Female,disloyal Customer,43,Business travel,Eco,3013,2,2,2,4,3,3,1,5,3,2,3,3,1,4,2,0.0,neutral or dissatisfied
3733,Male,Loyal Customer,31,Personal Travel,Business,3174,0,5,4,2,3,4,3,2,4,4,3,4,4,3,1,0.0,satisfied
3734,Female,disloyal Customer,8,Business travel,Eco,1487,4,2,3,2,3,4,3,2,3,3,4,1,4,3,42,29.0,neutral or dissatisfied
3735,Male,Loyal Customer,77,Personal Travel,Eco,55,5,4,3,4,2,3,2,3,3,3,3,2,4,2,23,16.0,neutral or dissatisfied
3736,Male,disloyal Customer,21,Personal Travel,Eco,1012,5,3,1,3,3,4,3,3,3,3,2,3,3,2,9,0.0,neutral or dissatisfied
3737,Male,Loyal Customer,72,Personal Travel,Business,325,3,2,3,3,3,2,2,4,3,2,3,2,3,1,18,27.0,neutral or dissatisfied
3738,Female,Loyal Customer,52,Personal Travel,Eco Plus,3440,2,4,4,5,3,4,3,5,2,5,1,4,2,3,2,4.0,neutral or dissatisfied
3739,Female,disloyal Customer,60,Business travel,Business,2540,4,3,2,2,3,3,2,5,4,5,2,4,2,5,4,10.0,satisfied
3740,Female,Loyal Customer,61,Personal Travel,Eco,3867,3,2,4,2,5,3,5,4,5,4,3,5,2,5,0,3.0,satisfied
3741,Male,Loyal Customer,73,Business travel,Eco,783,4,5,3,5,3,3,4,3,4,1,1,2,3,4,14,7.0,neutral or dissatisfied
3742,Male,Loyal Customer,9,Business travel,Eco,4567,3,1,3,3,3,3,3,3,4,2,3,4,4,4,6,12.0,neutral or dissatisfied
3743,Female,Loyal Customer,84,Personal Travel,Eco,3611,3,3,4,4,4,3,2,4,4,4,5,4,5,4,34,33.0,satisfied
3744,Male,disloyal Customer,10,Business travel,Eco,4533,4,3,3,3,1,5,3,2,3,2,1,3,3,3,6,10.0,satisfied
3745,Male,Loyal Customer,84,Business travel,Business,3259,4,5,3,3,5,5,3,2,1,2,2,4,2,1,5,0.0,satisfied
3746,Female,Loyal Customer,27,Personal Travel,Business,1729,2,3,3,2,2,4,3,4,3,1,4,3,3,5,17,8.0,satisfied
3747,Male,Loyal Customer,72,Business travel,Eco,3149,2,5,3,3,4,3,4,2,4,3,4,4,4,3,23,18.0,neutral or dissatisfied
3748,Female,disloyal Customer,13,Business travel,Eco,3039,0,4,4,4,5,2,3,4,5,2,3,2,5,3,2,4.0,neutral or dissatisfied
3749,Female,disloyal Customer,42,Business travel,Eco,945,3,0,1,3,2,3,4,3,2,0,3,1,4,5,4,0.0,satisfied
3750,Female,disloyal Customer,49,Personal Travel,Business,552,2,1,4,4,3,3,3,4,4,4,5,3,4,3,5,23.0,neutral or dissatisfied
3751,Female,Loyal Customer,81,Personal Travel,Business,3268,3,3,3,4,3,2,4,3,3,3,3,3,5,5,16,26.0,satisfied
3752,Female,Loyal Customer,16,Business travel,Eco,517,3,2,4,2,4,4,2,5,3,2,2,3,3,2,3,13.0,satisfied
3753,Female,Loyal Customer,9,Business travel,Eco,546,3,4,5,3,2,4,2,1,2,4,3,3,4,4,7,18.0,neutral or dissatisfied
3754,Male,Loyal Customer,57,Business travel,Eco,403,4,3,2,3,3,1,5,5,3,3,3,2,4,3,5,9.0,neutral or dissatisfied
3755,Male,Loyal Customer,10,Business travel,Business,3129,3,2,2,4,3,2,4,5,4,4,3,2,4,3,7,0.0,satisfied
3756,Male,Loyal Customer,67,Business travel,Business,4639,3,2,3,4,2,5,5,4,5,4,1,5,4,2,1,4.0,satisfied
3757,Female,Loyal Customer,9,Personal Travel,Business,2510,5,4,3,3,2,4,3,4,0,2,3,3,3,3,2,0.0,satisfied
3758,Female,Loyal Customer,82,Business travel,Business,804,4,1,4,4,3,2,5,4,4,4,4,2,5,5,2,1.0,satisfied
3759,Male,Loyal Customer,48,Business travel,Eco,2587,3,4,2,1,3,4,3,2,3,4,4,3,3,4,31,37.0,satisfied
3760,Female,Loyal Customer,80,Business travel,Business,2437,3,4,2,2,2,3,4,3,3,4,3,2,4,4,19,15.0,satisfied
3761,Male,Loyal Customer,16,Business travel,Business,2987,4,3,1,2,3,3,3,4,4,4,3,2,3,1,13,9.0,neutral or dissatisfied
3762,Female,disloyal Customer,28,Business travel,Eco Plus,2193,3,1,1,3,2,2,3,1,5,5,3,4,3,1,16,23.0,neutral or dissatisfied
3763,Female,Loyal Customer,42,Business travel,Business,2683,2,4,3,4,4,3,3,4,2,4,4,2,1,2,23,17.0,neutral or dissatisfied
3764,Female,disloyal Customer,9,Business travel,Eco,1657,4,2,3,3,3,4,3,3,3,2,2,2,3,3,41,39.0,neutral or dissatisfied
3765,Male,Loyal Customer,15,Personal Travel,Business,4535,4,1,5,2,4,3,4,4,1,3,3,3,2,3,3,3.0,satisfied
3766,Male,Loyal Customer,32,Business travel,Business,2711,4,5,1,3,1,4,3,2,4,2,2,3,2,4,7,11.0,satisfied
3767,Female,Loyal Customer,64,Business travel,Business,1588,5,2,3,3,3,3,4,2,2,4,3,5,4,4,47,52.0,neutral or dissatisfied
3768,Female,Loyal Customer,62,Personal Travel,Eco,63,5,1,2,1,4,4,4,2,5,2,5,3,2,5,0,0.0,satisfied
3769,Female,Loyal Customer,13,Business travel,Business,3409,5,3,3,3,3,3,5,2,4,5,2,4,5,3,3,0.0,satisfied
3770,Male,Loyal Customer,11,Business travel,Eco,1931,3,3,2,3,2,5,4,4,3,3,4,2,5,2,29,39.0,neutral or dissatisfied
3771,Male,Loyal Customer,58,Business travel,Eco Plus,1282,3,5,4,5,3,4,2,3,3,3,4,3,3,4,4,0.0,satisfied
3772,Male,disloyal Customer,35,Business travel,Business,2422,1,3,4,2,4,3,3,2,4,2,2,2,5,3,4,7.0,satisfied
3773,Female,Loyal Customer,68,Business travel,Eco,2451,3,3,3,4,2,4,3,4,4,2,3,4,2,4,15,15.0,neutral or dissatisfied
3774,Male,Loyal Customer,30,Business travel,Business,4026,4,3,5,2,4,3,3,3,2,2,2,3,4,5,6,8.0,satisfied
3775,Male,Loyal Customer,35,Business travel,Business,2735,3,3,4,2,3,3,5,4,3,3,3,3,4,3,3,5.0,satisfied
3776,Male,Loyal Customer,24,Business travel,Eco,3519,1,3,5,2,3,3,4,2,3,3,3,4,5,5,7,6.0,satisfied
3777,Female,Loyal Customer,27,Business travel,Business,3253,3,3,3,4,3,2,3,3,3,3,5,2,3,2,27,27.0,satisfied
3778,Female,Loyal Customer,62,Business travel,Eco Plus,4256,4,3,4,3,3,3,5,2,5,3,2,2,4,4,38,40.0,neutral or dissatisfied
3779,Female,Loyal Customer,43,Business travel,Eco,80,2,3,2,3,5,2,3,4,2,2,3,2,3,2,3,5.0,neutral or dissatisfied
3780,Male,Loyal Customer,58,Personal Travel,Business,1912,3,4,2,4,3,4,3,3,4,3,3,5,3,3,0,0.0,neutral or dissatisfied
3781,Male,disloyal Customer,13,Business travel,Business,3591,3,3,5,3,2,4,2,4,4,5,5,3,3,4,0,0.0,satisfied
3782,Male,disloyal Customer,48,Business travel,Eco,747,4,4,2,3,3,5,1,3,3,2,3,3,3,3,8,14.0,neutral or dissatisfied
3783,Male,Loyal Customer,42,Business travel,Eco,2237,5,5,3,3,2,3,2,1,4,3,2,4,3,2,3,0.0,neutral or dissatisfied
3784,Female,disloyal Customer,78,Personal Travel,Business,2035,3,2,1,2,1,2,4,3,3,2,2,3,3,2,8,11.0,satisfied
3785,Female,Loyal Customer,40,Business travel,Eco,4037,3,5,2,5,2,2,4,2,1,3,2,0,2,4,18,26.0,neutral or dissatisfied
3786,Female,Loyal Customer,15,Business travel,Business,4817,3,2,2,5,3,3,2,4,0,3,3,5,3,4,2,2.0,neutral or dissatisfied
3787,Male,disloyal Customer,61,Business travel,Eco Plus,576,4,2,2,5,4,5,3,4,2,2,2,2,5,5,11,11.0,neutral or dissatisfied
3788,Male,Loyal Customer,18,Business travel,Business,1110,4,4,3,2,4,3,4,4,3,2,3,2,3,3,7,0.0,satisfied
3789,Female,Loyal Customer,77,Personal Travel,Eco,3882,5,3,4,2,2,3,1,3,3,3,2,3,4,2,0,0.0,neutral or dissatisfied
3790,Male,Loyal Customer,36,Business travel,Eco,915,0,3,2,3,2,3,5,1,4,4,4,2,3,4,12,15.0,satisfied
3791,Male,Loyal Customer,68,Personal Travel,Eco,2509,3,4,2,4,2,3,4,3,3,4,3,2,4,1,16,13.0,neutral or dissatisfied
3792,Male,Loyal Customer,58,Business travel,Eco,4724,4,3,4,3,0,4,4,4,2,2,5,3,3,5,3,0.0,satisfied
3793,Male,Loyal Customer,43,Business travel,Eco Plus,4877,3,5,5,2,3,5,5,3,3,5,4,1,0,4,0,4.0,satisfied
3794,Female,Loyal Customer,52,Business travel,Business,4752,1,3,4,3,4,4,1,3,3,2,4,4,3,2,17,19.0,satisfied
3795,Female,Loyal Customer,21,Business travel,Business,715,3,2,1,2,3,4,3,1,5,2,5,4,2,1,9,12.0,satisfied
3796,Male,Loyal Customer,12,Personal Travel,Eco,788,2,2,4,2,2,3,5,3,4,4,4,1,3,2,0,0.0,satisfied
3797,Female,Loyal Customer,66,Business travel,Business,921,5,4,5,3,2,3,3,3,1,4,3,4,4,4,6,9.0,satisfied
3798,Male,disloyal Customer,81,Business travel,Eco,3858,3,4,1,2,3,3,4,2,3,3,2,2,5,2,10,0.0,neutral or dissatisfied
3799,Male,Loyal Customer,74,Business travel,Business,936,2,3,4,3,4,3,5,4,4,2,5,3,2,4,3,1.0,neutral or dissatisfied
3800,Male,Loyal Customer,30,Business travel,Eco,2177,1,2,3,0,3,3,4,3,3,3,2,3,3,4,0,15.0,neutral or dissatisfied
3801,Female,Loyal Customer,34,Personal Travel,Eco,4100,4,4,3,2,4,4,3,3,1,2,2,4,3,3,4,8.0,neutral or dissatisfied
3802,Female,Loyal Customer,34,Business travel,Eco,2486,4,5,3,3,3,3,4,4,4,5,2,3,3,4,11,13.0,neutral or dissatisfied
3803,Female,Loyal Customer,61,Personal Travel,Business,4705,3,3,3,1,3,3,1,4,4,2,2,1,3,5,41,35.0,satisfied
3804,Male,Loyal Customer,55,Personal Travel,Eco Plus,2518,4,5,4,1,2,3,4,2,3,3,3,3,4,4,10,22.0,satisfied
3805,Male,Loyal Customer,69,Business travel,Eco,1929,3,4,4,3,2,2,4,3,2,3,3,4,3,4,0,2.0,satisfied
3806,Female,Loyal Customer,80,Business travel,Eco,4843,4,5,1,4,2,4,3,5,4,2,4,2,3,3,5,0.0,satisfied
3807,Male,Loyal Customer,37,Business travel,Eco,2757,4,4,2,2,4,3,4,5,1,2,2,2,4,5,2,0.0,satisfied
3808,Male,disloyal Customer,58,Business travel,Business,964,1,3,3,3,3,2,4,4,1,4,2,3,2,2,0,2.0,neutral or dissatisfied
3809,Female,Loyal Customer,46,Business travel,Business,3190,1,4,5,3,0,4,3,4,2,3,3,4,3,3,21,20.0,satisfied
3810,Female,Loyal Customer,81,Personal Travel,Business,3876,5,3,0,1,4,4,5,2,4,2,2,2,3,4,15,23.0,satisfied
3811,Male,Loyal Customer,34,Personal Travel,Eco,4200,4,3,2,4,4,2,2,3,2,2,2,3,3,3,12,3.0,neutral or dissatisfied
3812,Male,Loyal Customer,21,Business travel,Eco,78,2,4,1,3,2,4,5,3,3,2,2,2,2,3,2,3.0,satisfied
3813,Female,Loyal Customer,36,Personal Travel,Business,586,1,4,1,3,4,4,5,3,3,4,3,3,2,2,0,0.0,satisfied
3814,Male,Loyal Customer,55,Personal Travel,Eco Plus,3161,3,3,4,3,3,5,4,2,4,4,3,1,3,3,6,7.0,satisfied
3815,Male,Loyal Customer,81,Business travel,Business,3722,2,3,2,1,1,3,3,4,3,4,3,3,5,5,7,3.0,satisfied
3816,Male,Loyal Customer,71,Personal Travel,Eco,3280,3,4,0,4,5,3,4,0,3,3,5,4,4,3,9,9.0,neutral or dissatisfied
3817,Male,Loyal Customer,8,Business travel,Eco,1945,3,4,3,4,3,3,2,4,2,4,4,3,2,5,1,13.0,neutral or dissatisfied
3818,Female,Loyal Customer,46,Business travel,Business,3780,3,4,5,3,3,4,3,4,4,1,3,4,5,3,10,0.0,satisfied
3819,Female,Loyal Customer,19,Business travel,Business,2917,4,3,1,4,2,3,3,5,4,3,5,3,3,2,1,17.0,neutral or dissatisfied
3820,Female,Loyal Customer,35,Business travel,Eco,4633,5,2,4,3,3,4,2,3,4,4,4,1,5,2,1,28.0,satisfied
3821,Male,Loyal Customer,80,Personal Travel,Eco,1869,2,2,5,4,3,3,3,3,2,3,2,2,3,4,3,0.0,neutral or dissatisfied
3822,Male,disloyal Customer,83,Business travel,Business,3781,2,4,3,2,2,4,2,3,3,3,4,3,3,1,4,15.0,neutral or dissatisfied
3823,Female,Loyal Customer,18,Personal Travel,Eco,761,3,4,5,3,5,3,4,4,4,2,5,3,3,5,24,31.0,neutral or dissatisfied
3824,Male,Loyal Customer,17,Business travel,Eco,3674,5,4,2,3,4,1,5,3,3,2,5,2,3,4,25,31.0,neutral or dissatisfied
3825,Female,Loyal Customer,61,Personal Travel,Business,3671,3,2,5,3,4,4,5,2,2,2,4,2,5,3,15,9.0,neutral or dissatisfied
3826,Female,Loyal Customer,39,Business travel,Eco,1306,4,3,4,4,3,1,2,4,4,3,4,0,3,2,8,1.0,neutral or dissatisfied
3827,Male,Loyal Customer,40,Business travel,Business,355,2,2,3,5,2,3,2,3,2,2,4,5,4,3,19,16.0,neutral or dissatisfied
3828,Female,Loyal Customer,75,Business travel,Eco,4964,3,1,1,3,4,3,3,2,3,1,5,5,3,4,1,0.0,satisfied
3829,Female,Loyal Customer,78,Business travel,Eco,428,2,3,2,4,4,3,4,1,4,4,2,2,3,1,5,0.0,satisfied
3830,Male,Loyal Customer,77,Business travel,Business,2368,3,4,0,2,3,3,3,5,3,4,5,1,4,3,8,2.0,satisfied
3831,Female,Loyal Customer,68,Business travel,Eco,55,3,3,4,4,2,3,4,4,2,3,3,5,3,4,9,,satisfied
3832,Male,Loyal Customer,83,Business travel,Business,2116,4,5,4,2,1,4,4,4,4,2,2,1,2,1,11,23.0,satisfied
3833,Female,Loyal Customer,63,Business travel,Eco Plus,4113,5,3,3,5,3,3,1,3,3,2,2,4,2,3,30,23.0,neutral or dissatisfied
3834,Female,Loyal Customer,76,Business travel,Eco,2534,3,3,3,1,3,5,3,4,4,4,1,4,4,2,22,41.0,satisfied
3835,Male,Loyal Customer,49,Business travel,Business,1236,1,2,4,5,4,3,2,2,4,3,4,3,1,2,5,0.0,neutral or dissatisfied
3836,Female,Loyal Customer,10,Personal Travel,Eco,2000,3,3,3,4,4,2,3,3,3,2,5,5,4,3,11,2.0,neutral or dissatisfied
3837,Male,disloyal Customer,70,Business travel,Business,507,3,2,2,2,3,2,3,3,2,4,3,2,2,4,5,0.0,satisfied
3838,Female,Loyal Customer,79,Personal Travel,Eco,2988,3,1,3,5,3,4,4,2,2,2,2,4,3,3,1,0.0,satisfied
3839,Female,Loyal Customer,31,Business travel,Eco Plus,70,3,2,5,2,2,1,3,3,5,0,5,3,5,2,33,42.0,neutral or dissatisfied
3840,Female,Loyal Customer,40,Business travel,Eco,1780,5,3,4,3,4,2,3,3,1,3,3,2,2,2,1,0.0,neutral or dissatisfied
3841,Female,Loyal Customer,51,Personal Travel,Eco,350,3,2,3,2,3,2,5,2,1,3,5,5,4,4,2,2.0,satisfied
3842,Male,Loyal Customer,57,Personal Travel,Eco,1237,3,2,3,3,4,4,2,3,4,3,2,2,4,3,29,27.0,neutral or dissatisfied
3843,Female,Loyal Customer,59,Business travel,Business,383,2,3,4,3,4,5,4,1,4,3,4,3,3,2,12,2.0,neutral or dissatisfied
3844,Male,Loyal Customer,37,Business travel,Business,4643,1,1,3,4,2,2,4,4,4,2,5,4,2,3,28,14.0,satisfied
3845,Female,Loyal Customer,73,Business travel,Eco,3871,3,3,2,5,2,4,4,5,1,4,2,4,4,4,1,0.0,satisfied
3846,Male,disloyal Customer,70,Business travel,Business,4642,3,4,3,2,5,0,2,2,4,1,3,2,5,3,1,0.0,satisfied
3847,Female,disloyal Customer,80,Personal Travel,Business,3431,2,4,5,0,4,2,2,4,2,3,3,5,5,2,51,53.0,neutral or dissatisfied
3848,Male,Loyal Customer,51,Business travel,Business,2506,3,4,4,4,3,4,4,3,3,2,4,3,2,3,35,27.0,satisfied
3849,Female,Loyal Customer,13,Business travel,Eco Plus,911,3,3,3,2,4,3,4,3,4,4,5,3,4,3,7,0.0,satisfied
3850,Male,Loyal Customer,72,Business travel,Eco Plus,4812,2,2,4,5,3,4,3,2,4,2,2,3,3,2,1,7.0,neutral or dissatisfied
3851,Female,disloyal Customer,13,Business travel,Business,4591,2,3,3,3,3,1,2,3,2,3,5,3,2,3,8,15.0,neutral or dissatisfied
3852,Male,disloyal Customer,22,Business travel,Business,2107,3,5,3,2,2,2,3,4,5,3,3,1,3,2,14,2.0,satisfied
3853,Male,Loyal Customer,29,Business travel,Eco,1166,3,3,3,2,3,4,5,2,4,3,3,3,3,3,0,0.0,satisfied
3854,Male,Loyal Customer,21,Personal Travel,Business,1967,2,3,1,4,3,4,2,2,2,2,5,3,3,4,11,15.0,neutral or dissatisfied
3855,Male,Loyal Customer,63,Business travel,Eco Plus,2000,2,4,0,3,2,4,3,3,3,3,3,3,4,5,3,0.0,satisfied
3856,Female,disloyal Customer,41,Business travel,Eco,4588,3,3,3,5,3,3,3,0,2,3,3,3,3,1,12,0.0,neutral or dissatisfied
3857,Male,Loyal Customer,24,Business travel,Eco,380,4,3,2,3,2,2,5,4,3,3,3,3,5,2,0,10.0,satisfied
3858,Male,Loyal Customer,7,Business travel,Business,3182,3,3,1,5,4,2,3,4,4,5,5,3,5,4,27,22.0,satisfied
3859,Male,Loyal Customer,23,Business travel,Eco,3854,3,3,2,1,3,5,4,4,1,3,2,3,3,2,10,10.0,neutral or dissatisfied
3860,Male,Loyal Customer,61,Business travel,Eco Plus,3824,3,4,4,1,1,2,5,4,1,2,4,3,3,3,14,4.0,neutral or dissatisfied
3861,Female,Loyal Customer,68,Personal Travel,Business,1006,5,1,3,4,4,2,2,3,2,5,2,2,3,5,6,13.0,satisfied
3862,Female,Loyal Customer,30,Personal Travel,Eco,2093,4,4,4,2,4,4,2,5,5,4,3,4,3,2,12,,satisfied
3863,Male,Loyal Customer,12,Personal Travel,Business,1743,3,2,3,3,5,2,3,2,3,4,3,2,3,3,21,27.0,neutral or dissatisfied
3864,Female,Loyal Customer,50,Personal Travel,Eco Plus,2064,4,1,2,2,3,5,4,3,5,3,4,4,2,2,1,0.0,satisfied
3865,Female,Loyal Customer,68,Business travel,Eco,481,3,2,4,2,3,5,4,3,3,4,1,3,2,4,2,0.0,satisfied
3866,Female,Loyal Customer,12,Business travel,Business,462,3,3,4,4,4,3,4,3,2,1,3,4,4,1,6,4.0,satisfied
3867,Female,disloyal Customer,69,Business travel,Business,169,2,3,3,3,4,4,1,3,1,5,4,5,4,2,11,3.0,neutral or dissatisfied
3868,Female,Loyal Customer,20,Personal Travel,Business,4835,1,4,3,2,4,1,4,3,2,4,4,3,4,2,2,0.0,satisfied
3869,Male,Loyal Customer,27,Business travel,Business,2113,3,4,4,4,3,4,0,2,3,3,3,4,3,3,41,33.0,neutral or dissatisfied
3870,Female,Loyal Customer,55,Business travel,Eco,1178,3,1,2,4,3,1,5,3,1,4,2,4,3,5,3,,neutral or dissatisfied
3871,Male,Loyal Customer,11,Business travel,Business,3998,3,3,4,3,4,2,5,1,2,4,3,3,2,4,2,6.0,satisfied
3872,Male,Loyal Customer,30,Business travel,Eco Plus,2496,4,4,4,4,3,3,3,4,2,2,4,4,2,3,19,21.0,satisfied
3873,Female,Loyal Customer,17,Business travel,Business,1854,2,3,3,2,2,4,1,2,3,3,3,3,2,4,5,0.0,neutral or dissatisfied
3874,Male,Loyal Customer,23,Business travel,Eco,617,1,4,5,4,1,2,3,3,3,3,5,5,2,3,42,54.0,neutral or dissatisfied
3875,Female,Loyal Customer,67,Business travel,Eco Plus,1960,2,1,2,3,3,3,5,2,4,3,3,3,3,5,1,0.0,neutral or dissatisfied
3876,Female,Loyal Customer,24,Business travel,Eco,3252,1,2,2,2,3,1,4,4,1,3,2,2,2,4,16,21.0,satisfied
3877,Female,Loyal Customer,10,Personal Travel,Eco,3136,3,5,2,5,5,3,5,3,2,4,3,3,3,2,2,0.0,neutral or dissatisfied
3878,Male,Loyal Customer,23,Business travel,Eco Plus,1984,2,3,3,3,3,2,3,1,4,3,3,4,2,4,29,26.0,neutral or dissatisfied
3879,Male,Loyal Customer,13,Business travel,Eco,3084,4,5,4,2,3,3,5,4,3,5,2,2,4,3,11,0.0,satisfied
3880,Male,Loyal Customer,55,Business travel,Eco,3849,4,2,2,3,3,4,1,2,4,2,3,5,4,4,0,0.0,neutral or dissatisfied
3881,Female,Loyal Customer,82,Business travel,Business,4654,2,5,5,2,4,4,2,3,3,3,4,4,3,1,13,14.0,satisfied
3882,Male,Loyal Customer,20,Personal Travel,Business,2665,2,2,2,2,3,4,2,4,3,2,2,2,5,3,2,2.0,satisfied
3883,Female,Loyal Customer,63,Business travel,Business,1177,4,4,3,3,2,3,4,2,4,4,2,4,3,3,6,0.0,satisfied
3884,Male,disloyal Customer,35,Personal Travel,Eco,690,4,3,3,3,2,4,2,3,3,2,4,2,3,2,5,4.0,satisfied
3885,Male,Loyal Customer,12,Business travel,Eco,830,1,3,3,2,3,3,4,2,2,3,4,2,1,4,1,2.0,satisfied
3886,Male,Loyal Customer,60,Business travel,Eco,103,3,4,2,4,2,3,4,4,2,4,2,2,2,1,3,0.0,satisfied
3887,Male,Loyal Customer,23,Personal Travel,Eco Plus,2812,1,2,4,2,3,4,4,3,3,3,4,2,2,5,12,16.0,satisfied
3888,Male,Loyal Customer,47,Business travel,Business,1101,2,4,2,2,3,3,3,3,4,2,2,4,4,2,12,12.0,neutral or dissatisfied
3889,Male,disloyal Customer,46,Personal Travel,Eco Plus,1169,4,3,1,2,2,3,2,2,3,4,2,3,4,4,23,18.0,satisfied
3890,Female,Loyal Customer,53,Business travel,Business,3635,5,3,2,2,5,4,4,4,4,3,2,3,3,3,3,16.0,satisfied
3891,Female,disloyal Customer,17,Business travel,Business,1632,3,0,5,4,4,4,3,4,5,3,3,3,3,4,13,9.0,satisfied
3892,Female,Loyal Customer,26,Business travel,Eco,4151,2,3,4,3,3,3,4,2,2,2,4,2,4,5,17,8.0,neutral or dissatisfied
3893,Male,Loyal Customer,64,Business travel,Business,728,2,4,1,4,2,4,5,3,5,1,3,2,3,3,11,17.0,satisfied
3894,Male,disloyal Customer,79,Personal Travel,Eco,1739,3,4,4,4,3,2,3,4,3,5,2,4,2,3,14,17.0,satisfied
3895,Female,Loyal Customer,7,Business travel,Eco,305,2,4,1,3,3,3,5,5,4,2,3,3,4,3,18,1.0,satisfied
3896,Female,Loyal Customer,39,Business travel,Eco,2702,2,3,3,5,3,2,4,4,3,2,4,5,4,2,20,3.0,neutral or dissatisfied
3897,Female,Loyal Customer,75,Business travel,Business,667,3,5,2,2,3,3,4,3,5,3,4,2,4,3,39,41.0,neutral or dissatisfied
3898,Male,disloyal Customer,29,Business travel,Business,1238,3,3,4,2,2,4,2,3,4,2,4,3,4,3,2,0.0,satisfied
3899,Male,Loyal Customer,41,Business travel,Business,3690,3,2,4,3,3,4,3,3,3,4,4,3,4,3,19,20.0,neutral or dissatisfied
3900,Female,Loyal Customer,77,Personal Travel,Eco,4408,2,4,4,3,3,4,3,4,3,4,3,4,4,3,4,0.0,satisfied
3901,Female,disloyal Customer,82,Business travel,Business,2749,2,4,3,3,3,3,5,2,2,2,2,4,2,4,2,4.0,satisfied
3902,Female,Loyal Customer,58,Business travel,Business,4827,3,4,3,4,3,3,3,4,3,3,3,3,2,4,1,5.0,satisfied
3903,Female,Loyal Customer,61,Business travel,Eco,3795,2,3,1,3,3,5,4,2,5,3,5,3,4,2,14,0.0,satisfied
3904,Male,Loyal Customer,54,Business travel,Eco Plus,3777,2,3,2,3,3,1,3,4,4,2,5,2,3,4,5,0.0,satisfied
3905,Female,Loyal Customer,29,Business travel,Eco,4953,4,5,4,4,3,2,3,4,2,2,0,3,3,5,2,13.0,satisfied
3906,Female,disloyal Customer,76,Personal Travel,Business,489,3,4,3,3,3,4,2,4,2,3,4,5,5,2,10,12.0,satisfied
3907,Female,Loyal Customer,9,Business travel,Eco,1199,1,1,3,4,2,5,1,3,4,5,3,2,4,3,68,72.0,neutral or dissatisfied
3908,Female,Loyal Customer,11,Personal Travel,Business,2213,4,2,4,1,2,3,3,4,4,2,4,2,3,4,18,35.0,satisfied
3909,Male,Loyal Customer,53,Business travel,Business,3110,3,2,2,5,2,3,3,3,1,3,2,1,2,4,13,21.0,neutral or dissatisfied
3910,Female,Loyal Customer,72,Business travel,Business,4953,1,2,4,1,2,2,2,2,5,5,3,2,4,4,21,21.0,neutral or dissatisfied
3911,Male,disloyal Customer,70,Personal Travel,Eco Plus,540,3,1,2,2,2,3,3,3,3,4,1,2,4,5,3,0.0,satisfied
3912,Female,Loyal Customer,59,Personal Travel,Eco,1185,2,5,5,2,1,4,5,3,5,1,3,2,3,3,34,43.0,satisfied
3913,Male,Loyal Customer,36,Personal Travel,Business,1525,4,2,4,5,4,5,5,4,3,3,4,3,0,2,4,13.0,neutral or dissatisfied
3914,Female,Loyal Customer,35,Business travel,Eco,3368,3,2,4,2,4,3,3,3,2,4,4,4,2,3,7,8.0,satisfied
3915,Female,Loyal Customer,40,Personal Travel,Eco Plus,4760,3,1,2,3,4,2,3,3,3,5,5,3,4,5,10,24.0,neutral or dissatisfied
3916,Male,Loyal Customer,26,Personal Travel,Business,4695,3,4,5,2,2,3,4,4,2,5,3,2,2,2,1,3.0,satisfied
3917,Male,Loyal Customer,39,Personal Travel,Eco,3750,1,3,5,2,1,1,4,4,3,4,2,1,4,4,19,19.0,neutral or dissatisfied
3918,Female,Loyal Customer,15,Business travel,Business,3877,5,3,3,4,3,5,4,4,2,4,5,1,4,4,2,11.0,neutral or dissatisfied
3919,Male,disloyal Customer,31,Personal Travel,Business,2106,4,3,4,2,1,2,4,2,3,2,1,2,2,4,37,40.0,neutral or dissatisfied
3920,Female,Loyal Customer,80,Business travel,Eco,3063,2,4,3,3,3,4,3,4,3,2,3,2,4,4,2,8.0,satisfied
3921,Female,Loyal Customer,62,Personal Travel,Business,896,3,2,2,4,2,4,3,3,4,2,4,2,3,3,1,0.0,satisfied
3922,Female,Loyal Customer,18,Personal Travel,Eco,2558,4,1,4,5,0,4,4,4,2,4,1,3,3,3,29,31.0,neutral or dissatisfied
3923,Male,Loyal Customer,29,Personal Travel,Business,1498,3,2,2,2,5,3,1,5,2,3,2,3,2,5,28,24.0,neutral or dissatisfied
3924,Male,Loyal Customer,27,Personal Travel,Eco,4647,5,2,4,3,2,3,4,1,1,3,2,5,5,5,8,4.0,neutral or dissatisfied
3925,Female,Loyal Customer,28,Business travel,Eco,1869,5,3,4,3,3,4,1,5,4,5,4,5,2,5,16,15.0,neutral or dissatisfied
3926,Female,Loyal Customer,60,Business travel,Eco,2003,3,4,3,3,3,4,4,3,3,4,2,3,2,4,2,0.0,neutral or dissatisfied
3927,Female,Loyal Customer,76,Business travel,Eco,2043,2,5,3,5,2,5,2,2,2,4,3,1,3,3,9,14.0,neutral or dissatisfied
3928,Male,Loyal Customer,62,Personal Travel,Eco,4511,2,1,4,3,4,2,5,3,5,4,1,2,2,3,0,0.0,neutral or dissatisfied
3929,Female,disloyal Customer,45,Personal Travel,Business,4666,1,4,3,0,2,1,3,2,4,4,2,3,5,3,42,28.0,neutral or dissatisfied
3930,Female,Loyal Customer,19,Personal Travel,Business,2183,4,2,3,3,3,1,3,4,3,2,2,4,2,4,2,1.0,satisfied
3931,Female,disloyal Customer,18,Personal Travel,Eco,4978,3,5,1,3,3,1,4,2,3,4,3,2,4,4,9,19.0,neutral or dissatisfied
3932,Male,Loyal Customer,70,Business travel,Eco,3794,4,5,4,3,1,2,2,5,2,4,3,1,5,4,0,0.0,satisfied
3933,Female,Loyal Customer,59,Business travel,Business,4239,4,5,3,2,3,2,4,4,2,3,5,3,4,3,18,16.0,neutral or dissatisfied
3934,Female,Loyal Customer,46,Business travel,Eco Plus,4582,2,4,5,2,2,3,4,3,4,4,4,2,2,0,23,21.0,neutral or dissatisfied
3935,Male,Loyal Customer,52,Personal Travel,Business,1695,2,3,3,5,2,4,3,1,4,4,1,2,4,5,36,56.0,neutral or dissatisfied
3936,Female,Loyal Customer,73,Business travel,Business,2775,5,3,3,3,3,4,2,2,2,3,4,2,5,3,16,23.0,satisfied
3937,Female,Loyal Customer,70,Personal Travel,Eco,1461,3,2,3,3,3,3,3,3,5,2,4,3,2,4,15,11.0,neutral or dissatisfied
3938,Male,Loyal Customer,13,Personal Travel,Eco,1583,2,2,4,5,3,3,3,3,3,2,3,3,4,3,7,6.0,neutral or dissatisfied
3939,Female,Loyal Customer,37,Business travel,Eco,2348,2,4,2,2,3,5,2,4,2,1,4,0,4,5,44,38.0,satisfied
3940,Female,disloyal Customer,10,Personal Travel,Business,302,3,5,3,4,1,4,3,0,5,3,5,3,5,3,12,26.0,satisfied
3941,Female,Loyal Customer,37,Business travel,Business,1115,5,3,4,2,4,3,3,2,2,4,3,4,4,3,1,0.0,neutral or dissatisfied
3942,Male,Loyal Customer,56,Business travel,Eco,4055,4,2,3,4,3,3,3,4,2,5,2,3,3,3,36,29.0,neutral or dissatisfied
3943,Female,Loyal Customer,23,Business travel,Business,870,3,1,4,2,2,3,3,3,3,2,4,5,4,2,0,7.0,neutral or dissatisfied
3944,Female,Loyal Customer,18,Business travel,Eco,3128,5,3,3,4,3,5,4,3,4,3,2,3,2,4,15,28.0,satisfied
3945,Male,Loyal Customer,45,Business travel,Business,3839,5,4,3,5,4,3,3,1,2,3,3,3,2,4,3,3.0,neutral or dissatisfied
3946,Female,Loyal Customer,47,Business travel,Business,1352,3,4,4,3,3,3,4,4,1,3,2,4,3,4,48,46.0,neutral or dissatisfied
3947,Male,Loyal Customer,62,Business travel,Business,2318,5,5,3,1,5,1,3,3,3,1,4,3,3,5,28,28.0,neutral or dissatisfied
3948,Male,Loyal Customer,8,Business travel,Business,4393,3,3,1,3,5,2,3,4,2,2,2,5,3,2,11,11.0,neutral or dissatisfied
3949,Female,Loyal Customer,26,Business travel,Business,4185,4,3,3,4,3,3,4,5,3,5,3,4,5,1,15,31.0,satisfied
3950,Male,Loyal Customer,67,Business travel,Eco,4605,3,4,2,4,3,4,0,5,2,4,3,3,5,2,9,12.0,neutral or dissatisfied
3951,Male,Loyal Customer,60,Personal Travel,Eco,3160,4,2,1,5,3,2,3,3,2,3,2,3,0,3,9,7.0,neutral or dissatisfied
3952,Male,Loyal Customer,77,Business travel,Business,4441,3,3,3,5,2,3,3,3,3,4,4,3,3,5,13,,satisfied
3953,Female,Loyal Customer,70,Business travel,Eco,2022,4,5,3,3,3,3,3,3,3,4,5,3,2,3,2,9.0,satisfied
3954,Male,Loyal Customer,72,Personal Travel,Business,3027,5,2,4,2,4,2,3,5,2,3,3,2,4,3,11,4.0,neutral or dissatisfied
3955,Female,Loyal Customer,46,Personal Travel,Business,3352,4,3,2,2,2,2,4,3,4,3,2,4,3,5,15,17.0,satisfied
3956,Female,Loyal Customer,81,Business travel,Eco,4884,4,4,3,2,4,3,4,4,2,2,3,5,5,3,13,13.0,neutral or dissatisfied
3957,Female,Loyal Customer,39,Personal Travel,Eco,1872,2,3,4,4,4,3,2,4,3,3,3,1,2,2,22,13.0,satisfied
3958,Female,Loyal Customer,77,Business travel,Eco,4380,3,4,2,2,4,3,3,3,3,2,3,4,2,4,15,12.0,satisfied
3959,Male,Loyal Customer,37,Personal Travel,Business,2571,2,5,4,2,3,2,2,3,1,2,3,3,3,4,3,0.0,neutral or dissatisfied
3960,Male,Loyal Customer,41,Business travel,Business,566,4,4,5,4,4,3,4,5,2,4,2,4,3,3,5,2.0,neutral or dissatisfied
3961,Female,Loyal Customer,60,Business travel,Eco,3294,4,5,1,2,4,3,3,3,3,3,4,2,3,5,9,23.0,neutral or dissatisfied
3962,Female,Loyal Customer,38,Business travel,Eco,4906,3,2,3,3,3,2,2,3,3,1,3,3,5,3,5,5.0,satisfied
3963,Female,Loyal Customer,18,Personal Travel,Eco,2294,5,3,4,2,3,3,1,2,2,3,5,4,4,4,10,12.0,neutral or dissatisfied
3964,Male,Loyal Customer,76,Business travel,Eco Plus,2766,5,5,3,3,5,5,3,4,3,4,3,3,3,2,5,10.0,neutral or dissatisfied
3965,Male,Loyal Customer,42,Business travel,Business,4640,3,5,5,2,3,3,2,3,3,3,3,4,3,2,0,0.0,satisfied
3966,Female,Loyal Customer,79,Business travel,Eco,4604,4,2,4,1,2,2,2,4,4,1,3,2,1,3,11,8.0,satisfied
3967,Female,Loyal Customer,38,Personal Travel,Eco,2030,2,3,5,4,4,5,3,5,4,4,3,3,1,4,12,23.0,neutral or dissatisfied
3968,Male,Loyal Customer,82,Business travel,Business,3813,3,3,4,2,3,5,4,4,5,3,3,4,5,2,3,14.0,neutral or dissatisfied
3969,Female,Loyal Customer,54,Business travel,Business,3173,2,3,5,3,2,5,4,5,3,3,3,3,2,3,21,28.0,neutral or dissatisfied
3970,Female,Loyal Customer,66,Business travel,Eco,3255,2,4,3,2,2,3,2,2,2,4,2,4,5,3,24,24.0,satisfied
3971,Male,Loyal Customer,65,Personal Travel,Business,3616,3,5,1,4,3,2,3,4,3,3,2,3,3,3,7,9.0,neutral or dissatisfied
3972,Female,Loyal Customer,22,Business travel,Eco,1667,1,3,2,3,3,2,4,5,2,1,4,3,3,2,7,1.0,satisfied
3973,Male,Loyal Customer,70,Personal Travel,Eco,1558,4,4,4,4,2,4,3,5,4,5,4,4,4,3,36,36.0,neutral or dissatisfied
3974,Male,disloyal Customer,80,Business travel,Business,183,4,4,4,2,3,5,4,5,5,1,1,5,4,2,27,18.0,satisfied
3975,Male,disloyal Customer,58,Business travel,Eco,4288,3,3,3,3,3,2,3,3,3,3,4,2,3,3,21,27.0,neutral or dissatisfied
3976,Female,Loyal Customer,80,Business travel,Eco,1419,0,1,5,3,3,0,3,4,4,4,4,4,3,3,6,19.0,satisfied
3977,Female,Loyal Customer,72,Business travel,Business,3387,3,4,3,5,4,3,2,2,4,2,3,2,3,3,41,32.0,satisfied
3978,Female,Loyal Customer,58,Business travel,Eco,3444,1,4,4,3,1,2,4,5,4,2,1,3,4,4,23,37.0,neutral or dissatisfied
3979,Female,Loyal Customer,44,Business travel,Business,3532,2,3,3,2,2,2,4,2,4,3,2,3,3,5,5,10.0,satisfied
3980,Male,Loyal Customer,73,Personal Travel,Eco Plus,4322,5,2,2,3,2,3,3,5,4,3,3,2,2,1,2,0.0,neutral or dissatisfied
3981,Male,Loyal Customer,21,Business travel,Business,4345,0,5,3,3,4,4,4,4,2,2,5,3,3,3,2,4.0,satisfied
3982,Male,Loyal Customer,50,Business travel,Business,61,2,3,5,1,5,2,2,4,3,2,3,1,2,2,0,12.0,satisfied
3983,Female,disloyal Customer,70,Business travel,Eco,4208,4,2,2,1,3,3,3,5,4,4,4,4,3,4,6,15.0,satisfied
3984,Female,Loyal Customer,80,Business travel,Business,1079,2,2,4,3,3,3,2,4,2,2,2,3,3,4,2,11.0,satisfied
3985,Female,Loyal Customer,27,Business travel,Business,3244,2,4,2,3,0,1,2,2,5,4,5,3,2,2,12,10.0,neutral or dissatisfied
3986,Male,Loyal Customer,14,Business travel,Business,3381,5,4,2,3,4,4,2,4,4,2,3,2,3,4,13,6.0,satisfied
3987,Male,Loyal Customer,33,Business travel,Eco,315,3,2,1,4,3,3,2,1,4,5,2,4,3,4,9,9.0,neutral or dissatisfied
3988,Male,Loyal Customer,74,Business travel,Eco,1453,4,4,4,2,3,2,4,3,4,4,2,3,3,4,8,8.0,satisfied
3989,Male,disloyal Customer,47,Personal Travel,Business,4555,4,4,2,1,2,2,3,3,2,3,2,2,4,3,11,10.0,satisfied
3990,Male,Loyal Customer,11,Business travel,Business,751,3,3,4,2,5,3,3,4,2,4,3,3,4,4,23,19.0,neutral or dissatisfied
3991,Female,Loyal Customer,16,Personal Travel,Business,1197,4,2,2,2,5,3,3,2,3,5,2,2,4,3,17,9.0,neutral or dissatisfied
3992,Female,Loyal Customer,33,Business travel,Eco Plus,455,5,4,3,3,3,4,1,2,4,2,3,3,5,4,23,28.0,satisfied
3993,Male,disloyal Customer,33,Personal Travel,Business,875,1,4,3,2,4,4,4,4,4,2,5,4,4,4,25,20.0,satisfied
3994,Male,disloyal Customer,17,Business travel,Eco,3207,3,4,1,1,3,2,1,4,5,3,3,3,2,3,5,11.0,neutral or dissatisfied
3995,Female,Loyal Customer,45,Business travel,Eco,4214,3,2,3,0,4,0,2,3,3,2,3,3,2,2,2,0.0,neutral or dissatisfied
3996,Male,Loyal Customer,44,Personal Travel,Eco,2994,3,2,3,3,2,3,3,5,3,1,3,4,5,3,13,13.0,neutral or dissatisfied
3997,Male,Loyal Customer,22,Business travel,Eco Plus,1458,4,3,4,2,0,4,4,3,3,1,3,2,3,2,10,1.0,neutral or dissatisfied
3998,Female,Loyal Customer,25,Business travel,Business,4300,3,4,2,1,2,3,3,4,2,3,4,3,3,2,42,45.0,neutral or dissatisfied
3999,Female,disloyal Customer,58,Personal Travel,Eco,1868,5,4,2,4,2,4,3,4,5,1,1,1,4,3,1,0.0,satisfied
4000,Female,Loyal Customer,81,Business travel,Business,1608,4,4,4,5,2,2,5,3,3,3,3,3,3,3,16,8.0,neutral or dissatisfied
